ISO-10303-21;
HEADER;
FILE_DESCRIPTION (( 'STEP AP214' ),
    '1' );
FILE_NAME ('CUI_DEVICES_SJ1-3533NS.step',
    '2024-04-23T20:18:38',
    ( '' ),
    ( '' ),
    'SwSTEP 2.0',
    'SolidWorks 2024',
    '' );
FILE_SCHEMA (( 'AUTOMOTIVE_DESIGN' ));
ENDSEC;

DATA;
#1 = ORIENTED_EDGE ( 'NONE', *, *, #794, .T. ) ;
#2 = ADVANCED_FACE ( 'NONE', ( #6253 ), #1423, .F. ) ;
#3 = PRODUCT_RELATED_PRODUCT_CATEGORY ( 'part', '', ( #825 ) ) ;
#4 = CARTESIAN_POINT ( 'NONE',  ( -0.5452702227724276485, 0.2342519685039300692, -0.3346456691804255978 ) ) ;
#5 = DIRECTION ( 'NONE',  ( 1.000000000000000000, -1.608082204351299748E-16, 1.929231152724250301E-14 ) ) ;
#6 = ORIENTED_EDGE ( 'NONE', *, *, #1431, .T. ) ;
#7 = DIRECTION ( 'NONE',  ( 0.000000000000000000, 0.000000000000000000, 1.000000000000000000 ) ) ;
#8 = CARTESIAN_POINT ( 'NONE',  ( -0.4074749471818813196, -0.03819412915421038779, 0.01041691232375571707 ) ) ;
#9 = DIRECTION ( 'NONE',  ( -0.9284766908852628564, 0.000000000000000000, 0.3713906763540949507 ) ) ;
#10 = PLANE ( 'NONE',  #6303 ) ;
#11 = ORIENTED_EDGE ( 'NONE', *, *, #8768, .T. ) ;
#12 = ORIENTED_EDGE ( 'NONE', *, *, #5209, .T. ) ;
#13 = DIRECTION ( 'NONE',  ( 0.9999999991463190963, 2.478176394376490087E-15, 4.132023649157585184E-05 ) ) ;
#14 = CARTESIAN_POINT ( 'NONE',  ( -0.5314827233659782380, 0.01181102361377308826, -0.04724409421259004316 ) ) ;
#15 = CARTESIAN_POINT ( 'NONE',  ( -0.1495942609242559007, 0.04133858268976527833, -0.2933132681331288572 ) ) ;
#16 = CARTESIAN_POINT ( 'NONE',  ( -0.3877899078117976184, 0.02165354330708013295, -0.3425196849284575795 ) ) ;
#17 = EDGE_CURVE ( 'NONE', #8603, #8139, #7046, .T. ) ;
#18 = VERTEX_POINT ( 'NONE', #3036 ) ;
#19 = EDGE_LOOP ( 'NONE', ( #9115, #1444, #5856, #5322, #2314, #4771, #423, #451, #6297 ) ) ;
#20 = LINE ( 'NONE', #10302, #7926 ) ;
#21 = CARTESIAN_POINT ( 'NONE',  ( -0.5531442385204589085, 0.2696028754788729609, -0.3405511809914502086 ) ) ;
#22 = EDGE_CURVE ( 'NONE', #8096, #4614, #6358, .T. ) ;
#23 = CARTESIAN_POINT ( 'NONE',  ( -0.05708124639447869492, 0.007874015748028716927, -0.3405511809914499310 ) ) ;
#24 = DIRECTION ( 'NONE',  ( -1.000000000000000000, 9.634711363903441210E-15, -1.929231152724350329E-14 ) ) ;
#25 = CARTESIAN_POINT ( 'NONE',  ( -0.4468450259220339005, 0.1555118110236194118, -0.3543307085505046361 ) ) ;
#26 = LINE ( 'NONE', #858, #1648 ) ;
#27 = LINE ( 'NONE', #10310, #5863 ) ;
#28 = ORIENTED_EDGE ( 'NONE', *, *, #5714, .T. ) ;
#29 = ADVANCED_FACE ( 'NONE', ( #8560 ), #10287, .T. ) ;
#30 = AXIS2_PLACEMENT_3D ( 'NONE', #2571, #2428, #1650 ) ;
#31 = EDGE_CURVE ( 'NONE', #7632, #1669, #3089, .T. ) ;
#32 = ORIENTED_EDGE ( 'NONE', *, *, #5432, .T. ) ;
#33 = CARTESIAN_POINT ( 'NONE',  ( -0.5511811018916714655, 0.02497537278566981309, -2.277493349287061455E-05 ) ) ;
#34 = ORIENTED_EDGE ( 'NONE', *, *, #5232, .T. ) ;
#35 = DIRECTION ( 'NONE',  ( 1.836940358395789878E-16, -1.000000000000000000, 7.590281007370150941E-21 ) ) ;
#36 = CARTESIAN_POINT ( 'NONE',  ( -0.4035379393078605825, 0.1070866141732248061, 0.001968504047920685909 ) ) ;
#37 = EDGE_CURVE ( 'NONE', #4975, #2879, #2252, .T. ) ;
#38 = DIRECTION ( 'NONE',  ( 1.000000000000000000, -1.355252715606880543E-15, 0.000000000000000000 ) ) ;
#39 = CARTESIAN_POINT ( 'NONE',  ( -0.5618298591314544455, 0.4942336660040143048, -0.01162486622061395872 ) ) ;
#40 = LINE ( 'NONE', #6388, #745 ) ;
#41 = LINE ( 'NONE', #6390, #7868 ) ;
#42 = EDGE_LOOP ( 'NONE', ( #2343, #3775, #7582, #1948 ) ) ;
#43 = EDGE_CURVE ( 'NONE', #6736, #2704, #6945, .T. ) ;
#44 = VECTOR ( 'NONE', #7693, 39.37007874015748854 ) ;
#45 = ORIENTED_EDGE ( 'NONE', *, *, #7290, .F. ) ;
#46 = DIRECTION ( 'NONE',  ( 1.000000000000000000, -2.982960006829620341E-15, -8.466415384531759054E-16 ) ) ;
#47 = PLANE ( 'NONE',  #1421 ) ;
#48 = EDGE_LOOP ( 'NONE', ( #1, #6629 ) ) ;
#49 = CARTESIAN_POINT ( 'NONE',  ( 0.01181639140080296795, 0.4717749884904407498, 0.01181102373296006453 ) ) ;
#50 = VECTOR ( 'NONE', #4150, 39.37007874015748143 ) ;
#51 = AXIS2_PLACEMENT_3D ( 'NONE', #4091, #3357, #3411 ) ;
#52 = DIRECTION ( 'NONE',  ( 0.9999999991463190963, 1.836940359963950201E-16, 4.132023648018220838E-05 ) ) ;
#53 = DIRECTION ( 'NONE',  ( 1.374288050388542048E-15, -4.397721761243334397E-15, -1.000000000000000000 ) ) ;
#54 = CARTESIAN_POINT ( 'NONE',  ( -0.003931640095258836544, 0.2436224456674896122, -0.3385826770544400621 ) ) ;
#55 = ORIENTED_EDGE ( 'NONE', *, *, #4928, .T. ) ;
#56 = EDGE_CURVE ( 'NONE', #9237, #6330, #8088, .T. ) ;
#57 = EDGE_CURVE ( 'NONE', #3678, #6541, #2985, .T. ) ;
#58 = VECTOR ( 'NONE', #6950, 39.37007874015748854 ) ;
#59 = VERTEX_POINT ( 'NONE', #1525 ) ;
#60 = VECTOR ( 'NONE', #4997, 39.37007874015748143 ) ;
#61 = ORIENTED_EDGE ( 'NONE', *, *, #1955, .F. ) ;
#62 = DIRECTION ( 'NONE',  ( 8.466415384531749193E-16, -9.958396954279598582E-17, 1.000000000000000000 ) ) ;
#63 = CARTESIAN_POINT ( 'NONE',  ( -0.3523976142253764654, -0.1003860585786368470, -0.05708176069420163590 ) ) ;
#64 = DIRECTION ( 'NONE',  ( -4.892451711081009382E-32, -1.000000000000000000, -7.832974272616329547E-17 ) ) ;
#65 = DIRECTION ( 'NONE',  ( -0.9999999991463190963, -1.836940359963920373E-16, -4.132023649192669967E-05 ) ) ;
#66 = AXIS2_PLACEMENT_3D ( 'NONE', #10084, #2991, #6159 ) ;
#67 = DIRECTION ( 'NONE',  ( 6.245969335281450904E-16, 0.000000000000000000, 1.000000000000000000 ) ) ;
#68 = CIRCLE ( 'NONE', #1230, 0.01552990469826761276 ) ;
#69 = ORIENTED_EDGE ( 'NONE', *, *, #5245, .T. ) ;
#70 = AXIS2_PLACEMENT_3D ( 'NONE', #224, #1735, #1834 ) ;
#71 = ORIENTED_EDGE ( 'NONE', *, *, #7805, .T. ) ;
#72 = DIRECTION ( 'NONE',  ( 0.000000000000000000, 0.2585594446245781941, 0.9659953486406804846 ) ) ;
#73 = FACE_OUTER_BOUND ( 'NONE', #1478, .T. ) ;
#74 = CARTESIAN_POINT ( 'NONE',  ( -0.05711185319896893570, -0.1096117967702594093, -0.3270588496554703850 ) ) ;
#75 = FACE_OUTER_BOUND ( 'NONE', #4639, .T. ) ;
#76 = DIRECTION ( 'NONE',  ( 0.000000000000000000, -2.559005805380499967E-16, 1.000000000000000000 ) ) ;
#77 = CARTESIAN_POINT ( 'NONE',  ( 0.01181639140080296795, 0.01968503937007875723, 0.01181102373296006453 ) ) ;
#78 = VERTEX_POINT ( 'NONE', #2198 ) ;
#79 = AXIS2_PLACEMENT_3D ( 'NONE', #10083, #5118, #4388 ) ;
#80 = EDGE_LOOP ( 'NONE', ( #1768, #6609, #3722, #2028, #2091, #5381, #9940, #9530 ) ) ;
#81 = EDGE_CURVE ( 'NONE', #4501, #5212, #2437, .T. ) ;
#82 = AXIS2_PLACEMENT_3D ( 'NONE', #1663, #4839, #4741 ) ;
#83 = FACE_OUTER_BOUND ( 'NONE', #6537, .T. ) ;
#84 = ORIENTED_EDGE ( 'NONE', *, *, #3582, .T. ) ;
#85 = DIRECTION ( 'NONE',  ( -0.9999999991463189852, 0.000000000000000000, -4.132023647999849710E-05 ) ) ;
#86 = DIRECTION ( 'NONE',  ( 1.098777426433149983E-15, -2.220446049250329844E-16, -1.000000000000000000 ) ) ;
#87 = LINE ( 'NONE', #2383, #6943 ) ;
#88 = CARTESIAN_POINT ( 'NONE',  ( -0.5649552621425060206, 0.4862204724409451839, -0.01022864639048043194 ) ) ;
#89 = ADVANCED_FACE ( 'NONE', ( #6995 ), #3870, .F. ) ;
#90 = CARTESIAN_POINT ( 'NONE',  ( -0.4074749471818813196, -0.03212048658943485180, 0.0002871963762553231009 ) ) ;
#91 = ADVANCED_FACE ( 'NONE', ( #590 ), #3819, .T. ) ;
#92 = PLANE ( 'NONE',  #545 ) ;
#93 = ORIENTED_EDGE ( 'NONE', *, *, #3395, .T. ) ;
#94 = ORIENTED_EDGE ( 'NONE', *, *, #5693, .F. ) ;
#95 = EDGE_CURVE ( 'NONE', #8001, #1021, #797, .T. ) ;
#96 = ORIENTED_EDGE ( 'NONE', *, *, #6002, .T. ) ;
#97 = ADVANCED_FACE ( 'NONE', ( #1367 ), #2411, .T. ) ;
#98 = ORIENTED_EDGE ( 'NONE', *, *, #3493, .T. ) ;
#99 = CARTESIAN_POINT ( 'NONE',  ( -0.5118089083698680319, 0.01377952755905360177, -0.05317075440973221406 ) ) ;
#100 = DIRECTION ( 'NONE',  ( 4.132023648018220838E-05, 1.946778533464020538E-16, -0.9999999991463190963 ) ) ;
#101 = ORIENTED_EDGE ( 'NONE', *, *, #5885, .F. ) ;
#102 = DIRECTION ( 'NONE',  ( -1.000000000000000000, 9.634711363903441210E-15, -1.929231152724350329E-14 ) ) ;
#103 = AXIS2_PLACEMENT_3D ( 'NONE', #5655, #4143, #7310 ) ;
#104 = ADVANCED_FACE ( 'NONE', ( #8763 ), #1672, .T. ) ;
#105 = CARTESIAN_POINT ( 'NONE',  ( -0.3956639235598288229, 0.1543307086614156831, -0.3405511809914499310 ) ) ;
#106 = DIRECTION ( 'NONE',  ( 2.982960006829620341E-15, 1.000000000000000000, 0.000000000000000000 ) ) ;
#107 = LINE ( 'NONE', #7436, #2802 ) ;
#108 = ORIENTED_EDGE ( 'NONE', *, *, #3827, .T. ) ;
#109 = VECTOR ( 'NONE', #1795, 39.37007874015748143 ) ;
#110 = VECTOR ( 'NONE', #10240, 39.37007874015748143 ) ;
#111 = ORIENTED_EDGE ( 'NONE', *, *, #2655, .F. ) ;
#112 = FACE_OUTER_BOUND ( 'NONE', #3368, .T. ) ;
#113 = EDGE_CURVE ( 'NONE', #6283, #3624, #4138, .T. ) ;
#114 = FACE_OUTER_BOUND ( 'NONE', #1023, .T. ) ;
#115 = DIRECTION ( 'NONE',  ( 1.000000000000000000, -9.634711363903441210E-15, 1.929231152724350329E-14 ) ) ;
#116 = AXIS2_PLACEMENT_3D ( 'NONE', #9131, #7614, #483 ) ;
#117 = DIRECTION ( 'NONE',  ( 1.098777426433149983E-15, -1.384004275438106301E-30, -1.000000000000000000 ) ) ;
#118 = VECTOR ( 'NONE', #248, 39.37007874015748143 ) ;
#119 = DIRECTION ( 'NONE',  ( 2.150054361609390458E-14, 0.5142350736279881485, -0.8576492809131350814 ) ) ;
#120 = VECTOR ( 'NONE', #5753, 39.37007874015748143 ) ;
#121 = EDGE_LOOP ( 'NONE', ( #519, #2640, #4906, #8547 ) ) ;
#122 = VERTEX_POINT ( 'NONE', #1823 ) ;
#123 = CARTESIAN_POINT ( 'NONE',  ( -0.5511677622877667604, 0.000000000000000000, -0.3228574203271863396 ) ) ;
#124 = DIRECTION ( 'NONE',  ( 1.098777426433149983E-15, -2.220446049250329844E-16, -1.000000000000000000 ) ) ;
#125 = CARTESIAN_POINT ( 'NONE',  ( -0.02558518263147976576, 0.2755905511811020947, -0.1299212597316068418 ) ) ;
#126 = DIRECTION ( 'NONE',  ( 1.000000000000000000, -1.259585646868319844E-15, 1.320822031358179910E-15 ) ) ;
#127 = CONICAL_SURFACE ( 'NONE', #4946, 0.1181102357165360328, 0.7853981633974730370 ) ;
#128 = FACE_OUTER_BOUND ( 'NONE', #5692, .T. ) ;
#129 = CARTESIAN_POINT ( 'NONE',  ( -0.05314423787833950225, 0.2755905511811020947, -0.1299233745468610646 ) ) ;
#130 = AXIS2_PLACEMENT_3D ( 'NONE', #5779, #3157, #4222 ) ;
#131 = ADVANCED_FACE ( 'NONE', ( #4123 ), #993, .T. ) ;
#132 = ORIENTED_EDGE ( 'NONE', *, *, #2060, .T. ) ;
#133 = ORIENTED_EDGE ( 'NONE', *, *, #4683, .F. ) ;
#134 = VECTOR ( 'NONE', #8552, 39.37007874015748143 ) ;
#135 = CARTESIAN_POINT ( 'NONE',  ( -0.3877899078117976184, 0.2224409448818800150, -0.3543307085505046361 ) ) ;
#136 = ORIENTED_EDGE ( 'NONE', *, *, #9287, .T. ) ;
#137 = LINE ( 'NONE', #9583, #1864 ) ;
#138 = LINE ( 'NONE', #6582, #7350 ) ;
#139 = DIRECTION ( 'NONE',  ( -0.3713906763540949507, -3.923298329116179467E-13, 0.9284766908852628564 ) ) ;
#140 = DIRECTION ( 'NONE',  ( 1.000000000000000000, 2.086055281271199913E-27, 1.929231152724250301E-14 ) ) ;
#141 = CARTESIAN_POINT ( 'NONE',  ( -0.4665300652921126612, -0.03819412915420765386, -0.3371885656452365265 ) ) ;
#142 = CARTESIAN_POINT ( 'NONE',  ( -0.5452702227724276485, 0.02165354330708013295, -0.3346456691804258754 ) ) ;
#143 = VERTEX_POINT ( 'NONE', #63 ) ;
#144 = VECTOR ( 'NONE', #7161, 39.37007874015748854 ) ;
#145 = ORIENTED_EDGE ( 'NONE', *, *, #6841, .F. ) ;
#146 = ORIENTED_EDGE ( 'NONE', *, *, #8642, .T. ) ;
#148 = VERTEX_POINT ( 'NONE', #6504 ) ;
#147 = EDGE_CURVE ( 'NONE', #9167, #5305, #1050, .T. ) ;
#149 = CARTESIAN_POINT ( 'NONE',  ( -2.853451492440723393E-16, 0.2821151087171995808, -0.2153724862874065449 ) ) ;
#150 = LINE ( 'NONE', #4935, #5896 ) ;
#151 = EDGE_LOOP ( 'NONE', ( #3306, #9333, #3152, #3442, #1344 ) ) ;
#152 = CARTESIAN_POINT ( 'NONE',  ( -2.731847993664263218E-16, 0.2421259842519683514, -0.3228346459448888650 ) ) ;
#153 = FACE_OUTER_BOUND ( 'NONE', #953, .T. ) ;
#154 = CARTESIAN_POINT ( 'NONE',  ( -0.08069532179117741566, 0.2716534914463908934, -0.1259873017308093812 ) ) ;
#155 = DIRECTION ( 'NONE',  ( 1.000000000000000000, -1.608082204351659665E-16, 1.578983857244669950E-15 ) ) ;
#156 = EDGE_CURVE ( 'NONE', #515, #5401, #4949, .T. ) ;
#157 = VERTEX_POINT ( 'NONE', #5777 ) ;
#158 = VERTEX_POINT ( 'NONE', #9661 ) ;
#159 = ADVANCED_FACE ( 'NONE', ( #5676 ), #7389, .T. ) ;
#160 = CARTESIAN_POINT ( 'NONE',  ( 0.01181639140080433317, 0.4862204724409451839, -0.3169291337473602033 ) ) ;
#161 = DIRECTION ( 'NONE',  ( 1.000000000000000000, -1.259585646868319844E-15, 0.000000000000000000 ) ) ;
#162 = CARTESIAN_POINT ( 'NONE',  ( 0.07284001377324611504, 0.1574803154645666170, -0.1299212597316068418 ) ) ;
#163 = DIRECTION ( 'NONE',  ( -1.098777426433149983E-15, 2.220446049250329844E-16, 1.000000000000000000 ) ) ;
#164 = EDGE_CURVE ( 'NONE', #2022, #643, #7338, .T. ) ;
#165 = EDGE_CURVE ( 'NONE', #5085, #5431, #3290, .T. ) ;
#166 = VERTEX_POINT ( 'NONE', #8911 ) ;
#167 = EDGE_LOOP ( 'NONE', ( #6698, #246, #3653, #692 ) ) ;
#168 = CARTESIAN_POINT ( 'NONE',  ( -0.4665300652921126612, -0.03212048658943458118, 0.0002871963762553231009 ) ) ;
#169 = DIRECTION ( 'NONE',  ( 1.000000000000000000, -9.634711363903441210E-15, 1.929231152724350329E-14 ) ) ;
#170 = CARTESIAN_POINT ( 'NONE',  ( -0.006884396000772508017, 0.4862204724409451839, -0.001968503826094902039 ) ) ;
#171 = DIRECTION ( 'NONE',  ( 9.330975614940841759E-16, -1.000000000000000000, 0.000000000000000000 ) ) ;
#172 = CARTESIAN_POINT ( 'NONE',  ( -0.03935673911401060820, 0.4803149606216534084, -8.129770850393779051E-07 ) ) ;
#173 = FACE_OUTER_BOUND ( 'NONE', #7718, .T. ) ;
#174 = ORIENTED_EDGE ( 'NONE', *, *, #3628, .T. ) ;
#175 = EDGE_CURVE ( 'NONE', #9045, #596, #4220, .T. ) ;
#176 = ADVANCED_FACE ( 'NONE', ( #9611 ), #208, .F. ) ;
#177 = ADVANCED_FACE ( 'NONE', ( #4803 ), #3383, .T. ) ;
#178 = VERTEX_POINT ( 'NONE', #4996 ) ;
#179 = VECTOR ( 'NONE', #9585, 39.37007874015748143 ) ;
#180 = CARTESIAN_POINT ( 'NONE',  ( -0.5452702227724276485, 0.2342519685039273214, 0.01574803160697565291 ) ) ;
#181 = ORIENTED_EDGE ( 'NONE', *, *, #1692, .T. ) ;
#182 = LINE ( 'NONE', #4297, #6927 ) ;
#183 = CARTESIAN_POINT ( 'NONE',  ( -0.1496015814385955323, 0.01968503937007875723, -0.1161479139536627792 ) ) ;
#184 = CARTESIAN_POINT ( 'NONE',  ( -0.003931640095258836544, 0.01968503937007875723, -0.3385826770544400621 ) ) ;
#185 = CARTESIAN_POINT ( 'NONE',  ( -0.4664142756647704502, -0.1114812042603220421, 0.001408068143278782668 ) ) ;
#186 = FACE_OUTER_BOUND ( 'NONE', #8071, .T. ) ;
#187 = LINE ( 'NONE', #3362, #7042 ) ;
#188 = EDGE_LOOP ( 'NONE', ( #10204, #8790 ) ) ;
#189 = VECTOR ( 'NONE', #9705, 39.37007874015748143 ) ;
#190 = ORIENTED_EDGE ( 'NONE', *, *, #2766, .F. ) ;
#191 = ORIENTED_EDGE ( 'NONE', *, *, #8173, .T. ) ;
#192 = LINE ( 'NONE', #8220, #6215 ) ;
#193 = ORIENTED_EDGE ( 'NONE', *, *, #7919, .T. ) ;
#194 = DIRECTION ( 'NONE',  ( 1.608082204351659665E-16, 1.000000000000000000, 0.000000000000000000 ) ) ;
#195 = VECTOR ( 'NONE', #8493, 39.37007874015748143 ) ;
#196 = ORIENTED_EDGE ( 'NONE', *, *, #4217, .F. ) ;
#197 = DIRECTION ( 'NONE',  ( 1.320822031358179910E-15, -2.220446049250329844E-16, -1.000000000000000000 ) ) ;
#198 = CARTESIAN_POINT ( 'NONE',  ( -0.4665300652921126612, 0.007874015748028716927, 0.01377952766996799576 ) ) ;
#199 = DIRECTION ( 'NONE',  ( -0.9284766908852635225, 0.000000000000000000, -0.3713906763540928413 ) ) ;
#200 = LINE ( 'NONE', #303, #1486 ) ;
#201 = ORIENTED_EDGE ( 'NONE', *, *, #6578, .F. ) ;
#202 = AXIS2_PLACEMENT_3D ( 'NONE', #1695, #1553, #774 ) ;
#203 = ORIENTED_EDGE ( 'NONE', *, *, #1465, .F. ) ;
#204 = VECTOR ( 'NONE', #9275, 39.37007874015748143 ) ;
#205 = EDGE_CURVE ( 'NONE', #9427, #7837, #1042, .T. ) ;
#206 = AXIS2_PLACEMENT_3D ( 'NONE', #2588, #8166, #1811 ) ;
#207 = LINE ( 'NONE', #5776, #6501 ) ;
#208 = CYLINDRICAL_SURFACE ( 'NONE', #8759, 0.007874015748031516770 ) ;
#209 = DIRECTION ( 'NONE',  ( -1.000000000000000000, -6.123638448986479919E-17, 6.245969335281450904E-16 ) ) ;
#210 = FACE_OUTER_BOUND ( 'NONE', #1880, .T. ) ;
#211 = DIRECTION ( 'NONE',  ( 0.9999999991463189852, 1.858635038612294734E-16, 4.132023652827664426E-05 ) ) ;
#212 = EDGE_CURVE ( 'NONE', #3317, #1164, #844, .T. ) ;
#213 = ADVANCED_FACE ( 'NONE', ( #114 ), #4373, .T. ) ;
#214 = AXIS2_PLACEMENT_3D ( 'NONE', #7163, #3941, #9575 ) ;
#215 = AXIS2_PLACEMENT_3D ( 'NONE', #5593, #5737, #4134 ) ;
#216 = VERTEX_POINT ( 'NONE', #2810 ) ;
#217 = ADVANCED_FACE ( 'NONE', ( #1981 ), #3539, .F. ) ;
#218 = AXIS2_PLACEMENT_3D ( 'NONE', #8405, #1325, #538 ) ;
#219 = CIRCLE ( 'NONE', #7535, 0.007874015748031516770 ) ;
#220 = ORIENTED_EDGE ( 'NONE', *, *, #5513, .F. ) ;
#221 = LINE ( 'NONE', #9076, #6586 ) ;
#222 = FACE_OUTER_BOUND ( 'NONE', #9941, .T. ) ;
#223 = EDGE_CURVE ( 'NONE', #6710, #2507, #9404, .T. ) ;
#224 = CARTESIAN_POINT ( 'NONE',  ( -0.5452702227724276485, 0.2279393153421851170, 0.007874015858944203791 ) ) ;
#225 = CARTESIAN_POINT ( 'NONE',  ( -0.3503889014928988632, 0.01968503937007875723, -0.1161562105332166472 ) ) ;
#226 = DIRECTION ( 'NONE',  ( 1.951563910473907350E-14, 2.710505431213759902E-15, -1.000000000000000000 ) ) ;
#227 = ORIENTED_EDGE ( 'NONE', *, *, #3287, .T. ) ;
#228 = AXIS2_PLACEMENT_3D ( 'NONE', #5754, #5802, #4095 ) ;
#229 = VERTEX_POINT ( 'NONE', #7444 ) ;
#230 = LINE ( 'NONE', #6478, #4026 ) ;
#231 = ORIENTED_EDGE ( 'NONE', *, *, #2255, .T. ) ;
#232 = DIRECTION ( 'NONE',  ( -1.325883131150384251E-14, -0.8576492802205091248, 0.5142350747831601065 ) ) ;
#233 = CARTESIAN_POINT ( 'NONE',  ( -0.1161363645047152615, -0.02604684405930024135, -0.3169291337473482129 ) ) ;
#234 = EDGE_CURVE ( 'NONE', #9629, #3188, #5828, .T. ) ;
#235 = CARTESIAN_POINT ( 'NONE',  ( -0.4507820337960491974, 0.1070866141732256249, 0.01377952766996799576 ) ) ;
#236 = FACE_OUTER_BOUND ( 'NONE', #3923, .T. ) ;
#237 = DIRECTION ( 'NONE',  ( 4.132023648018731091E-05, 0.000000000000000000, -0.9999999991463189852 ) ) ;
#238 = FACE_OUTER_BOUND ( 'NONE', #3844, .T. ) ;
#239 = ORIENTED_EDGE ( 'NONE', *, *, #2623, .T. ) ;
#240 = EDGE_LOOP ( 'NONE', ( #7717, #8670, #7360, #2841, #9499, #5734, #6, #4791 ) ) ;
#241 = CIRCLE ( 'NONE', #79, 0.01181102362204724046 ) ;
#242 = ORIENTED_EDGE ( 'NONE', *, *, #7399, .F. ) ;
#243 = CARTESIAN_POINT ( 'NONE',  ( -0.04723872670943385366, 0.03149606299212852345, -0.3425196849284575795 ) ) ;
#244 = ORIENTED_EDGE ( 'NONE', *, *, #9132, .T. ) ;
#245 = DIRECTION ( 'NONE',  ( 1.000000000000000000, 7.228014483236695569E-16, 1.084202172485504237E-15 ) ) ;
#246 = ORIENTED_EDGE ( 'NONE', *, *, #277, .T. ) ;
#247 = DIRECTION ( 'NONE',  ( 4.132023647996297593E-05, 0.000000000000000000, -0.9999999991463189852 ) ) ;
#248 = DIRECTION ( 'NONE',  ( 1.000000000000000000, -1.105633362946382197E-14, 1.843992577158445299E-14 ) ) ;
#249 = DIRECTION ( 'NONE',  ( -4.892451711081009382E-32, -1.000000000000000000, -7.832974272616329547E-17 ) ) ;
#250 = LINE ( 'NONE', #936, #974 ) ;
#251 = ORIENTED_EDGE ( 'NONE', *, *, #9272, .F. ) ;
#252 = ADVANCED_FACE ( 'NONE', ( #9231 ), #9067, .T. ) ;
#253 = ORIENTED_EDGE ( 'NONE', *, *, #5057, .T. ) ;
#254 = ORIENTED_EDGE ( 'NONE', *, *, #9481, .T. ) ;
#255 = DIRECTION ( 'NONE',  ( 0.000000000000000000, 1.000000000000000000, 0.000000000000000000 ) ) ;
#256 = CARTESIAN_POINT ( 'NONE',  ( 6.669801951282550768E-06, 0.000000000000000000, -0.1614173226968466102 ) ) ;
#257 = FACE_OUTER_BOUND ( 'NONE', #7790, .T. ) ;
#258 = DIRECTION ( 'NONE',  ( 2.796841973281160348E-31, 2.220446049250309876E-16, 1.000000000000000000 ) ) ;
#259 = DIRECTION ( 'NONE',  ( 0.000000000000000000, -1.000000000000000000, -7.812564189785108689E-16 ) ) ;
#260 = VECTOR ( 'NONE', #8673, 39.37007874015748143 ) ;
#261 = VERTEX_POINT ( 'NONE', #8235 ) ;
#262 = ADVANCED_FACE ( 'NONE', ( #6819 ), #1253, .F. ) ;
#263 = AXIS2_PLACEMENT_3D ( 'NONE', #9509, #2307, #5531 ) ;
#264 = AXIS2_PLACEMENT_3D ( 'NONE', #3976, #2356, #5530 ) ;
#265 = ORIENTED_EDGE ( 'NONE', *, *, #2502, .T. ) ;
#266 = DIRECTION ( 'NONE',  ( 2.078086771331134541E-15, -0.8576492809131087691, -0.5142350736280317802 ) ) ;
#267 = CARTESIAN_POINT ( 'NONE',  ( -0.1161363645047149701, -0.02604684404438653567, -0.3169291337473506553 ) ) ;
#268 = LINE ( 'NONE', #1941, #4628 ) ;
#269 = DIRECTION ( 'NONE',  ( 1.000000000000000000, 0.000000000000000000, 0.000000000000000000 ) ) ;
#270 = DIRECTION ( 'NONE',  ( -1.000000000000000000, 3.035766082959409654E-15, 0.000000000000000000 ) ) ;
#271 = DIRECTION ( 'NONE',  ( 0.000000000000000000, 0.000000000000000000, 1.000000000000000000 ) ) ;
#272 = ORIENTED_EDGE ( 'NONE', *, *, #4641, .T. ) ;
#273 = EDGE_CURVE ( 'NONE', #4657, #5143, #1872, .T. ) ;
#274 = CIRCLE ( 'NONE', #453, 0.01181102362204724567 ) ;
#275 = AXIS2_PLACEMENT_3D ( 'NONE', #8806, #4015, #2493 ) ;
#276 = ORIENTED_EDGE ( 'NONE', *, *, #481, .F. ) ;
#277 = EDGE_CURVE ( 'NONE', #5775, #9597, #4481, .T. ) ;
#278 = CARTESIAN_POINT ( 'NONE',  ( -0.006884396000772508017, 0.4862204724409451839, -0.3248031494954345400 ) ) ;
#279 = VERTEX_POINT ( 'NONE', #9963 ) ;
#280 = CARTESIAN_POINT ( 'NONE',  ( -0.4074749471818763791, 0.2696028754788729609, -0.3405511809914502086 ) ) ;
#281 = VECTOR ( 'NONE', #8144, 39.37007874015748143 ) ;
#282 = CARTESIAN_POINT ( 'NONE',  ( -0.1023488650982646714, 0.1515748031413348407, -0.01574803122046315382 ) ) ;
#283 = VECTOR ( 'NONE', #7961, 39.37007874015748854 ) ;
#284 = CARTESIAN_POINT ( 'NONE',  ( -0.4074749471818763791, -0.02604684404438298642, -0.3169291337473493231 ) ) ;
#285 = DIRECTION ( 'NONE',  ( -1.000000000000000000, 1.355252715606880543E-15, 0.000000000000000000 ) ) ;
#286 = DIRECTION ( 'NONE',  ( 4.078893220340669608E-32, -2.220446049250309876E-16, -1.000000000000000000 ) ) ;
#287 = DIRECTION ( 'NONE',  ( -2.796841973281160348E-31, -2.220446049250309876E-16, -1.000000000000000000 ) ) ;
#288 = ORIENTED_EDGE ( 'NONE', *, *, #481, .T. ) ;
#289 = ADVANCED_FACE ( 'NONE', ( #5051 ), #1094, .T. ) ;
#290 = AXIS2_PLACEMENT_3D ( 'NONE', #4032, #7064, #2511 ) ;
#292 = ORIENTED_EDGE ( 'NONE', *, *, #9143, .T. ) ;
#291 = EDGE_CURVE ( 'NONE', #7579, #6472, #5931, .T. ) ;
#293 = VERTEX_POINT ( 'NONE', #1147 ) ;
#294 = CARTESIAN_POINT ( 'NONE',  ( -2.842910023549106786E-16, 0.2979313492735414792, -0.2126678107435190368 ) ) ;
#295 = VERTEX_POINT ( 'NONE', #4326 ) ;
#296 = DIRECTION ( 'NONE',  ( -8.466415384531749193E-16, 9.958396954279598582E-17, -1.000000000000000000 ) ) ;
#297 = ORIENTED_EDGE ( 'NONE', *, *, #2510, .T. ) ;
#298 = LINE ( 'NONE', #8953, #1824 ) ;
#299 = CYLINDRICAL_SURFACE ( 'NONE', #6098, 0.007874015748031516770 ) ;
#300 = CARTESIAN_POINT ( 'NONE',  ( -0.4665300652921126612, -0.1156854393858063462, -0.3169291337473547632 ) ) ;
#301 = AXIS2_PLACEMENT_3D ( 'NONE', #3645, #1255, #4426 ) ;
#302 = PLANE ( 'NONE',  #5385 ) ;
#303 = CARTESIAN_POINT ( 'NONE',  ( -0.3759788841897500622, 0.2224409448818800150, -0.3543307085505046361 ) ) ;
#304 = ORIENTED_EDGE ( 'NONE', *, *, #6590, .F. ) ;
#305 = EDGE_CURVE ( 'NONE', #4810, #10159, #7495, .T. ) ;
#307 = ORIENTED_EDGE ( 'NONE', *, *, #7400, .F. ) ;
#306 = EDGE_CURVE ( 'NONE', #1597, #539, #5262, .T. ) ;
#308 = AXIS2_PLACEMENT_3D ( 'NONE', #9114, #3746, #8432 ) ;
#309 = ORIENTED_EDGE ( 'NONE', *, *, #205, .F. ) ;
#310 = VERTEX_POINT ( 'NONE', #5205 ) ;
#311 = CARTESIAN_POINT ( 'NONE',  ( -0.5255772115549546264, 0.01181102361377172304, 2.755997529928255166E-10 ) ) ;
#312 = EDGE_CURVE ( 'NONE', #7660, #5278, #1196, .T. ) ;
#313 = DIRECTION ( 'NONE',  ( -1.000000000000000000, -2.669637467189900051E-16, -5.551115123125779621E-17 ) ) ;
#314 = DIRECTION ( 'NONE',  ( -0.000000000000000000, -1.000000000000000000, -0.000000000000000000 ) ) ;
#315 = CARTESIAN_POINT ( 'NONE',  ( -0.03936812663661882344, 0.01968503937007875723, -0.04724409421258948805 ) ) ;
#316 = DIRECTION ( 'NONE',  ( -4.132023651299310024E-05, -2.574980159721760136E-16, 0.9999999991463189852 ) ) ;
#317 = CIRCLE ( 'NONE', #3478, 0.1181102357165354499 ) ;
#318 = ORIENTED_EDGE ( 'NONE', *, *, #4187, .T. ) ;
#319 = EDGE_LOOP ( 'NONE', ( #3007, #3469, #9156, #1081, #7343, #2035, #8277, #702, #6281, #1144, #10248, #5884, #3638, #380, #9142, #833, #4891, #6887 ) ) ;
#320 = ORIENTED_EDGE ( 'NONE', *, *, #769, .F. ) ;
#321 = FACE_OUTER_BOUND ( 'NONE', #9205, .T. ) ;
#322 = CARTESIAN_POINT ( 'NONE',  ( -0.4035379393078605825, 0.1070866141732248061, -0.3405511809914499310 ) ) ;
#323 = DIRECTION ( 'NONE',  ( -8.466415384531749193E-16, 9.958396954279598582E-17, -1.000000000000000000 ) ) ;
#324 = CARTESIAN_POINT ( 'NONE',  ( -0.05708124639447869492, -0.07086614183904502151, -0.3405511809914324450 ) ) ;
#325 = CARTESIAN_POINT ( 'NONE',  ( -0.1161363645047149701, 0.4822834645669287768, -0.3287401573694520573 ) ) ;
#326 = PLANE ( 'NONE',  #6870 ) ;
#327 = ORIENTED_EDGE ( 'NONE', *, *, #1156, .T. ) ;
#328 = AXIS2_PLACEMENT_3D ( 'NONE', #2590, #4259, #5767 ) ;
#329 = EDGE_LOOP ( 'NONE', ( #6102, #1271, #466, #6040 ) ) ;
#330 = EDGE_CURVE ( 'NONE', #9996, #6874, #9086, .T. ) ;
#331 = LINE ( 'NONE', #2728, #3032 ) ;
#332 = ORIENTED_EDGE ( 'NONE', *, *, #2204, .F. ) ;
#333 = CARTESIAN_POINT ( 'NONE',  ( -0.5527505377330569347, 0.2480314960629948773, -0.3287401573694028745 ) ) ;
#334 = DIRECTION ( 'NONE',  ( 2.220446049247779851E-16, -3.552713678803200411E-15, -1.000000000000000000 ) ) ;
#335 = DIRECTION ( 'NONE',  ( 8.272121668177920088E-28, -2.323290369719684552E-16, -1.000000000000000000 ) ) ;
#336 = DIRECTION ( 'NONE',  ( 1.000000000000000000, -1.259585646868319844E-15, 0.000000000000000000 ) ) ;
#337 = CARTESIAN_POINT ( 'NONE',  ( -0.5157346918699158289, 0.2834645669208628593, 2.755989334384274202E-10 ) ) ;
#338 = DIRECTION ( 'NONE',  ( -1.578983857244669950E-15, 0.000000000000000000, 1.000000000000000000 ) ) ;
#339 = ORIENTED_EDGE ( 'NONE', *, *, #989, .F. ) ;
#340 = EDGE_CURVE ( 'NONE', #7394, #3897, #9269, .T. ) ;
#341 = EDGE_CURVE ( 'NONE', #1300, #9696, #2860, .T. ) ;
#342 = ORIENTED_EDGE ( 'NONE', *, *, #2581, .T. ) ;
#343 = VERTEX_POINT ( 'NONE', #3696 ) ;
#344 = ADVANCED_FACE ( 'NONE', ( #8655 ), #5313, .T. ) ;
#345 = DIRECTION ( 'NONE',  ( 0.9284766908852637446, 0.000000000000000000, -0.3713906763540927858 ) ) ;
#346 = ORIENTED_EDGE ( 'NONE', *, *, #7549, .T. ) ;
#347 = LINE ( 'NONE', #2641, #8189 ) ;
#348 = ORIENTED_EDGE ( 'NONE', *, *, #3987, .F. ) ;
#349 = FACE_BOUND ( 'NONE', #4714, .T. ) ;
#350 = LINE ( 'NONE', #4359, #943 ) ;
#351 = LINE ( 'NONE', #2072, #946 ) ;
#352 = AXIS2_PLACEMENT_3D ( 'NONE', #3116, #9487, #5506 ) ;
#353 = DIRECTION ( 'NONE',  ( -1.259585646868319844E-15, -1.000000000000000000, -0.000000000000000000 ) ) ;
#354 = ADVANCED_FACE ( 'NONE', ( #7920 ), #4533, .F. ) ;
#355 = CARTESIAN_POINT ( 'NONE',  ( -0.3877899078117976184, 0.02165354330708013295, -0.3543307085505046361 ) ) ;
#356 = ORIENTED_EDGE ( 'NONE', *, *, #7467, .T. ) ;
#357 = ORIENTED_EDGE ( 'NONE', *, *, #3150, .T. ) ;
#358 = AXIS2_PLACEMENT_3D ( 'NONE', #3237, #6408, #2456 ) ;
#359 = VERTEX_POINT ( 'NONE', #6988 ) ;
#360 = CARTESIAN_POINT ( 'NONE',  ( -0.2755905509458358438, 1.466701869318406154E-11, -1.138746674602552967E-05 ) ) ;
#361 = DIRECTION ( 'NONE',  ( 4.078893220340669608E-32, -2.220446049250309876E-16, -1.000000000000000000 ) ) ;
#362 = EDGE_CURVE ( 'NONE', #952, #900, #10175, .T. ) ;
#363 = DIRECTION ( 'NONE',  ( 1.000000000000000000, 0.000000000000000000, 1.559456281198720078E-15 ) ) ;
#364 = ADVANCED_FACE ( 'NONE', ( #7711 ), #6193, .F. ) ;
#365 = CARTESIAN_POINT ( 'NONE',  ( -0.5531442227724102656, 0.03147379189161772506, 0.007892200134845437157 ) ) ;
#366 = ORIENTED_EDGE ( 'NONE', *, *, #9636, .F. ) ;
#367 = EDGE_CURVE ( 'NONE', #1587, #3350, #787, .T. ) ;
#368 = AXIS2_PLACEMENT_3D ( 'NONE', #3280, #3428, #106 ) ;
#369 = AXIS2_PLACEMENT_3D ( 'NONE', #4045, #7075, #5505 ) ;
#370 = ORIENTED_EDGE ( 'NONE', *, *, #9711, .F. ) ;
#371 = ORIENTED_EDGE ( 'NONE', *, *, #1799, .T. ) ;
#372 = DIRECTION ( 'NONE',  ( 0.9999999991463189852, 0.000000000000000000, 4.132023649128439797E-05 ) ) ;
#373 = FACE_OUTER_BOUND ( 'NONE', #3495, .T. ) ;
#374 = AXIS2_PLACEMENT_3D ( 'NONE', #142, #7175, #6486 ) ;
#375 = DIRECTION ( 'NONE',  ( 0.9999999991463189852, 0.000000000000000000, 4.132023648018220161E-05 ) ) ;
#376 = CIRCLE ( 'NONE', #1037, 0.04527559055118110520 ) ;
#377 = CARTESIAN_POINT ( 'NONE',  ( -0.5531442385204589085, 0.4803560425762102848, 0.0009842520794018320279 ) ) ;
#378 = DIRECTION ( 'NONE',  ( 3.082923035651750454E-21, -1.000000000000000000, 1.273871089915132166E-25 ) ) ;
#379 = PLANE ( 'NONE',  #8712 ) ;
#380 = ORIENTED_EDGE ( 'NONE', *, *, #7491, .T. ) ;
#381 = EDGE_CURVE ( 'NONE', #9995, #7607, #4592, .T. ) ;
#382 = ORIENTED_EDGE ( 'NONE', *, *, #8134, .F. ) ;
#383 = VECTOR ( 'NONE', #4865, 39.37007874015748854 ) ;
#384 = AXIS2_PLACEMENT_3D ( 'NONE', #1155, #7505, #2665 ) ;
#385 = DIRECTION ( 'NONE',  ( 1.000000000000000000, -1.241154504388520031E-14, 0.000000000000000000 ) ) ;
#386 = VERTEX_POINT ( 'NONE', #739 ) ;
#387 = PLANE ( 'NONE',  #8357 ) ;
#388 = DIRECTION ( 'NONE',  ( -1.007327574855612129E-30, 1.000000000000000000, 6.459479416000690079E-16 ) ) ;
#389 = FACE_OUTER_BOUND ( 'NONE', #3146, .T. ) ;
#390 = FACE_OUTER_BOUND ( 'NONE', #4642, .T. ) ;
#391 = PLANE ( 'NONE',  #2716 ) ;
#392 = DIRECTION ( 'NONE',  ( 4.132023648017469351E-05, 1.175469026491895446E-16, -0.9999999991463190963 ) ) ;
#393 = VECTOR ( 'NONE', #4690, 39.37007874015748854 ) ;
#394 = ORIENTED_EDGE ( 'NONE', *, *, #4739, .F. ) ;
#395 = VECTOR ( 'NONE', #7743, 39.37007874015748143 ) ;
#396 = AXIS2_PLACEMENT_3D ( 'NONE', #9802, #6451, #6403 ) ;
#397 = ORIENTED_EDGE ( 'NONE', *, *, #5501, .T. ) ;
#398 = EDGE_LOOP ( 'NONE', ( #8959, #3795, #6850, #9975, #9515 ) ) ;
#399 = AXIS2_PLACEMENT_3D ( 'NONE', #554, #3727, #9367 ) ;
#400 = CARTESIAN_POINT ( 'NONE',  ( -0.5649552621425060206, 0.2342519685039300692, -0.3267716534323946709 ) ) ;
#401 = ORIENTED_EDGE ( 'NONE', *, *, #9584, .T. ) ;
#402 = EDGE_CURVE ( 'NONE', #2302, #3641, #2761, .T. ) ;
#403 = DIRECTION ( 'NONE',  ( 4.078893220340669608E-32, -2.220446049250309876E-16, -1.000000000000000000 ) ) ;
#404 = EDGE_CURVE ( 'NONE', #3693, #9593, #5427, .T. ) ;
#405 = CARTESIAN_POINT ( 'NONE',  ( -0.1023628553702804894, 0.1338582677258846609, -0.005909741454971320640 ) ) ;
#406 = CARTESIAN_POINT ( 'NONE',  ( -0.003847934001294459668, 0.4705561470388482936, -0.3425196849284577461 ) ) ;
#407 = CARTESIAN_POINT ( 'NONE',  ( -0.5374758135490458333, 0.01968503937007903132, -0.002114173117433575458 ) ) ;
#408 = LINE ( 'NONE', #9898, #1883 ) ;
#409 = CARTESIAN_POINT ( 'NONE',  ( -0.4271520147045647642, 0.09055118109409331095, -0.01970781430357135613 ) ) ;
#410 = VERTEX_POINT ( 'NONE', #5522 ) ;
#411 = EDGE_CURVE ( 'NONE', #3614, #18, #4648, .T. ) ;
#412 = ADVANCED_FACE ( 'NONE', ( #8495 ), #7822, .T. ) ;
#413 = AXIS2_PLACEMENT_3D ( 'NONE', #8722, #8617, #10139 ) ;
#414 = ORIENTED_EDGE ( 'NONE', *, *, #5681, .F. ) ;
#415 = EDGE_CURVE ( 'NONE', #2332, #4975, #6759, .T. ) ;
#416 = PLANE ( 'NONE',  #3403 ) ;
#417 = VERTEX_POINT ( 'NONE', #7035 ) ;
#418 = DIRECTION ( 'NONE',  ( 0.000000000000000000, -1.000000000000000000, 2.258754526011467242E-16 ) ) ;
#419 = CARTESIAN_POINT ( 'NONE',  ( -0.05708124639447869492, -0.03819412915421638993, -0.3371885656452346947 ) ) ;
#420 = CARTESIAN_POINT ( 'NONE',  ( -0.5531442385204589085, 0.4980314960629916299, -0.3165430069310066763 ) ) ;
#421 = CARTESIAN_POINT ( 'NONE',  ( -0.4586560495440809571, 0.1149606299212581617, -0.3405511809914499310 ) ) ;
#422 = ORIENTED_EDGE ( 'NONE', *, *, #5588, .T. ) ;
#423 = ORIENTED_EDGE ( 'NONE', *, *, #7366, .F. ) ;
#424 = ORIENTED_EDGE ( 'NONE', *, *, #9542, .T. ) ;
#425 = EDGE_CURVE ( 'NONE', #5814, #4384, #6147, .T. ) ;
#426 = ORIENTED_EDGE ( 'NONE', *, *, #8248, .F. ) ;
#427 = PLANE ( 'NONE',  #4434 ) ;
#428 = PLANE ( 'NONE',  #6208 ) ;
#429 = CARTESIAN_POINT ( 'NONE',  ( -0.4665300652921126612, 0.007874015748028716927, 0.001968504047920685909 ) ) ;
#430 = LINE ( 'NONE', #5949, #2415 ) ;
#431 = DIRECTION ( 'NONE',  ( -1.000000000000000000, 0.000000000000000000, -1.734723475976807726E-14 ) ) ;
#432 = LINE ( 'NONE', #9027, #2040 ) ;
#433 = EDGE_LOOP ( 'NONE', ( #8331, #7599, #2496, #3701 ) ) ;
#435 = ADVANCED_FACE ( 'NONE', ( #3080 ), #9340, .T. ) ;
#434 = VECTOR ( 'NONE', #6466, 39.37007874015748143 ) ;
#436 = AXIS2_PLACEMENT_3D ( 'NONE', #6557, #8029, #7192 ) ;
#437 = ORIENTED_EDGE ( 'NONE', *, *, #1314, .F. ) ;
#438 = UNCERTAINTY_MEASURE_WITH_UNIT (LENGTH_MEASURE( 1.000000000000000082E-05 ), #7668, 'distance_accuracy_value', 'NONE');
#439 = LINE ( 'NONE', #3613, #4180 ) ;
#440 = ORIENTED_EDGE ( 'NONE', *, *, #8369, .F. ) ;
#441 = CARTESIAN_POINT ( 'NONE',  ( -0.1161363645047149701, -0.1082677165354372639, -0.3393563159933618012 ) ) ;
#442 = CARTESIAN_POINT ( 'NONE',  ( -0.5531442385204589085, 0.4862204724409451839, -0.3405511809914502086 ) ) ;
#443 = DIRECTION ( 'NONE',  ( -4.132023649070880181E-05, 0.000000000000000000, 0.9999999991463189852 ) ) ;
#444 = LINE ( 'NONE', #3620, #120 ) ;
#445 = PLANE ( 'NONE',  #3388 ) ;
#446 = AXIS2_PLACEMENT_3D ( 'NONE', #5816, #9000, #1970 ) ;
#447 = PLANE ( 'NONE',  #5196 ) ;
#448 = VECTOR ( 'NONE', #9698, 39.37007874015748854 ) ;
#449 = ORIENTED_EDGE ( 'NONE', *, *, #5185, .F. ) ;
#450 = ORIENTED_EDGE ( 'NONE', *, *, #8393, .T. ) ;
#451 = ORIENTED_EDGE ( 'NONE', *, *, #6095, .F. ) ;
#452 = ORIENTED_EDGE ( 'NONE', *, *, #1176, .T. ) ;
#453 = AXIS2_PLACEMENT_3D ( 'NONE', #6583, #3465, #1125 ) ;
#454 = CARTESIAN_POINT ( 'NONE',  ( -0.5157346918699158289, 0.2585301837187601315, 2.755989334384274202E-10 ) ) ;
#455 = ORIENTED_EDGE ( 'NONE', *, *, #341, .F. ) ;
#456 = DIRECTION ( 'NONE',  ( 0.9999996593176145865, 0.000000000000000000, 0.0008254481537891595775 ) ) ;
#457 = CARTESIAN_POINT ( 'NONE',  ( -0.1023488650982668502, 0.1515748031413331753, -0.01574803122046369158 ) ) ;
#458 = FACE_OUTER_BOUND ( 'NONE', #7378, .T. ) ;
#459 = CARTESIAN_POINT ( 'NONE',  ( -0.4114119550558916760, 0.1555118110236194118, 0.01574803160697565291 ) ) ;
#460 = CARTESIAN_POINT ( 'NONE',  ( -0.5531442227724102656, 0.03147379189161667729, -0.3346638534563259881 ) ) ;
#461 = LINE ( 'NONE', #3637, #4958 ) ;
#462 = VERTEX_POINT ( 'NONE', #1415 ) ;
#463 = AXIS2_PLACEMENT_3D ( 'NONE', #4670, #8043, #4765 ) ;
#464 = VECTOR ( 'NONE', #8183, 39.37007874015748143 ) ;
#465 = EDGE_CURVE ( 'NONE', #9332, #9229, #3771, .T. ) ;
#466 = ORIENTED_EDGE ( 'NONE', *, *, #8827, .T. ) ;
#467 = CYLINDRICAL_SURFACE ( 'NONE', #8230, 0.02755905511673228600 ) ;
#468 = ORIENTED_EDGE ( 'NONE', *, *, #3827, .F. ) ;
#469 = VECTOR ( 'NONE', #8966, 39.37007874015748143 ) ;
#470 = DIRECTION ( 'NONE',  ( 0.000000000000000000, 0.000000000000000000, 1.000000000000000000 ) ) ;
#471 = EDGE_CURVE ( 'NONE', #2036, #6019, #1519, .T. ) ;
#472 = DIRECTION ( 'NONE',  ( 1.000000000000000000, 2.947193223346190172E-16, -5.551115123125779621E-17 ) ) ;
#473 = DIRECTION ( 'NONE',  ( -5.551115123125779621E-17, -1.636020887289085065E-32, -1.000000000000000000 ) ) ;
#474 = CARTESIAN_POINT ( 'NONE',  ( 0.01181639140080433317, 0.4717749884904407498, -0.3385826770544400621 ) ) ;
#475 = EDGE_CURVE ( 'NONE', #7646, #6980, #10072, .T. ) ;
#476 = VERTEX_POINT ( 'NONE', #2139 ) ;
#477 = VECTOR ( 'NONE', #2246, 39.37007874015748854 ) ;
#478 = EDGE_CURVE ( 'NONE', #2081, #9332, #4842, .T. ) ;
#479 = VERTEX_POINT ( 'NONE', #8954 ) ;
#480 = ORIENTED_EDGE ( 'NONE', *, *, #7779, .F. ) ;
#481 = EDGE_CURVE ( 'NONE', #9358, #8408, #4793, .T. ) ;
#482 = VERTEX_POINT ( 'NONE', #9749 ) ;
#483 = DIRECTION ( 'NONE',  ( 1.000000000000000000, 0.000000000000000000, 0.000000000000000000 ) ) ;
#484 = AXIS2_PLACEMENT_3D ( 'NONE', #3500, #9138, #1991 ) ;
#485 = FACE_OUTER_BOUND ( 'NONE', #507, .T. ) ;
#486 = DIRECTION ( 'NONE',  ( -1.000000000000000000, -4.828410956175699721E-14, 5.551115123130319885E-17 ) ) ;
#487 = LINE ( 'NONE', #9980, #4230 ) ;
#488 = DIRECTION ( 'NONE',  ( -0.9284766908853184786, 1.500938565615990865E-15, 0.3713906763539561173 ) ) ;
#489 = ADVANCED_FACE ( 'NONE', ( #2538 ), #6449, .F. ) ;
#490 = ORIENTED_EDGE ( 'NONE', *, *, #8956, .F. ) ;
#491 = VERTEX_POINT ( 'NONE', #4064 ) ;
#492 = LINE ( 'NONE', #5279, #5006 ) ;
#493 = ORIENTED_EDGE ( 'NONE', *, *, #8756, .F. ) ;
#494 = CARTESIAN_POINT ( 'NONE',  ( -0.4665300652921126612, -0.1082677165354328924, -0.3293640665553719815 ) ) ;
#495 = FACE_OUTER_BOUND ( 'NONE', #6196, .T. ) ;
#496 = CARTESIAN_POINT ( 'NONE',  ( -0.05802814535841979704, -0.1156854394007178766, -0.3405511809914378851 ) ) ;
#497 = FACE_OUTER_BOUND ( 'NONE', #7635, .T. ) ;
#498 = VECTOR ( 'NONE', #6700, 39.37007874015748143 ) ;
#499 = CYLINDRICAL_SURFACE ( 'NONE', #399, 0.007874015748031516770 ) ;
#500 = CARTESIAN_POINT ( 'NONE',  ( -0.1496041842881390416, 0.01377952756254900019, -0.05315578802486194826 ) ) ;
#501 = EDGE_CURVE ( 'NONE', #7692, #4268, #8903, .T. ) ;
#502 = VERTEX_POINT ( 'NONE', #6548 ) ;
#503 = EDGE_LOOP ( 'NONE', ( #2352, #2621, #773, #10090, #4442, #3739, #1466, #8269, #6455, #9702 ) ) ;
#504 = ORIENTED_EDGE ( 'NONE', *, *, #9598, .T. ) ;
#505 = ORIENTED_EDGE ( 'NONE', *, *, #4940, .T. ) ;
#506 = CARTESIAN_POINT ( 'NONE',  ( -2.731847993664263218E-16, 0.01968503937007875723, -0.04724409421258948805 ) ) ;
#507 = EDGE_LOOP ( 'NONE', ( #4115, #450, #10053, #2114, #5784 ) ) ;
#508 = DIRECTION ( 'NONE',  ( -6.245969335281450904E-16, 0.000000000000000000, -1.000000000000000000 ) ) ;
#509 = CARTESIAN_POINT ( 'NONE',  ( -0.1496015814385949771, 0.01377952756953897996, -0.1161479139536627792 ) ) ;
#510 = CARTESIAN_POINT ( 'NONE',  ( -0.2755772113419328040, 0.2421259842519683514, -0.3228460328604397800 ) ) ;
#511 = DIRECTION ( 'NONE',  ( 1.000000000000000000, 2.669637467189900051E-16, 5.551115123125779621E-17 ) ) ;
#512 = LINE ( 'NONE', #9380, #3716 ) ;
#513 = CARTESIAN_POINT ( 'NONE',  ( -0.3956639235598288229, 0.1543307086614156831, -0.3287401573694028745 ) ) ;
#514 = PLANE ( 'NONE',  #2145 ) ;
#515 = VERTEX_POINT ( 'NONE', #1617 ) ;
#516 = ORIENTED_EDGE ( 'NONE', *, *, #3982, .T. ) ;
#517 = PLANE ( 'NONE',  #2568 ) ;
#518 = DIRECTION ( 'NONE',  ( -1.000000000000000000, 0.000000000000000000, 0.000000000000000000 ) ) ;
#519 = ORIENTED_EDGE ( 'NONE', *, *, #3147, .T. ) ;
#520 = CARTESIAN_POINT ( 'NONE',  ( -0.4035379393078605825, 0.1543307086614156831, -0.3287401573694028745 ) ) ;
#521 = DIRECTION ( 'NONE',  ( 1.445602896647339666E-14, 1.000000000000000000, 0.000000000000000000 ) ) ;
#522 = CARTESIAN_POINT ( 'NONE',  ( -0.1736087076179499700, 0.07283464566101865989, 2.756008457320229957E-10 ) ) ;
#523 = CARTESIAN_POINT ( 'NONE',  ( -0.4114119550558873462, 0.1555118110236194118, -0.3543307085505046361 ) ) ;
#524 = ORIENTED_EDGE ( 'NONE', *, *, #8622, .F. ) ;
#525 = AXIS2_PLACEMENT_3D ( 'NONE', #1329, #3562, #6735 ) ;
#526 = EDGE_LOOP ( 'NONE', ( #2558, #2729, #9915, #9958, #244, #9482, #1791, #5540, #2012, #1711, #2488, #7026 ) ) ;
#527 = EDGE_CURVE ( 'NONE', #6349, #8266, #6427, .T. ) ;
#528 = ORIENTED_EDGE ( 'NONE', *, *, #5432, .F. ) ;
#529 = ORIENTED_EDGE ( 'NONE', *, *, #3611, .F. ) ;
#530 = ORIENTED_EDGE ( 'NONE', *, *, #10173, .T. ) ;
#531 = DIRECTION ( 'NONE',  ( 8.466415384531729472E-16, -7.452763270214839996E-16, 1.000000000000000000 ) ) ;
#532 = EDGE_CURVE ( 'NONE', #7301, #6621, #1621, .T. ) ;
#533 = ADVANCED_FACE ( 'NONE', ( #5623 ), #2403, .T. ) ;
#534 = CARTESIAN_POINT ( 'NONE',  ( -0.5531442385204589085, 0.4862204724409451839, -0.3287401573694028745 ) ) ;
#535 = CARTESIAN_POINT ( 'NONE',  ( -0.5527505377330569347, 0.4822834645669287768, -0.3287401573694170853 ) ) ;
#536 = DIRECTION ( 'NONE',  ( -0.000000000000000000, -1.000000000000000000, -0.000000000000000000 ) ) ;
#537 =( NAMED_UNIT ( * ) SI_UNIT ( $, .STERADIAN. ) SOLID_ANGLE_UNIT ( ) );
#538 = DIRECTION ( 'NONE',  ( -4.132023648018220161E-05, 0.000000000000000000, 0.9999999991463189852 ) ) ;
#539 = VERTEX_POINT ( 'NONE', #4161 ) ;
#540 = VECTOR ( 'NONE', #3520, 39.37007874015748854 ) ;
#541 = EDGE_CURVE ( 'NONE', #9608, #1895, #7328, .T. ) ;
#542 = EDGE_CURVE ( 'NONE', #3639, #2346, #8169, .T. ) ;
#543 = ORIENTED_EDGE ( 'NONE', *, *, #1233, .F. ) ;
#544 = ADVANCED_FACE ( 'NONE', ( #8851 ), #6402, .F. ) ;
#545 = AXIS2_PLACEMENT_3D ( 'NONE', #5756, #9537, #8940 ) ;
#547 = CARTESIAN_POINT ( 'NONE',  ( -0.4271520147045647642, 0.07086614172401456413, 2.756013964725784830E-10 ) ) ;
#546 = CIRCLE ( 'NONE', #4369, 0.02952755905511810289 ) ;
#548 = ORIENTED_EDGE ( 'NONE', *, *, #4349, .T. ) ;
#549 = VERTEX_POINT ( 'NONE', #5768 ) ;
#550 = CARTESIAN_POINT ( 'NONE',  ( -0.5531442385204589085, 0.4980314960629916299, -0.3287401573694028745 ) ) ;
#551 = DIRECTION ( 'NONE',  ( -0.9999999991463190963, -1.836940359963950694E-16, -4.132023648018220838E-05 ) ) ;
#552 = DIRECTION ( 'NONE',  ( -0.9999999991463189852, 2.992553908358391171E-33, -4.132023648017779703E-05 ) ) ;
#553 = LINE ( 'NONE', #8470, #5450 ) ;
#554 = CARTESIAN_POINT ( 'NONE',  ( -0.4035379393078605825, 0.1149606299212581617, 0.001968504047920685909 ) ) ;
#555 = DIRECTION ( 'NONE',  ( 0.9999999991463190963, 3.082923038283585257E-21, 4.132023647999850388E-05 ) ) ;
#556 = ORIENTED_EDGE ( 'NONE', *, *, #8588, .T. ) ;
#557 = EDGE_LOOP ( 'NONE', ( #2725, #4269, #4945, #2212, #426 ) ) ;
#558 = VECTOR ( 'NONE', #2724, 39.37007874015748143 ) ;
#559 = AXIS2_PLACEMENT_3D ( 'NONE', #2308, #3927, #2987 ) ;
#560 = VERTEX_POINT ( 'NONE', #8124 ) ;
#561 = ORIENTED_EDGE ( 'NONE', *, *, #3277, .F. ) ;
#562 = EDGE_CURVE ( 'NONE', #279, #1598, #985, .T. ) ;
#563 = PLANE ( 'NONE',  #5383 ) ;
#564 = ORIENTED_EDGE ( 'NONE', *, *, #8134, .T. ) ;
#565 = CARTESIAN_POINT ( 'NONE',  ( -0.3129787863581079965, 0.01377952755905360177, -0.04724409421258948805 ) ) ;
#566 = FACE_BOUND ( 'NONE', #3323, .T. ) ;
#567 = VECTOR ( 'NONE', #8460, 39.37007874015748143 ) ;
#568 = FACE_OUTER_BOUND ( 'NONE', #3393, .T. ) ;
#569 = VECTOR ( 'NONE', #3467, 39.37007874015748143 ) ;
#570 = FACE_OUTER_BOUND ( 'NONE', #3674, .T. ) ;
#571 = AXIS2_PLACEMENT_3D ( 'NONE', #5819, #1667, #4065 ) ;
#572 = CARTESIAN_POINT ( 'NONE',  ( -0.5314827233659782380, 0.01968503937007875723, -0.04724409421259004316 ) ) ;
#573 = CARTESIAN_POINT ( 'NONE',  ( -0.1161363645047152615, -0.1082677165354372639, -0.3262529570661550915 ) ) ;
#574 = DIRECTION ( 'NONE',  ( -2.796841973281160348E-31, -2.220446049250309876E-16, -1.000000000000000000 ) ) ;
#575 = VERTEX_POINT ( 'NONE', #198 ) ;
#576 = ORIENTED_EDGE ( 'NONE', *, *, #597, .F. ) ;
#577 = AXIS2_PLACEMENT_3D ( 'NONE', #8044, #3346, #4183 ) ;
#578 = DIRECTION ( 'NONE',  ( 8.466415384531750179E-16, -9.958396954279598582E-17, 1.000000000000000000 ) ) ;
#579 = CARTESIAN_POINT ( 'NONE',  ( -0.4665300652921126612, -0.08706252210712646378, -0.01323304814137110132 ) ) ;
#580 = VERTEX_POINT ( 'NONE', #8 ) ;
#581 = CARTESIAN_POINT ( 'NONE',  ( 0.1574856827393862346, 0.3550233788650135058, -0.1299212597316068418 ) ) ;
#582 = DIRECTION ( 'NONE',  ( -1.465133027979729908E-13, -1.000000000000000000, -3.644623022737480082E-13 ) ) ;
#583 = CARTESIAN_POINT ( 'NONE',  ( -0.4507820337960491974, 0.1555118110236194118, 1.109127553579697145E-10 ) ) ;
#584 = DIRECTION ( 'NONE',  ( -2.982960006829620341E-15, -1.000000000000000000, 0.000000000000000000 ) ) ;
#585 = AXIS2_PLACEMENT_3D ( 'NONE', #9443, #7864, #4691 ) ;
#586 = B_SPLINE_CURVE_WITH_KNOTS ( 'NONE', 3,
 ( #777, #185, #1655, #3955 ),
 .UNSPECIFIED., .F., .F.,
 ( 4, 4 ),
 ( 0.000000000000000000, 1.000000000000000000 ),
 .UNSPECIFIED. ) ;
#587 = ORIENTED_EDGE ( 'NONE', *, *, #7454, .T. ) ;
#588 = AXIS2_PLACEMENT_3D ( 'NONE', #2490, #3964, #7325 ) ;
#589 = ORIENTED_EDGE ( 'NONE', *, *, #3921, .F. ) ;
#590 = FACE_OUTER_BOUND ( 'NONE', #4458, .T. ) ;
#591 = DIRECTION ( 'NONE',  ( 4.132023648018220838E-05, 1.946778533464020538E-16, -0.9999999991463190963 ) ) ;
#592 = CARTESIAN_POINT ( 'NONE',  ( -0.5511810154746015211, 0.02497524227597227447, -0.002114173117433575458 ) ) ;
#593 = LINE ( 'NONE', #3767, #6724 ) ;
#594 = CARTESIAN_POINT ( 'NONE',  ( -0.5649552621425060206, 0.2342519685039300692, -0.3543307085505046361 ) ) ;
#595 = FACE_OUTER_BOUND ( 'NONE', #9383, .T. ) ;
#596 = VERTEX_POINT ( 'NONE', #1666 ) ;
#597 = EDGE_CURVE ( 'NONE', #10301, #3575, #3376, .T. ) ;
#598 = ORIENTED_EDGE ( 'NONE', *, *, #10234, .T. ) ;
#599 = CARTESIAN_POINT ( 'NONE',  ( -0.03936992790143464122, 0.2900570317740133186, -0.003651293990540523636 ) ) ;
#600 = ORIENTED_EDGE ( 'NONE', *, *, #8895, .F. ) ;
#601 = ORIENTED_EDGE ( 'NONE', *, *, #9605, .F. ) ;
#602 = CARTESIAN_POINT ( 'NONE',  ( -0.05737743194954388753, -0.1131782253818554435, -0.3405511809914378851 ) ) ;
#603 = CARTESIAN_POINT ( 'NONE',  ( -0.03936471096139967235, 0.4239038302175392459, -0.3425196849284575795 ) ) ;
#604 = EDGE_CURVE ( 'NONE', #8055, #6454, #5574, .T. ) ;
#605 = DIRECTION ( 'NONE',  ( 4.132023648017469351E-05, 1.175469026491895446E-16, -0.9999999991463190963 ) ) ;
#606 = LINE ( 'NONE', #10201, #5933 ) ;
#607 = DIRECTION ( 'NONE',  ( -0.000000000000000000, -0.000000000000000000, -1.000000000000000000 ) ) ;
#608 = LINE ( 'NONE', #3783, #1036 ) ;
#609 = ORIENTED_EDGE ( 'NONE', *, *, #2425, .F. ) ;
#610 = ORIENTED_EDGE ( 'NONE', *, *, #1378, .F. ) ;
#611 = AXIS2_PLACEMENT_3D ( 'NONE', #1206, #9976, #3705 ) ;
#612 = VECTOR ( 'NONE', #6933, 39.37007874015748143 ) ;
#613 = EDGE_CURVE ( 'NONE', #737, #4866, #9651, .T. ) ;
#614 = EDGE_LOOP ( 'NONE', ( #8401, #4318, #5213, #5263 ) ) ;
#615 = CYLINDRICAL_SURFACE ( 'NONE', #9078, 0.02755905511811023931 ) ;
#616 = ORIENTED_EDGE ( 'NONE', *, *, #4187, .F. ) ;
#617 = DIRECTION ( 'NONE',  ( -1.000000000000000000, 0.000000000000000000, 0.000000000000000000 ) ) ;
#618 = VECTOR ( 'NONE', #4635, 39.37007874015748143 ) ;
#619 = DIRECTION ( 'NONE',  ( -8.466415384531749193E-16, 9.958396954279598582E-17, -1.000000000000000000 ) ) ;
#620 = AXIS2_PLACEMENT_3D ( 'NONE', #9446, #6247, #3968 ) ;
#621 = EDGE_CURVE ( 'NONE', #3035, #2864, #933, .T. ) ;
#622 = LINE ( 'NONE', #9488, #2764 ) ;
#623 = DIRECTION ( 'NONE',  ( -0.7071067811865709984, 0.7071067811865240360, -9.339622151139843760E-16 ) ) ;
#624 = LINE ( 'NONE', #7391, #7374 ) ;
#625 = DIRECTION ( 'NONE',  ( -6.245969335281450904E-16, 7.832974272616329547E-17, -1.000000000000000000 ) ) ;
#626 = EDGE_LOOP ( 'NONE', ( #3218, #4596, #5846, #9877 ) ) ;
#627 = ADVANCED_FACE ( 'NONE', ( #153 ), #6494, .T. ) ;
#628 = AXIS2_PLACEMENT_3D ( 'NONE', #9830, #335, #5849 ) ;
#629 = AXIS2_PLACEMENT_3D ( 'NONE', #9785, #9037, #1126 ) ;
#630 = ORIENTED_EDGE ( 'NONE', *, *, #5622, .F. ) ;
#631 = DIRECTION ( 'NONE',  ( -1.000000000000000000, 3.469446951953611428E-15, 0.000000000000000000 ) ) ;
#632 = DIRECTION ( 'NONE',  ( -2.982960006829620341E-15, -1.000000000000000000, -9.958396954279338505E-17 ) ) ;
#633 = VERTEX_POINT ( 'NONE', #9897 ) ;
#634 = CARTESIAN_POINT ( 'NONE',  ( -0.3877899078117976184, 0.02165354330708013295, 0.01574803160697565291 ) ) ;
#635 = DIRECTION ( 'NONE',  ( 0.000000000000000000, 3.644623022737480082E-13, -1.000000000000000000 ) ) ;
#636 = AXIS2_PLACEMENT_3D ( 'NONE', #9069, #6717, #5934 ) ;
#637 = CARTESIAN_POINT ( 'NONE',  ( -0.4507820337960491974, 0.1543307086614156831, -0.3405511809914499310 ) ) ;
#638 = FACE_OUTER_BOUND ( 'NONE', #5986, .T. ) ;
#639 = ORIENTED_EDGE ( 'NONE', *, *, #7925, .T. ) ;
#640 = ADVANCED_FACE ( 'NONE', ( #1241 ), #1859, .F. ) ;
#641 = EDGE_CURVE ( 'NONE', #4055, #2935, #9001, .T. ) ;
#642 = AXIS2_PLACEMENT_3D ( 'NONE', #8616, #119, #5585 ) ;
#643 = VERTEX_POINT ( 'NONE', #1086 ) ;
#644 = ORIENTED_EDGE ( 'NONE', *, *, #5818, .T. ) ;
#645 = DIRECTION ( 'NONE',  ( 1.000000000000000000, -6.664964947938540035E-17, 0.000000000000000000 ) ) ;
#646 = FACE_OUTER_BOUND ( 'NONE', #4710, .T. ) ;
#647 = CARTESIAN_POINT ( 'NONE',  ( -0.5531442385204589085, 0.4921259842519686845, -0.3267716534323946709 ) ) ;
#648 = CYLINDRICAL_SURFACE ( 'NONE', #7438, 0.003937007874015724558 ) ;
#649 = CARTESIAN_POINT ( 'NONE',  ( -0.3582629985728645883, 0.02755905513139873461, -0.1161565358927705849 ) ) ;
#650 = VECTOR ( 'NONE', #10309, 39.37007874015748143 ) ;
#651 = LINE ( 'NONE', #9411, #567 ) ;
#652 = ORIENTED_EDGE ( 'NONE', *, *, #10234, .F. ) ;
#653 = ORIENTED_EDGE ( 'NONE', *, *, #10029, .T. ) ;
#654 = VERTEX_POINT ( 'NONE', #9219 ) ;
#655 = AXIS2_PLACEMENT_3D ( 'NONE', #5379, #2990, #5995 ) ;
#656 = CARTESIAN_POINT ( 'NONE',  ( 5.367778755658163867E-06, 0.4113098302422226737, -0.1633858266607408349 ) ) ;
#657 = EDGE_LOOP ( 'NONE', ( #8925, #5189 ) ) ;
#658 = ORIENTED_EDGE ( 'NONE', *, *, #1579, .T. ) ;
#659 = DIRECTION ( 'NONE',  ( 4.132023649070880181E-05, 0.000000000000000000, -0.9999999991463189852 ) ) ;
#660 = DIRECTION ( 'NONE',  ( 4.857225732735061127E-14, -1.000000000000000000, 0.000000000000000000 ) ) ;
#661 = FACE_OUTER_BOUND ( 'NONE', #1049, .T. ) ;
#662 = CARTESIAN_POINT ( 'NONE',  ( -0.01377415978030067413, 0.4822834645669287768, 0.001968504047920685909 ) ) ;
#663 = DIRECTION ( 'NONE',  ( -1.000000000000000000, -4.828410956175699721E-14, 5.551115123130319885E-17 ) ) ;
#664 = CARTESIAN_POINT ( 'NONE',  ( -0.5649552621425060206, 0.4685861008999645527, -0.3287401573694028745 ) ) ;
#665 = ORIENTED_EDGE ( 'NONE', *, *, #9128, .T. ) ;
#666 = ORIENTED_EDGE ( 'NONE', *, *, #4227, .F. ) ;
#667 = ORIENTED_EDGE ( 'NONE', *, *, #3455, .T. ) ;
#668 = EDGE_CURVE ( 'NONE', #502, #3735, #7486, .T. ) ;
#669 = DIRECTION ( 'NONE',  ( -4.132023648018220838E-05, -7.221721796416451283E-17, 0.9999999991463190963 ) ) ;
#670 = ORIENTED_EDGE ( 'NONE', *, *, #7395, .F. ) ;
#671 = PLANE ( 'NONE',  #6854 ) ;
#672 = CARTESIAN_POINT ( 'NONE',  ( -0.3877899078117976184, 0.2224409448818800150, 0.02755905522902296276 ) ) ;
#673 = CYLINDRICAL_SURFACE ( 'NONE', #8927, 0.007874015748031516770 ) ;
#674 = DIRECTION ( 'NONE',  ( 8.466415384531749193E-16, -9.958396954279598582E-17, 1.000000000000000000 ) ) ;
#675 = EDGE_CURVE ( 'NONE', #8856, #148, #3481, .T. ) ;
#676 = DIRECTION ( 'NONE',  ( 0.9999999991463190963, -7.937442540707521646E-15, 4.132023649192669967E-05 ) ) ;
#677 = EDGE_CURVE ( 'NONE', #476, #9206, #7536, .T. ) ;
#678 = DIRECTION ( 'NONE',  ( -1.320822031358189968E-15, -7.452763270214839996E-16, 1.000000000000000000 ) ) ;
#679 = ORIENTED_EDGE ( 'NONE', *, *, #8448, .T. ) ;
#680 = ORIENTED_EDGE ( 'NONE', *, *, #5304, .T. ) ;
#681 = EDGE_CURVE ( 'NONE', #4384, #5497, #9952, .T. ) ;
#682 = LINE ( 'NONE', #10222, #733 ) ;
#683 = CARTESIAN_POINT ( 'NONE',  ( -0.1161057577002255481, -0.1096117967702591317, -0.3270588496554717173 ) ) ;
#684 = ORIENTED_EDGE ( 'NONE', *, *, #4701, .T. ) ;
#685 = CARTESIAN_POINT ( 'NONE',  ( -0.4035379393078605825, 0.1622047244094487750, -0.3287401573694028745 ) ) ;
#686 = EDGE_CURVE ( 'NONE', #2704, #7262, #10005, .T. ) ;
#687 = DIRECTION ( 'NONE',  ( 1.098777426433149983E-15, -2.220446049250329844E-16, -1.000000000000000000 ) ) ;
#688 = DIRECTION ( 'NONE',  ( -0.3713906763540949507, 3.931517277967471103E-13, -0.9284766908852628564 ) ) ;
#689 = DIRECTION ( 'NONE',  ( 4.132023651472654301E-05, 2.574980159721680264E-16, -0.9999999991463189852 ) ) ;
#690 = EDGE_LOOP ( 'NONE', ( #3096, #7665, #2651, #4631 ) ) ;
#691 = VECTOR ( 'NONE', #8984, 39.37007874015748143 ) ;
#692 = ORIENTED_EDGE ( 'NONE', *, *, #5588, .F. ) ;
#693 = ORIENTED_EDGE ( 'NONE', *, *, #4544, .T. ) ;
#694 = EDGE_CURVE ( 'NONE', #7752, #10172, #6655, .T. ) ;
#695 = DIRECTION ( 'NONE',  ( -0.9999999991463189852, 0.000000000000000000, -4.132023649202460312E-05 ) ) ;
#696 = CARTESIAN_POINT ( 'NONE',  ( -0.1161363645047149701, -0.03819412915421557114, -0.3371885656452346947 ) ) ;
#697 = DIRECTION ( 'NONE',  ( 1.000000000000000000, 0.000000000000000000, 0.000000000000000000 ) ) ;
#698 = DIRECTION ( 'NONE',  ( -1.159153069243169994E-14, 0.5142350693104760229, 0.8576492835018578731 ) ) ;
#699 = VECTOR ( 'NONE', #5930, 39.37007874015748143 ) ;
#700 = DIRECTION ( 'NONE',  ( -6.245969335281450904E-16, 0.000000000000000000, -1.000000000000000000 ) ) ;
#701 = CARTESIAN_POINT ( 'NONE',  ( -0.1279473881267609026, 0.01968503937007875723, -0.3405511809914488208 ) ) ;
#702 = ORIENTED_EDGE ( 'NONE', *, *, #8162, .T. ) ;
#703 = ORIENTED_EDGE ( 'NONE', *, *, #3151, .F. ) ;
#704 = CIRCLE ( 'NONE', #5642, 0.007874015748031516770 ) ;
#705 = VERTEX_POINT ( 'NONE', #2693 ) ;
#706 = ORIENTED_EDGE ( 'NONE', *, *, #9836, .T. ) ;
#707 = CARTESIAN_POINT ( 'NONE',  ( -0.03541973123199015916, 0.01377952755905360177, -0.3228361094965607747 ) ) ;
#708 = CARTESIAN_POINT ( 'NONE',  ( -0.3503915043424445375, 0.2421259842519683514, -0.05316408460441802986 ) ) ;
#709 = DIRECTION ( 'NONE',  ( 4.132023648196362709E-05, 5.711311554044878993E-17, -0.9999999991463190963 ) ) ;
#710 = CARTESIAN_POINT ( 'NONE',  ( -0.1023628553702797123, 0.1062992126077751537, -0.005909741454971527939 ) ) ;
#711 = DIRECTION ( 'NONE',  ( 1.000000000000000000, 6.123638448986479919E-17, -6.245969335281450904E-16 ) ) ;
#712 = CYLINDRICAL_SURFACE ( 'NONE', #2389, 0.003937007874015747977 ) ;
#713 = ADVANCED_FACE ( 'NONE', ( #3634 ), #9055, .T. ) ;
#714 = ORIENTED_EDGE ( 'NONE', *, *, #9551, .F. ) ;
#715 = EDGE_LOOP ( 'NONE', ( #976, #3318, #5208, #3999, #1870, #1130, #4076 ) ) ;
#716 = VECTOR ( 'NONE', #7912, 39.37007874015748854 ) ;
#717 = AXIS2_PLACEMENT_3D ( 'NONE', #7639, #2176, #5348 ) ;
#718 = DIRECTION ( 'NONE',  ( 1.074773265937646179E-14, 1.000000000000000000, 4.440988554903320519E-19 ) ) ;
#719 = EDGE_LOOP ( 'NONE', ( #9817, #5184, #9795, #6013 ) ) ;
#720 = DIRECTION ( 'NONE',  ( 0.000000000000000000, -7.452763270214839996E-16, 1.000000000000000000 ) ) ;
#721 = CARTESIAN_POINT ( 'NONE',  ( 0.1456746590184081203, 0.2047244098622051922, -0.1299212597316068141 ) ) ;
#722 = DIRECTION ( 'NONE',  ( -1.224678861204857357E-16, 1.000000000000000000, 7.759155017047932417E-17 ) ) ;
#723 = DIRECTION ( 'NONE',  ( -1.000000000000000000, 1.437166293563760232E-14, 0.000000000000000000 ) ) ;
#724 = LINE ( 'NONE', #7131, #8049 ) ;
#725 = DIRECTION ( 'NONE',  ( -2.220446049248289653E-16, 3.191150218656369683E-30, 1.000000000000000000 ) ) ;
#726 = AXIS2_PLACEMENT_3D ( 'NONE', #129, #8095, #5691 ) ;
#727 = EDGE_LOOP ( 'NONE', ( #6682, #9692, #5255, #3006, #8797, #5098, #7324 ) ) ;
#728 = CIRCLE ( 'NONE', #51, 0.007874015748031516770 ) ;
#729 = VERTEX_POINT ( 'NONE', #3427 ) ;
#730 = EDGE_LOOP ( 'NONE', ( #2076, #6885, #7229, #5149, #7385 ) ) ;
#731 = EDGE_CURVE ( 'NONE', #4614, #2157, #5973, .T. ) ;
#732 = EDGE_CURVE ( 'NONE', #2955, #2903, #7594, .T. ) ;
#733 = VECTOR ( 'NONE', #3224, 39.37007874015748854 ) ;
#734 = VECTOR ( 'NONE', #1207, 39.37007874015748143 ) ;
#735 = LINE ( 'NONE', #6397, #4886 ) ;
#736 = DIRECTION ( 'NONE',  ( 0.9999999991463189852, 0.000000000000000000, 4.132023648018220161E-05 ) ) ;
#737 = VERTEX_POINT ( 'NONE', #1915 ) ;
#738 = CYLINDRICAL_SURFACE ( 'NONE', #7827, 0.007874015748031495954 ) ;
#739 = CARTESIAN_POINT ( 'NONE',  ( -0.1161363645047152615, -0.1082677165354372639, -0.3262529570661548139 ) ) ;
#740 = EDGE_CURVE ( 'NONE', #5990, #2882, #5092, .T. ) ;
#741 = PLANE ( 'NONE',  #4859 ) ;
#742 = CARTESIAN_POINT ( 'NONE',  ( -0.1299215039900799007, 0.1062992126077746957, -0.01574803122046369158 ) ) ;
#743 = EDGE_CURVE ( 'NONE', #7187, #1865, #351, .T. ) ;
#744 = ORIENTED_EDGE ( 'NONE', *, *, #1571, .F. ) ;
#745 = VECTOR ( 'NONE', #5077, 39.37007874015748143 ) ;
#746 = EDGE_CURVE ( 'NONE', #6057, #4243, #8381, .T. ) ;
#747 = VERTEX_POINT ( 'NONE', #3579 ) ;
#748 = CIRCLE ( 'NONE', #2239, 0.01552990469826761276 ) ;
#749 = VERTEX_POINT ( 'NONE', #6753 ) ;
#750 = DIRECTION ( 'NONE',  ( 0.7071067811865240360, 0.7071067811865709984, 0.000000000000000000 ) ) ;
#751 = CARTESIAN_POINT ( 'NONE',  ( 5.367778755658163867E-06, 0.4717749884904434698, -0.3385826770544420050 ) ) ;
#752 = DIRECTION ( 'NONE',  ( -4.078893220340669608E-32, 2.220446049250309876E-16, 1.000000000000000000 ) ) ;
#753 = EDGE_CURVE ( 'NONE', #10079, #4384, #7588, .T. ) ;
#754 = DIRECTION ( 'NONE',  ( 1.098777426433149983E-15, -2.220446049250329844E-16, -1.000000000000000000 ) ) ;
#755 = ORIENTED_EDGE ( 'NONE', *, *, #7335, .T. ) ;
#756 = EDGE_CURVE ( 'NONE', #9120, #8152, #9894, .T. ) ;
#757 = AXIS2_PLACEMENT_3D ( 'NONE', #5979, #5928, #8388 ) ;
#758 = ORIENTED_EDGE ( 'NONE', *, *, #8042, .F. ) ;
#759 = ORIENTED_EDGE ( 'NONE', *, *, #2255, .F. ) ;
#760 = VERTEX_POINT ( 'NONE', #3799 ) ;
#761 = LINE ( 'NONE', #6419, #1269 ) ;
#762 = PLANE ( 'NONE',  #9024 ) ;
#763 = FACE_OUTER_BOUND ( 'NONE', #9385, .T. ) ;
#764 = DIRECTION ( 'NONE',  ( 1.293016685864029896E-13, 1.000000000000000000, 9.958396954268648207E-17 ) ) ;
#765 = CARTESIAN_POINT ( 'NONE',  ( -0.4665300652921126612, -0.1035381541744148370, 0.01041691224497195284 ) ) ;
#766 = CARTESIAN_POINT ( 'NONE',  ( -0.3641307453440660313, 0.01968503937007875723, -0.1161567783494549810 ) ) ;
#767 = DIRECTION ( 'NONE',  ( -4.132023647719049479E-05, 0.000000000000000000, 0.9999999991463189852 ) ) ;
#768 = ORIENTED_EDGE ( 'NONE', *, *, #4864, .F. ) ;
#769 = EDGE_CURVE ( 'NONE', #6086, #6837, #2337, .T. ) ;
#770 =( BOUNDED_CURVE ( )  B_SPLINE_CURVE ( 3, ( #4874, #6382, #3950, #8056 ),
 .UNSPECIFIED., .F., .F. ) 
 B_SPLINE_CURVE_WITH_KNOTS ( ( 4, 4 ),
 ( 3.491318615917026413, 4.073689518027840961 ),
 .UNSPECIFIED. ) 
 CURVE ( )  GEOMETRIC_REPRESENTATION_ITEM ( )  RATIONAL_B_SPLINE_CURVE ( ( 1.000000000000000000, 0.9719361466118945359, 0.9719361466118945359, 1.000000000000000000 ) ) 
 REPRESENTATION_ITEM ( '' )  );
#771 = EDGE_LOOP ( 'NONE', ( #7702, #7547, #2195, #2817 ) ) ;
#772 = DIRECTION ( 'NONE',  ( 1.924458856161769739E-14, -1.897353801849631971E-15, -1.000000000000000000 ) ) ;
#773 = ORIENTED_EDGE ( 'NONE', *, *, #8367, .T. ) ;
#774 = DIRECTION ( 'NONE',  ( 0.000000000000000000, 1.000000000000000000, -2.356961244533705420E-16 ) ) ;
#775 = DIRECTION ( 'NONE',  ( 1.000000000000000000, 0.000000000000000000, 1.084202172485501673E-15 ) ) ;
#776 = CARTESIAN_POINT ( 'NONE',  ( -0.5196828427721318366, 0.4842519685039369803, -0.05317107976256416069 ) ) ;
#777 = CARTESIAN_POINT ( 'NONE',  ( -0.4664994584876268058, -0.1096117967702588542, 0.0002871963339950005809 ) ) ;
#778 = LINE ( 'NONE', #4832, #5550 ) ;
#779 = CARTESIAN_POINT ( 'NONE',  ( -0.4468450259220339005, 0.1555118110236194118, 0.02755905522902296276 ) ) ;
#780 = ORIENTED_EDGE ( 'NONE', *, *, #475, .F. ) ;
#781 = VERTEX_POINT ( 'NONE', #7697 ) ;
#782 = TOROIDAL_SURFACE ( 'NONE', #8599, 0.01968503936870055759, 0.007874015748031497688 ) ;
#783 = CARTESIAN_POINT ( 'NONE',  ( -0.05708124639447869492, -0.1082677165354372639, -0.3393563159933605244 ) ) ;
#784 = CYLINDRICAL_SURFACE ( 'NONE', #588, 0.01181102362204724567 ) ;
#785 = VERTEX_POINT ( 'NONE', #10164 ) ;
#786 = DIRECTION ( 'NONE',  ( 1.000000000000000000, 0.000000000000000000, 0.000000000000000000 ) ) ;
#787 = LINE ( 'NONE', #1471, #612 ) ;
#788 = CARTESIAN_POINT ( 'NONE',  ( -0.4074749471818818747, -0.02604684404437861492, -0.009842519574126349854 ) ) ;
#789 = FACE_OUTER_BOUND ( 'NONE', #7826, .T. ) ;
#790 = ORIENTED_EDGE ( 'NONE', *, *, #381, .T. ) ;
#791 = ADVANCED_FACE ( 'NONE', ( #3120 ), #3014, .T. ) ;
#792 = AXIS2_PLACEMENT_3D ( 'NONE', #5217, #4491, #6155 ) ;
#793 = AXIS2_PLACEMENT_3D ( 'NONE', #10266, #8536, #1293 ) ;
#794 = EDGE_CURVE ( 'NONE', #1702, #9689, #4435, .T. ) ;
#795 = VERTEX_POINT ( 'NONE', #1348 ) ;
#796 = AXIS2_PLACEMENT_3D ( 'NONE', #6060, #4505, #1276 ) ;
#797 = LINE ( 'NONE', #7146, #7586 ) ;
#798 = LINE ( 'NONE', #7193, #10283 ) ;
#799 = CARTESIAN_POINT ( 'NONE',  ( -0.4074749471818818747, -0.02604684405929668864, -0.009842519574132086585 ) ) ;
#800 = LINE ( 'NONE', #3980, #3974 ) ;
#801 = ADVANCED_FACE ( 'NONE', ( #8644 ), #4467, .F. ) ;
#802 = EDGE_CURVE ( 'NONE', #295, #8835, #10213, .T. ) ;
#803 = ORIENTED_EDGE ( 'NONE', *, *, #7557, .F. ) ;
#804 = AXIS2_PLACEMENT_3D ( 'NONE', #9023, #8973, #3498 ) ;
#805 = VECTOR ( 'NONE', #6768, 39.37007874015748143 ) ;
#806 = EDGE_LOOP ( 'NONE', ( #2317, #808, #878, #7816, #5564, #2351, #8992, #693, #7477, #5641, #5478, #84 ) ) ;
#807 = EDGE_CURVE ( 'NONE', #2346, #1552, #9772, .T. ) ;
#808 = ORIENTED_EDGE ( 'NONE', *, *, #5911, .F. ) ;
#809 = CARTESIAN_POINT ( 'NONE',  ( -0.03936788255224559635, 0.4842519685039369803, -0.05315123303480008554 ) ) ;
#810 = VECTOR ( 'NONE', #9965, 39.37007874015748854 ) ;
#811 = CARTESIAN_POINT ( 'NONE',  ( -0.4074749471818818747, -0.1096117967702594093, 0.0002871963339941810325 ) ) ;
#812 = EDGE_CURVE ( 'NONE', #2900, #7752, #9489, .T. ) ;
#813 = DIRECTION ( 'NONE',  ( 1.007327574855612129E-30, -1.000000000000000000, -6.459479416000690079E-16 ) ) ;
#814 = PLANE ( 'NONE',  #8284 ) ;
#815 = CYLINDRICAL_SURFACE ( 'NONE', #2901, 0.01181102362204724046 ) ;
#816 = CARTESIAN_POINT ( 'NONE',  ( -0.2952734754950767648, 0.01968503937007875723, -0.05316180711442927004 ) ) ;
#817 = CARTESIAN_POINT ( 'NONE',  ( -0.3169294589540429530, 0.4074803149549243719, -0.01379262315253515503 ) ) ;
#818 = ORIENTED_EDGE ( 'NONE', *, *, #4229, .T. ) ;
#819 = AXIS2_PLACEMENT_3D ( 'NONE', #9899, #4471, #7645 ) ;
#820 = EDGE_LOOP ( 'NONE', ( #7776, #5748, #1609, #3867 ) ) ;
#821 = DIRECTION ( 'NONE',  ( 4.892451711081009382E-32, 1.000000000000000000, 7.832974272616329547E-17 ) ) ;
#822 = ORIENTED_EDGE ( 'NONE', *, *, #6578, .T. ) ;
#823 = LINE ( 'NONE', #7218, #2207 ) ;
#824 = DIRECTION ( 'NONE',  ( -0.9284766908853184786, 8.835339991672374582E-16, -0.3713906763539561173 ) ) ;
#825 = PRODUCT ( 'CUI_DEVICES_SJ1-3533NS', 'CUI_DEVICES_SJ1-3533NS', '', ( #3659 ) ) ;
#826 = ADVANCED_FACE ( 'NONE', ( #3683 ), #9379, .F. ) ;
#827 = DIRECTION ( 'NONE',  ( -1.000000000000000000, 9.634711363903441210E-15, -1.929231152724350329E-14 ) ) ;
#828 = LINE ( 'NONE', #3170, #2608 ) ;
#829 = DIRECTION ( 'NONE',  ( 2.669637467189899558E-16, -1.000000000000000000, 0.000000000000000000 ) ) ;
#830 =( GEOMETRIC_REPRESENTATION_CONTEXT ( 3 ) GLOBAL_UNCERTAINTY_ASSIGNED_CONTEXT ( ( #6789 ) ) GLOBAL_UNIT_ASSIGNED_CONTEXT ( ( #1428, #6210, #537 ) ) REPRESENTATION_CONTEXT ( 'NONE', 'WORKASPACE' ) );
#831 = DIRECTION ( 'NONE',  ( -1.000000000000000000, -4.879703635931580299E-31, 6.245969335281450904E-16 ) ) ;
#832 = ORIENTED_EDGE ( 'NONE', *, *, #8176, .T. ) ;
#833 = ORIENTED_EDGE ( 'NONE', *, *, #2147, .T. ) ;
#834 = CARTESIAN_POINT ( 'NONE',  ( -0.4114119550558916760, 0.1240157480314862393, 0.01574803160697565291 ) ) ;
#835 = DIRECTION ( 'NONE',  ( 1.000000000000000000, -1.608082204351659665E-16, 0.000000000000000000 ) ) ;
#836 = ORIENTED_EDGE ( 'NONE', *, *, #3297, .F. ) ;
#837 = CARTESIAN_POINT ( 'NONE',  ( -0.4173230790228298903, 0.1653543307150614206, -0.01574803122046396220 ) ) ;
#838 = CARTESIAN_POINT ( 'NONE',  ( -0.5511811018916692451, 0.2421259842519683514, -2.277493349287061455E-05 ) ) ;
#839 = PLANE ( 'NONE',  #368 ) ;
#840 = DIRECTION ( 'NONE',  ( 1.929231152724350329E-14, 0.000000000000000000, -1.000000000000000000 ) ) ;
#841 = VERTEX_POINT ( 'NONE', #4582 ) ;
#842 = CIRCLE ( 'NONE', #994, 0.01968503937007875723 ) ;
#843 = CYLINDRICAL_SURFACE ( 'NONE', #9009, 0.007874015748031516770 ) ;
#844 = LINE ( 'NONE', #893, #1767 ) ;
#845 = CARTESIAN_POINT ( 'NONE',  ( -0.5492072306464430564, 0.4862204724409451839, -0.01022864639048097837 ) ) ;
#846 = CARTESIAN_POINT ( 'NONE',  ( -0.4665300652921126612, -0.03819412915420820204, -0.3371885656452357494 ) ) ;
#847 = LINE ( 'NONE', #2461, #8459 ) ;
#848 = EDGE_CURVE ( 'NONE', #6912, #2220, #7021, .T. ) ;
#849 = ORIENTED_EDGE ( 'NONE', *, *, #1692, .F. ) ;
#850 = EDGE_CURVE ( 'NONE', #1214, #7301, #3849, .T. ) ;
#851 = EDGE_CURVE ( 'NONE', #9237, #549, #7756, .T. ) ;
#852 = ORIENTED_EDGE ( 'NONE', *, *, #4816, .T. ) ;
#853 = LINE ( 'NONE', #904, #8426 ) ;
#854 = DIRECTION ( 'NONE',  ( 4.892451711081009382E-32, 1.000000000000000000, 7.832974272616329547E-17 ) ) ;
#855 = CYLINDRICAL_SURFACE ( 'NONE', #9625, 0.08405511769685078405 ) ;
#856 = FACE_OUTER_BOUND ( 'NONE', #9264, .T. ) ;
#857 = PLANE ( 'NONE',  #7221 ) ;
#858 = CARTESIAN_POINT ( 'NONE',  ( -0.3458482281720611784, 0.01968503937007875723, 0.001968504047920685909 ) ) ;
#859 = EDGE_CURVE ( 'NONE', #2738, #9153, #2179, .T. ) ;
#860 = FACE_BOUND ( 'NONE', #10178, .T. ) ;
#861 = ORIENTED_EDGE ( 'NONE', *, *, #2964, .F. ) ;
#862 = EDGE_CURVE ( 'NONE', #6268, #3842, #7856, .T. ) ;
#863 = VECTOR ( 'NONE', #4802, 39.37007874015748143 ) ;
#865 = VERTEX_POINT ( 'NONE', #2961 ) ;
#864 = ADVANCED_FACE ( 'NONE', ( #570 ), #5351, .T. ) ;
#866 = CARTESIAN_POINT ( 'NONE',  ( -0.5314960625215926493, 0.4645669291338582196, -0.01970781430357135613 ) ) ;
#867 = ORIENTED_EDGE ( 'NONE', *, *, #2194, .F. ) ;
#868 = CARTESIAN_POINT ( 'NONE',  ( 5.368377182532709768E-06, 0.2421259842519683514, -0.1299212597865942731 ) ) ;
#869 = CARTESIAN_POINT ( 'NONE',  ( -0.04723872670943303487, 0.03149606299212852345, 0.01574803160697565291 ) ) ;
#870 = CARTESIAN_POINT ( 'NONE',  ( -0.4507820337960491974, 0.1622047244094487750, 0.001968504047920685909 ) ) ;
#871 = CARTESIAN_POINT ( 'NONE',  ( -0.5531442385204589085, 0.4980314960629916299, -0.01022864639047606217 ) ) ;
#872 = LINE ( 'NONE', #8645, #1229 ) ;
#873 = CARTESIAN_POINT ( 'NONE',  ( -0.5531442385204589085, 0.03149606299212852345, -0.3346456691804258754 ) ) ;
#874 = EDGE_LOOP ( 'NONE', ( #5137, #9723, #10224, #8396 ) ) ;
#875 = VECTOR ( 'NONE', #9393, 39.37007874015748854 ) ;
#877 = ORIENTED_EDGE ( 'NONE', *, *, #4510, .F. ) ;
#876 = EDGE_CURVE ( 'NONE', #3328, #2846, #6135, .T. ) ;
#878 = ORIENTED_EDGE ( 'NONE', *, *, #4809, .T. ) ;
#879 = CARTESIAN_POINT ( 'NONE',  ( -2.807525919855409124E-16, 0.3510210563764118441, -0.1706338687853503899 ) ) ;
#880 = PLANE ( 'NONE',  #9909 ) ;
#881 = ORIENTED_EDGE ( 'NONE', *, *, #5759, .F. ) ;
#882 = DIRECTION ( 'NONE',  ( 1.000000000000000000, -9.634711363903441210E-15, 1.929231152724350329E-14 ) ) ;
#883 = VECTOR ( 'NONE', #4181, 39.37007874015748143 ) ;
#884 = DIRECTION ( 'NONE',  ( 1.000000000000000000, 0.000000000000000000, -8.466415384531750179E-16 ) ) ;
#885 = DIRECTION ( 'NONE',  ( 0.9999999991463190963, 3.082923038283490841E-21, 4.132023647999851065E-05 ) ) ;
#886 = LINE ( 'NONE', #6990, #7803 ) ;
#887 = ORIENTED_EDGE ( 'NONE', *, *, #5807, .F. ) ;
#888 = CIRCLE ( 'NONE', #2873, 0.04527559055118110520 ) ;
#889 = VERTEX_POINT ( 'NONE', #3359 ) ;
#890 = VECTOR ( 'NONE', #9510, 39.37007874015748854 ) ;
#891 = DIRECTION ( 'NONE',  ( 1.320822031358179910E-15, 0.000000000000000000, -1.000000000000000000 ) ) ;
#892 = EDGE_CURVE ( 'NONE', #889, #2580, #4877, .T. ) ;
#893 = CARTESIAN_POINT ( 'NONE',  ( -0.1763663120864165657, 0.4822834645669287768, 0.001968504047920685909 ) ) ;
#894 = CARTESIAN_POINT ( 'NONE',  ( -0.003931640095258290106, 0.4675598519649071805, -0.3543307085505032483 ) ) ;
#895 = PLANE ( 'NONE',  #2875 ) ;
#896 = AXIS2_PLACEMENT_3D ( 'NONE', #2154, #5328, #9188 ) ;
#897 = LINE ( 'NONE', #7099, #6958 ) ;
#898 = AXIS2_PLACEMENT_3D ( 'NONE', #8211, #6687, #7418 ) ;
#899 = VECTOR ( 'NONE', #8538, 39.37007874015748143 ) ;
#900 = VERTEX_POINT ( 'NONE', #4049 ) ;
#901 = ORIENTED_EDGE ( 'NONE', *, *, #7675, .F. ) ;
#902 = AXIS2_PLACEMENT_3D ( 'NONE', #765, #10308, #5545 ) ;
#903 = ORIENTED_EDGE ( 'NONE', *, *, #7411, .F. ) ;
#904 = CARTESIAN_POINT ( 'NONE',  ( -0.4586560495440809571, 0.2696028754788729609, -0.3405511809914502086 ) ) ;
#905 = PLANE ( 'NONE',  #215 ) ;
#906 = DIRECTION ( 'NONE',  ( -1.259585646868319844E-15, -1.000000000000000000, 2.220446049250309876E-16 ) ) ;
#907 = CARTESIAN_POINT ( 'NONE',  ( -0.4665300652921126612, -0.1082677165354328924, -0.0005186962563802377003 ) ) ;
#908 = CARTESIAN_POINT ( 'NONE',  ( -0.3956639235598288229, 0.1543307086614156831, -0.3405511809914499310 ) ) ;
#909 = DIRECTION ( 'NONE',  ( -4.078893220340669608E-32, 2.220446049250309876E-16, 1.000000000000000000 ) ) ;
#910 = EDGE_LOOP ( 'NONE', ( #3046, #9747, #3380, #3166, #8820, #1175 ) ) ;
#911 = AXIS2_PLACEMENT_3D ( 'NONE', #5254, #9389, #9337 ) ;
#912 = EDGE_CURVE ( 'NONE', #4056, #9179, #4788, .T. ) ;
#913 = EDGE_LOOP ( 'NONE', ( #6926, #3457, #190, #7862, #1660, #1764, #5821, #4308, #8473, #6800, #5520, #9033 ) ) ;
#914 = ADVANCED_FACE ( 'NONE', ( #3314 ), #10320, .T. ) ;
#915 = AXIS2_PLACEMENT_3D ( 'NONE', #5570, #6398, #7969 ) ;
#916 = FACE_OUTER_BOUND ( 'NONE', #2953, .T. ) ;
#917 = ORIENTED_EDGE ( 'NONE', *, *, #6140, .F. ) ;
#918 = DIRECTION ( 'NONE',  ( -1.956239355474899994E-14, -2.368475785865020053E-15, 1.000000000000000000 ) ) ;
#919 = DIRECTION ( 'NONE',  ( 1.951563910473908612E-14, -9.233788502334882795E-14, -1.000000000000000000 ) ) ;
#920 = CARTESIAN_POINT ( 'NONE',  ( -0.5531442385204589085, 0.2696028754787344606, 0.001968504047920685909 ) ) ;
#921 = DIRECTION ( 'NONE',  ( 1.000000000000000000, 0.000000000000000000, -6.245969335281450904E-16 ) ) ;
#922 = FACE_OUTER_BOUND ( 'NONE', #5746, .T. ) ;
#923 = DIRECTION ( 'NONE',  ( 1.000000000000000000, -1.105633364298864181E-14, 1.843992576198885306E-14 ) ) ;
#924 = EDGE_LOOP ( 'NONE', ( #2119, #6027, #4303, #10018, #2755, #253, #7732, #4324, #3513, #10146, #3762, #3662, #8138 ) ) ;
#925 = ADVANCED_FACE ( 'NONE', ( #1698 ), #4093, .T. ) ;
#926 = VERTEX_POINT ( 'NONE', #7269 ) ;
#927 = ORIENTED_EDGE ( 'NONE', *, *, #10098, .F. ) ;
#928 = EDGE_CURVE ( 'NONE', #1587, #6488, #4731, .T. ) ;
#929 = CARTESIAN_POINT ( 'NONE',  ( -2.805468560585936665E-16, 0.3541078832172796509, -0.1641203239368975442 ) ) ;
#930 = DIRECTION ( 'NONE',  ( 0.9999999991463189852, -1.233581138511403903E-16, 4.132023649224354420E-05 ) ) ;
#931 = ORIENTED_EDGE ( 'NONE', *, *, #1932, .F. ) ;
#932 = DIRECTION ( 'NONE',  ( -6.604110156791290038E-16, 6.604110156790850248E-16, 1.000000000000000000 ) ) ;
#933 = LINE ( 'NONE', #4112, #1936 ) ;
#934 = DIRECTION ( 'NONE',  ( -2.796841973281160348E-31, -2.220446049250309876E-16, -1.000000000000000000 ) ) ;
#935 = EDGE_CURVE ( 'NONE', #3194, #5264, #8061, .T. ) ;
#936 = CARTESIAN_POINT ( 'NONE',  ( -0.4975276919558053734, 0.01968503937007875723, 0.01377952766996799576 ) ) ;
#937 = ORIENTED_EDGE ( 'NONE', *, *, #9833, .F. ) ;
#938 = AXIS2_PLACEMENT_3D ( 'NONE', #7110, #3886, #3154 ) ;
#939 = CLOSED_SHELL ( 'NONE', ( #5314, #8818, #6241, #10181, #7280, #3396, #9216, #713, #3462, #544, #8883, #8563, #4652, #4917, #1682, #5524, #3464, #8855, #7734, #8785, #2970, #4575, #2378, #9665, #2752, #4039, #412, #489, #5947, #5959, #8629, #3719, #2156, #8503, #8990, #7966, #2557, #6785, #6198, #9200, #9223, #2440, #29, #1445, #4429, #6856, #1920, #7247, #3471, #6772, #6633, #7093, #3598, #9968, #5498, #6331, #4265, #4031, #6163, #8423, #7469, #3713, #8052, #7720, #4431, #252, #1048, #8114, #5833, #4508, #9466, #104, #7999, #213, #8685, #6393, #7332, #6066, #6152, #2, #4122, #9190, #7039, #5516, #627, #5745, #9507, #2814, #5175, #7661, #2570, #1327, #7112, #89, #2861, #7924, #10271, #10045, #3846, #3995, #7951, #217, #4634, #8524, #4174, #7476, #6723, #10238, #4339, #2353, #925, #4829, #6256, #4496, #9862, #4418, #91, #3755, #991, #791, #3390, #6925, #2638, #6029, #8660, #6707, #9618, #4593, #5998, #4985, #7760, #10049, #4164, #6055, #914, #8760, #2192, #8823, #2890, #1634, #3163, #2682, #8297, #2923, #5060, #1449, #2898, #8441, #7210, #8110, #1399, #5628, #6197, #7997, #4545, #3680, #9660, #1106, #7802, #4976, #3594, #5371, #1577, #9341, #4067, #2762, #1678, #4982, #9529, #354, #9539, #7152, #6161, #8942, #4554, #3538, #9415, #8574, #5257, #3786, #4321, #6978, #7768, #1163, #6379, #7070, #8488, #3103, #10100, #8021, #1041, #5824, #2687, #1708, #3243, #344, #3749, #9592, #364, #6831, #7245, #5751, #5108, #7054, #6667, #10256, #3511, #4226, #2335, #7866, #9926, #4852, #8188, #8866, #97, #7300, #8819, #8285, #1740, #1976, #6269, #2085, #1433, #1034, #8556, #6987, #4883, #4626, #6282, #4695, #6940, #159, #131, #435, #6068, #4915, #9650, #2757, #8425, #9765, #1528, #2503, #1402, #289, #5317, #2843, #1033, #9946, #640, #2880, #6591, #176, #6507, #6516, #1301, #5050, #9191, #2387, #5123, #3961, #8058, #6227, #1674, #9198, #864, #2137, #4854, #8435, #9528, #7936, #7609, #9814, #6389, #9344, #5502, #8123, #9334, #5774, #6273, #7230, #2393, #6976, #5251, #5079, #8876, #7165, #8494, #5744, #7596, #10258, #177, #3222, #262, #533, #9007, #8178, #1778, #801, #1747, #7521, #1689, #2699, #8065, #5307, #8261, #10105, #6757, #5003 ) ) ;
#940 = VERTEX_POINT ( 'NONE', #8107 ) ;
#941 = CARTESIAN_POINT ( 'NONE',  ( -0.5649552621425060206, 0.2578329338025018291, -0.3277559054009058781 ) ) ;
#942 = CARTESIAN_POINT ( 'NONE',  ( -0.001207786840961728612, 0.4854396280927667506, -0.3170698374801415587 ) ) ;
#944 = EDGE_CURVE ( 'NONE', #2090, #4541, #8691, .T. ) ;
#943 = VECTOR ( 'NONE', #1858, 39.37007874015748143 ) ;
#945 = DIRECTION ( 'NONE',  ( 5.551115123125759899E-17, 9.436895709313830594E-16, 1.000000000000000000 ) ) ;
#946 = VECTOR ( 'NONE', #9800, 39.37007874015748143 ) ;
#947 = EDGE_CURVE ( 'NONE', #9888, #7838, #2524, .T. ) ;
#948 = DIRECTION ( 'NONE',  ( 1.000000000000000000, -1.437166293563720158E-14, 2.220446049248289899E-16 ) ) ;
#949 = ORIENTED_EDGE ( 'NONE', *, *, #2522, .T. ) ;
#950 = AXIS2_PLACEMENT_3D ( 'NONE', #9315, #9991, #4618 ) ;
#951 = AXIS2_PLACEMENT_3D ( 'NONE', #1604, #9638, #6436 ) ;
#952 = VERTEX_POINT ( 'NONE', #8794 ) ;
#953 = EDGE_LOOP ( 'NONE', ( #231, #706, #7608, #6214 ) ) ;
#954 = CARTESIAN_POINT ( 'NONE',  ( -0.5042044491840317333, 0.4645669291338582196, -0.3228554797919811481 ) ) ;
#955 = DIRECTION ( 'NONE',  ( -1.608082204351659665E-16, -1.000000000000000000, -0.000000000000000000 ) ) ;
#956 = LINE ( 'NONE', #170, #2615 ) ;
#957 = DIRECTION ( 'NONE',  ( 4.857065814976584168E-21, -1.000000000000000000, -1.175469025488419755E-16 ) ) ;
#958 = VECTOR ( 'NONE', #8457, 39.37007874015748143 ) ;
#959 = CARTESIAN_POINT ( 'NONE',  ( -0.3877899078117976184, 0.2342519685039251565, 0.02755905522902296276 ) ) ;
#960 = DIRECTION ( 'NONE',  ( -4.132023649070880181E-05, 0.000000000000000000, 0.9999999991463189852 ) ) ;
#961 = CIRCLE ( 'NONE', #1703, 0.01181102362204724567 ) ;
#962 = ORIENTED_EDGE ( 'NONE', *, *, #475, .T. ) ;
#963 = EDGE_LOOP ( 'NONE', ( #5410, #8086 ) ) ;
#964 = VECTOR ( 'NONE', #9125, 39.37007874015748143 ) ;
#965 = DIRECTION ( 'NONE',  ( 0.9999999991463189852, -1.233581138511405876E-16, 4.132023648205384626E-05 ) ) ;
#966 = VERTEX_POINT ( 'NONE', #2433 ) ;
#967 = CYLINDRICAL_SURFACE ( 'NONE', #3764, 0.02952755905511813758 ) ;
#968 = CARTESIAN_POINT ( 'NONE',  ( -0.4586560495440809571, 0.1766903569713492161, 0.001968504047920685909 ) ) ;
#969 = FACE_OUTER_BOUND ( 'NONE', #1620, .T. ) ;
#970 = CARTESIAN_POINT ( 'NONE',  ( -0.5649552621425059096, 0.4874578478029663042, -0.01094304538883216979 ) ) ;
#971 = CARTESIAN_POINT ( 'NONE',  ( -0.4468450259220339005, 0.1555118110236183016, -0.3425196849284575795 ) ) ;
#972 = CARTESIAN_POINT ( 'NONE',  ( -0.4665300652921126612, 0.2696028754788729609, -0.3405511809914502086 ) ) ;
#973 = EDGE_LOOP ( 'NONE', ( #6511, #1219, #2453, #5161, #8908, #2839, #10031 ) ) ;
#974 = VECTOR ( 'NONE', #9847, 39.37007874015748143 ) ;
#975 = EDGE_CURVE ( 'NONE', #5488, #7187, #7222, .T. ) ;
#976 = ORIENTED_EDGE ( 'NONE', *, *, #9257, .F. ) ;
#977 = EDGE_LOOP ( 'NONE', ( #1547, #3815, #3352, #8112 ) ) ;
#978 = DIRECTION ( 'NONE',  ( 0.9999999991463190963, 1.836940359963950694E-16, 4.132023648018220838E-05 ) ) ;
#979 = ORIENTED_EDGE ( 'NONE', *, *, #532, .T. ) ;
#980 = EDGE_CURVE ( 'NONE', #3624, #6219, #586, .T. ) ;
#981 = CYLINDRICAL_SURFACE ( 'NONE', #82, 0.01181102362204724046 ) ;
#982 = ORIENTED_EDGE ( 'NONE', *, *, #2964, .T. ) ;
#983 = EDGE_CURVE ( 'NONE', #8661, #4204, #828, .T. ) ;
#984 = CARTESIAN_POINT ( 'NONE',  ( 5.367778755658163867E-06, 0.4675598519649055707, -0.3543307085505032483 ) ) ;
#985 = LINE ( 'NONE', #7140, #3601 ) ;
#986 = CARTESIAN_POINT ( 'NONE',  ( -0.5196716993225255488, 0.4645669291338582196, -0.3228561189024178324 ) ) ;
#987 = DIRECTION ( 'NONE',  ( -1.766373724197445560E-14, -0.8576492831063049493, 0.5142350699701851990 ) ) ;
#988 = VERTEX_POINT ( 'NONE', #4783 ) ;
#989 = EDGE_CURVE ( 'NONE', #841, #343, #9282, .T. ) ;
#990 = ORIENTED_EDGE ( 'NONE', *, *, #10235, .T. ) ;
#991 = ADVANCED_FACE ( 'NONE', ( #8742 ), #2384, .T. ) ;
#992 = CARTESIAN_POINT ( 'NONE',  ( -0.5118030519583994797, 0.04133858268976527833, -0.1949030377516243751 ) ) ;
#993 = CYLINDRICAL_SURFACE ( 'NONE', #10102, 0.01181102362204724046 ) ;
#994 = AXIS2_PLACEMENT_3D ( 'NONE', #1470, #882, #7234 ) ;
#995 = CARTESIAN_POINT ( 'NONE',  ( 2.442458517535101301E-06, 0.3612204724567981695, -0.1299212598112989281 ) ) ;
#996 = LINE ( 'NONE', #10074, #7442 ) ;
#997 = VERTEX_POINT ( 'NONE', #9587 ) ;
#998 = ORIENTED_EDGE ( 'NONE', *, *, #4176, .T. ) ;
#999 = EDGE_CURVE ( 'NONE', #9041, #3842, #2786, .T. ) ;
#1000 = ORIENTED_EDGE ( 'NONE', *, *, #8240, .T. ) ;
#1001 = LINE ( 'NONE', #5835, #5425 ) ;
#1002 = DIRECTION ( 'NONE',  ( 8.466415384531749193E-16, -9.958396954279598582E-17, 1.000000000000000000 ) ) ;
#1003 = DIRECTION ( 'NONE',  ( -8.466415384531749193E-16, 9.958396954279598582E-17, -1.000000000000000000 ) ) ;
#1004 = CARTESIAN_POINT ( 'NONE',  ( -0.4075055539863698950, -0.1096117967702591317, 0.0002871963339947274161 ) ) ;
#1005 = FACE_BOUND ( 'NONE', #4929, .T. ) ;
#1006 = DIRECTION ( 'NONE',  ( -1.000000000000000000, 0.000000000000000000, -1.559456281198720078E-15 ) ) ;
#1007 = VERTEX_POINT ( 'NONE', #8986 ) ;
#1008 = ORIENTED_EDGE ( 'NONE', *, *, #9905, .F. ) ;
#1009 = CIRCLE ( 'NONE', #6834, 0.01181102362204724567 ) ;
#1010 = CARTESIAN_POINT ( 'NONE',  ( 5.367778755658163867E-06, 0.01968503937007875723, -0.3228346456132919484 ) ) ;
#1011 = ORIENTED_EDGE ( 'NONE', *, *, #8051, .F. ) ;
#1012 = CARTESIAN_POINT ( 'NONE',  ( -2.731847993664263218E-16, 0.01968503937007875723, -0.1161417320077686999 ) ) ;
#1013 = PLANE ( 'NONE',  #4513 ) ;
#1014 = CYLINDRICAL_SURFACE ( 'NONE', #4943, 0.007874015748031495954 ) ;
#1015 = DIRECTION ( 'NONE',  ( -4.419610452131550249E-15, 0.8576492805176765266, 0.5142350742875397840 ) ) ;
#1016 = CARTESIAN_POINT ( 'NONE',  ( 5.367778755111793735E-06, 0.01968503937007875723, -0.1633858266607408349 ) ) ;
#1017 = CARTESIAN_POINT ( 'NONE',  ( -0.05314879201135646464, 0.3053908251826917830, -0.01970781430357135613 ) ) ;
#1018 = ORIENTED_EDGE ( 'NONE', *, *, #1118, .T. ) ;
#1019 = CIRCLE ( 'NONE', #6840, 0.02755905514163688175 ) ;
#1020 = ORIENTED_EDGE ( 'NONE', *, *, #43, .F. ) ;
#1021 = VERTEX_POINT ( 'NONE', #9935 ) ;
#1022 = CARTESIAN_POINT ( 'NONE',  ( -0.001127711430009255625, 0.4853009334104123051, -0.009651231396289330910 ) ) ;
#1023 = EDGE_LOOP ( 'NONE', ( #3505, #55, #8577, #7612, #1755, #1143 ) ) ;
#1024 = CARTESIAN_POINT ( 'NONE',  ( -0.5531442385204589085, 0.4862204724409451839, -0.3405511809914502086 ) ) ;
#1025 = VECTOR ( 'NONE', #4423, 39.37007874015748143 ) ;
#1026 = VERTEX_POINT ( 'NONE', #3413 ) ;
#1027 = CARTESIAN_POINT ( 'NONE',  ( -0.5531442385204589085, 0.01968503937007875723, 0.01377952766996799576 ) ) ;
#1028 = DIRECTION ( 'NONE',  ( 0.9999999991463190963, 3.082923038283490841E-21, 4.132023647999851065E-05 ) ) ;
#1029 = DIRECTION ( 'NONE',  ( 4.132023649070880181E-05, 0.000000000000000000, -0.9999999991463189852 ) ) ;
#1030 = CARTESIAN_POINT ( 'NONE',  ( -0.5492072306464430564, 0.4862204724409451839, -0.3165430069310017913 ) ) ;
#1031 = ORIENTED_EDGE ( 'NONE', *, *, #5020, .T. ) ;
#1032 = VECTOR ( 'NONE', #6177, 39.37007874015748854 ) ;
#1033 = ADVANCED_FACE ( 'NONE', ( #2629 ), #6686, .T. ) ;
#1034 = ADVANCED_FACE ( 'NONE', ( #236 ), #6639, .T. ) ;
#1035 = ORIENTED_EDGE ( 'NONE', *, *, #8373, .F. ) ;
#1036 = VECTOR ( 'NONE', #6064, 39.37007874015748143 ) ;
#1037 = AXIS2_PLACEMENT_3D ( 'NONE', #5686, #5788, #3447 ) ;
#1038 = ORIENTED_EDGE ( 'NONE', *, *, #8356, .F. ) ;
#1039 = EDGE_CURVE ( 'NONE', #2903, #143, #1845, .T. ) ;
#1040 = FACE_OUTER_BOUND ( 'NONE', #1055, .T. ) ;
#1041 = ADVANCED_FACE ( 'NONE', ( #5850 ), #5022, .T. ) ;
#1042 = LINE ( 'NONE', #8181, #9928 ) ;
#1043 = DIRECTION ( 'NONE',  ( -4.132023649155090164E-05, -7.221721796416659592E-17, 0.9999999991463189852 ) ) ;
#1044 = CARTESIAN_POINT ( 'NONE',  ( -0.4035379393078605825, 0.1070866141732264576, -0.3405511809914499310 ) ) ;
#1045 = CARTESIAN_POINT ( 'NONE',  ( -0.5529303401249746619, 0.02925843802800676477, 0.009696850504613734392 ) ) ;
#1046 = AXIS2_PLACEMENT_3D ( 'NONE', #4336, #7509, #9139 ) ;
#1047 = VECTOR ( 'NONE', #8816, 39.37007874015748143 ) ;
#1048 = ADVANCED_FACE ( 'NONE', ( #5179, #390 ), #8210, .T. ) ;
#1049 = EDGE_LOOP ( 'NONE', ( #9752, #2438, #3965, #9849 ) ) ;
#1050 = B_SPLINE_CURVE_WITH_KNOTS ( 'NONE', 3,
 ( #2458, #942, #7295, #1630 ),
 .UNSPECIFIED., .F., .F.,
 ( 4, 4 ),
 ( 0.000000000000000000, 1.000000000000000000 ),
 .UNSPECIFIED. ) ;
#1051 = VECTOR ( 'NONE', #2118, 39.37007874015748143 ) ;
#1052 = EDGE_CURVE ( 'NONE', #6354, #216, #10286, .T. ) ;
#1053 = AXIS2_PLACEMENT_3D ( 'NONE', #3360, #286, #9038 ) ;
#1054 = VECTOR ( 'NONE', #3377, 39.37007874015748143 ) ;
#1055 = EDGE_LOOP ( 'NONE', ( #1986, #7321, #7775, #8010 ) ) ;
#1056 = DIRECTION ( 'NONE',  ( -1.000000000000000000, -2.669637467189900051E-16, 0.000000000000000000 ) ) ;
#1057 = LINE ( 'NONE', #7255, #8034 ) ;
#1058 = FACE_OUTER_BOUND ( 'NONE', #924, .T. ) ;
#1059 = CARTESIAN_POINT ( 'NONE',  ( -0.4078613921137706488, -0.1135259968720658125, 0.001968504047920678537 ) ) ;
#1060 = CARTESIAN_POINT ( 'NONE',  ( -0.3169293781561191015, 0.4074803149549243719, -0.01574803122046369158 ) ) ;
#1061 = DIRECTION ( 'NONE',  ( 0.000000000000000000, -3.645847629091299935E-13, 1.000000000000000000 ) ) ;
#1062 = EDGE_CURVE ( 'NONE', #9859, #6605, #8782, .T. ) ;
#1063 = ORIENTED_EDGE ( 'NONE', *, *, #9462, .T. ) ;
#1064 = VECTOR ( 'NONE', #5740, 39.37007874015748854 ) ;
#1065 = ORIENTED_EDGE ( 'NONE', *, *, #2121, .T. ) ;
#1066 = CARTESIAN_POINT ( 'NONE',  ( -0.4270405767649864681, 0.1240157480314862393, 0.01574803160697565291 ) ) ;
#1067 = EDGE_LOOP ( 'NONE', ( #1966, #6734, #7851, #7429 ) ) ;
#1068 = LINE ( 'NONE', #6737, #1766 ) ;
#1069 = DIRECTION ( 'NONE',  ( 1.000000000000000000, 0.000000000000000000, 1.084202172485501673E-15 ) ) ;
#1070 = CARTESIAN_POINT ( 'NONE',  ( -0.05314399386119541407, 0.01968503937007875723, -0.1358288863528380463 ) ) ;
#1071 = VECTOR ( 'NONE', #7897, 39.37007874015748143 ) ;
#1072 = DIRECTION ( 'NONE',  ( 1.000000000000000000, 0.000000000000000000, -9.035018104045872913E-16 ) ) ;
#1073 = CARTESIAN_POINT ( 'NONE',  ( -0.4586560495440809571, 0.1149606299212581617, 0.01377952766996799576 ) ) ;
#1074 = EDGE_CURVE ( 'NONE', #2527, #9942, #4300, .T. ) ;
#1075 = LINE ( 'NONE', #9994, #7196 ) ;
#1076 = ORIENTED_EDGE ( 'NONE', *, *, #5818, .F. ) ;
#1077 = EDGE_LOOP ( 'NONE', ( #10051, #4013, #8843, #9449 ) ) ;
#1078 = CIRCLE ( 'NONE', #9239, 0.01968503937007875723 ) ;
#1079 = ORIENTED_EDGE ( 'NONE', *, *, #6562, .T. ) ;
#1080 = CARTESIAN_POINT ( 'NONE',  ( -2.845599543354346730E-16, 0.2938960395213521259, -0.2136182054280255094 ) ) ;
#1081 = ORIENTED_EDGE ( 'NONE', *, *, #7166, .T. ) ;
#1082 = PLANE ( 'NONE',  #4190 ) ;
#1083 = ORIENTED_EDGE ( 'NONE', *, *, #5237, .F. ) ;
#1084 = CARTESIAN_POINT ( 'NONE',  ( 6.669801951282550768E-06, 0.2421259842519683514, -0.1614173226968466102 ) ) ;
#1085 = CARTESIAN_POINT ( 'NONE',  ( -0.03542770308738736607, 0.01968503937007875723, 0.02755905522902296276 ) ) ;
#1086 = CARTESIAN_POINT ( 'NONE',  ( -0.1358134320429699171, 0.01968503937007875723, -0.05708661389753161286 ) ) ;
#1087 = LINE ( 'NONE', #1916, #10206 ) ;
#1088 = CARTESIAN_POINT ( 'NONE',  ( -0.4665300652921126612, -0.1096117967702547602, -0.3270588496554712177 ) ) ;
#1089 = ORIENTED_EDGE ( 'NONE', *, *, #5139, .T. ) ;
#1090 = ORIENTED_EDGE ( 'NONE', *, *, #4898, .T. ) ;
#1091 = EDGE_LOOP ( 'NONE', ( #5842, #7125, #3602, #96 ) ) ;
#1092 = VERTEX_POINT ( 'NONE', #6795 ) ;
#1093 = LINE ( 'NONE', #9122, #8347 ) ;
#1094 = PLANE ( 'NONE',  #3766 ) ;
#1095 = EDGE_CURVE ( 'NONE', #1818, #2036, #6434, .T. ) ;
#1096 = DIRECTION ( 'NONE',  ( 2.796841973281160348E-31, 2.220446049250309876E-16, 1.000000000000000000 ) ) ;
#1097 = FACE_OUTER_BOUND ( 'NONE', #6245, .T. ) ;
#1098 = CARTESIAN_POINT ( 'NONE',  ( -0.5531442385204589085, 0.03149606299212852345, 0.007874015858944203791 ) ) ;
#1099 = AXIS2_PLACEMENT_3D ( 'NONE', #6672, #5684, #6514 ) ;
#1100 = EDGE_CURVE ( 'NONE', #4813, #9426, #6280, .T. ) ;
#1101 = ORIENTED_EDGE ( 'NONE', *, *, #7273, .T. ) ;
#1102 = VECTOR ( 'NONE', #9163, 39.37007874015748143 ) ;
#1103 = AXIS2_PLACEMENT_3D ( 'NONE', #2908, #511, #9435 ) ;
#1104 = ORIENTED_EDGE ( 'NONE', *, *, #2635, .T. ) ;
#1105 = DIRECTION ( 'NONE',  ( 4.336808708445713171E-16, -1.000000000000000000, 0.000000000000000000 ) ) ;
#1106 = ADVANCED_FACE ( 'NONE', ( #3568 ), #7417, .T. ) ;
#1107 = EDGE_CURVE ( 'NONE', #4511, #8672, #1777, .T. ) ;
#1108 = CYLINDRICAL_SURFACE ( 'NONE', #8869, 0.07086614131889723556 ) ;
#1109 = CARTESIAN_POINT ( 'NONE',  ( -0.4468450259220339005, 0.1476377952755860423, 0.01574803160697565291 ) ) ;
#1110 = CARTESIAN_POINT ( 'NONE',  ( -0.05314399386119541407, -0.1003936897637803943, -0.1358288863528366863 ) ) ;
#1111 = CARTESIAN_POINT ( 'NONE',  ( -0.1279473881267609026, 0.007874015748028716927, -0.3349576237734073758 ) ) ;
#1112 = CARTESIAN_POINT ( 'NONE',  ( -0.5531442385204589085, 0.2460629921259527841, 1.109127553579697145E-10 ) ) ;
#1113 = ORIENTED_EDGE ( 'NONE', *, *, #3021, .F. ) ;
#1114 = VECTOR ( 'NONE', #10319, 39.37007874015748143 ) ;
#1115 = AXIS2_PLACEMENT_3D ( 'NONE', #9423, #5338, #5446 ) ;
#1116 = EDGE_CURVE ( 'NONE', #7137, #1937, #1172, .T. ) ;
#1117 = ORIENTED_EDGE ( 'NONE', *, *, #983, .F. ) ;
#1118 = EDGE_CURVE ( 'NONE', #5034, #2927, #1947, .T. ) ;
#1119 = CARTESIAN_POINT ( 'NONE',  ( -0.003680734523836821752, 0.4707233465163094821, 0.01574002836444938352 ) ) ;
#1120 = VERTEX_POINT ( 'NONE', #7364 ) ;
#1121 = LINE ( 'NONE', #4342, #9440 ) ;
#1122 = CIRCLE ( 'NONE', #7122, 0.007874015748031516770 ) ;
#1123 = CARTESIAN_POINT ( 'NONE',  ( 3.695528893881192634E-06, 0.4824159652491570860, -0.08943629574491784862 ) ) ;
#1124 = AXIS2_PLACEMENT_3D ( 'NONE', #2421, #8237, #8678 ) ;
#1125 = DIRECTION ( 'NONE',  ( 0.000000000000000000, 0.000000000000000000, 1.000000000000000000 ) ) ;
#1126 = DIRECTION ( 'NONE',  ( 0.000000000000000000, -1.000000000000000000, 2.220446049250309876E-16 ) ) ;
#1127 = LINE ( 'NONE', #141, #569 ) ;
#1128 = DIRECTION ( 'NONE',  ( 4.078893220340669608E-32, -2.220446049250309876E-16, -1.000000000000000000 ) ) ;
#1129 = ORIENTED_EDGE ( 'NONE', *, *, #2219, .T. ) ;
#1130 = ORIENTED_EDGE ( 'NONE', *, *, #7283, .T. ) ;
#1131 = ORIENTED_EDGE ( 'NONE', *, *, #746, .T. ) ;
#1132 = EDGE_CURVE ( 'NONE', #6777, #9320, #444, .T. ) ;
#1133 = DIRECTION ( 'NONE',  ( 1.000000000000000000, -1.259585646868319844E-15, 1.320822031358179910E-15 ) ) ;
#1134 = ORIENTED_EDGE ( 'NONE', *, *, #2385, .T. ) ;
#1135 = FACE_OUTER_BOUND ( 'NONE', #7450, .T. ) ;
#1136 = ORIENTED_EDGE ( 'NONE', *, *, #8185, .T. ) ;
#1137 = CARTESIAN_POINT ( 'NONE',  ( -0.5314938663831122456, 0.000000000000000000, -0.05317156779685370399 ) ) ;
#1138 = DIRECTION ( 'NONE',  ( 0.000000000000000000, 1.946702628992019695E-16, -1.000000000000000000 ) ) ;
#1139 = DIRECTION ( 'NONE',  ( 2.539115170533117930E-16, -1.000000000000000000, 0.000000000000000000 ) ) ;
#1140 = CIRCLE ( 'NONE', #6967, 0.01181102362204724046 ) ;
#1141 = CARTESIAN_POINT ( 'NONE',  ( -0.1023488650982646714, 0.06102362203897264414, 2.756008557852236267E-10 ) ) ;
#1142 = DIRECTION ( 'NONE',  ( 1.000000000000000000, 0.000000000000000000, 1.098777426433149983E-15 ) ) ;
#1143 = ORIENTED_EDGE ( 'NONE', *, *, #4294, .T. ) ;
#1144 = ORIENTED_EDGE ( 'NONE', *, *, #6457, .T. ) ;
#1145 = ORIENTED_EDGE ( 'NONE', *, *, #9773, .T. ) ;
#1146 = LINE ( 'NONE', #1821, #10017 ) ;
#1147 = CARTESIAN_POINT ( 'NONE',  ( -0.3956639235598342630, 0.01968503937007739374, -0.3287401573694004320 ) ) ;
#1148 = EDGE_CURVE ( 'NONE', #229, #580, #7844, .T. ) ;
#1149 = LINE ( 'NONE', #420, #5941 ) ;
#1150 = DIRECTION ( 'NONE',  ( -4.078893220340669608E-32, 2.220446049250309876E-16, 1.000000000000000000 ) ) ;
#1151 = ORIENTED_EDGE ( 'NONE', *, *, #4867, .T. ) ;
#1152 = ORIENTED_EDGE ( 'NONE', *, *, #95, .F. ) ;
#1153 = VERTEX_POINT ( 'NONE', #2945 ) ;
#1154 = DIRECTION ( 'NONE',  ( 0.000000000000000000, -2.559005805380499967E-16, 1.000000000000000000 ) ) ;
#1155 = CARTESIAN_POINT ( 'NONE',  ( -0.1023625300140883765, 0.1062992126077747096, -0.01378375719628133038 ) ) ;
#1156 = EDGE_CURVE ( 'NONE', #8420, #7674, #7796, .T. ) ;
#1157 = CARTESIAN_POINT ( 'NONE',  ( -0.2755772113419328040, 0.01968503937007875723, -0.3228460328604400575 ) ) ;
#1158 = DIRECTION ( 'NONE',  ( 1.000000000000000000, 0.000000000000000000, 0.000000000000000000 ) ) ;
#1159 = LINE ( 'NONE', #3557, #5794 ) ;
#1160 = DIRECTION ( 'NONE',  ( -1.000000000000000000, -6.123638448986479919E-17, 6.245969335281450904E-16 ) ) ;
#1161 = ORIENTED_EDGE ( 'NONE', *, *, #5320, .F. ) ;
#1162 = EDGE_CURVE ( 'NONE', #18, #3597, #1441, .T. ) ;
#1163 = ADVANCED_FACE ( 'NONE', ( #9316 ), #8414, .F. ) ;
#1164 = VERTEX_POINT ( 'NONE', #662 ) ;
#1165 = LINE ( 'NONE', #5955, #7334 ) ;
#1166 = VERTEX_POINT ( 'NONE', #1494 ) ;
#1167 = DIRECTION ( 'NONE',  ( -1.000000000000000000, 9.051760982578240415E-15, -1.956239355474899994E-14 ) ) ;
#1168 = EDGE_CURVE ( 'NONE', #6017, #8476, #4279, .T. ) ;
#1169 = CARTESIAN_POINT ( 'NONE',  ( -0.4665300652921126612, -0.02604684405929586985, -0.3405511809914502086 ) ) ;
#1170 = EDGE_CURVE ( 'NONE', #1283, #9582, #553, .T. ) ;
#1171 = DIRECTION ( 'NONE',  ( 0.000000000000000000, 1.000000000000000000, -2.220446049250309876E-16 ) ) ;
#1172 = LINE ( 'NONE', #9992, #9290 ) ;
#1173 = PLANE ( 'NONE',  #9885 ) ;
#1174 = LINE ( 'NONE', #4347, #3047 ) ;
#1175 = ORIENTED_EDGE ( 'NONE', *, *, #9729, .T. ) ;
#1176 = EDGE_CURVE ( 'NONE', #9063, #9180, #10094, .T. ) ;
#1177 = ORIENTED_EDGE ( 'NONE', *, *, #681, .T. ) ;
#1178 = ORIENTED_EDGE ( 'NONE', *, *, #2954, .F. ) ;
#1179 = CARTESIAN_POINT ( 'NONE',  ( -0.2755772113419328040, 0.000000000000000000, -0.3228460328604400575 ) ) ;
#1180 = ORIENTED_EDGE ( 'NONE', *, *, #7558, .F. ) ;
#1181 = LINE ( 'NONE', #4357, #8529 ) ;
#1182 = ORIENTED_EDGE ( 'NONE', *, *, #10193, .F. ) ;
#1183 = LINE ( 'NONE', #1346, #3837 ) ;
#1184 = CARTESIAN_POINT ( 'NONE',  ( -0.05314155368975069516, -0.1003936897637803943, -0.1948840044126575188 ) ) ;
#1185 = CARTESIAN_POINT ( 'NONE',  ( -0.01377415978030012769, 0.4862204724409451839, -0.1633858266607408349 ) ) ;
#1186 = VECTOR ( 'NONE', #9781, 39.37007874015748854 ) ;
#1187 = DIRECTION ( 'NONE',  ( 2.796841973281160348E-31, 2.220446049250309876E-16, 1.000000000000000000 ) ) ;
#1188 = FACE_OUTER_BOUND ( 'NONE', #6523, .T. ) ;
#1189 = ORIENTED_EDGE ( 'NONE', *, *, #4480, .F. ) ;
#1190 = EDGE_CURVE ( 'NONE', #7423, #8385, #10151, .T. ) ;
#1191 = ORIENTED_EDGE ( 'NONE', *, *, #3030, .F. ) ;
#1192 = VECTOR ( 'NONE', #2995, 39.37007874015748143 ) ;
#1193 = DIRECTION ( 'NONE',  ( -1.000000000000000000, 0.000000000000000000, -1.098777426433149983E-15 ) ) ;
#1194 = ORIENTED_EDGE ( 'NONE', *, *, #2583, .T. ) ;
#1195 = DIRECTION ( 'NONE',  ( 1.000000000000000000, 2.947193223346190172E-16, -5.551115123125779621E-17 ) ) ;
#1196 = LINE ( 'NONE', #419, #2101 ) ;
#1197 = LINE ( 'NONE', #4425, #6441 ) ;
#1198 = FACE_OUTER_BOUND ( 'NONE', #1691, .T. ) ;
#1199 = EDGE_LOOP ( 'NONE', ( #9792, #5876, #9506, #9566, #4693 ) ) ;
#1200 = EDGE_CURVE ( 'NONE', #1092, #8266, #7742, .T. ) ;
#1201 = VERTEX_POINT ( 'NONE', #1388 ) ;
#1202 = AXIS2_PLACEMENT_3D ( 'NONE', #3135, #7712, #3757 ) ;
#1203 = VECTOR ( 'NONE', #35, 39.37007874015748143 ) ;
#1204 = EDGE_LOOP ( 'NONE', ( #2274, #9118, #6817, #10063 ) ) ;
#1205 = ORIENTED_EDGE ( 'NONE', *, *, #9274, .T. ) ;
#1206 = CARTESIAN_POINT ( 'NONE',  ( -0.4665300652921126612, -0.1377952755905510474, 0.01377952766996799576 ) ) ;
#1207 = DIRECTION ( 'NONE',  ( 0.000000000000000000, -1.000000000000000000, 2.220446049250309876E-16 ) ) ;
#1208 = AXIS2_PLACEMENT_3D ( 'NONE', #7224, #5613, #1751 ) ;
#1209 =( NAMED_UNIT ( * ) SI_UNIT ( $, .STERADIAN. ) SOLID_ANGLE_UNIT ( ) );
#1210 = CIRCLE ( 'NONE', #4200, 0.01181102362204724567 ) ;
#1211 = CARTESIAN_POINT ( 'NONE',  ( -0.3956639235598288229, 0.1543307086614156831, -0.3405511809914499310 ) ) ;
#1212 = DIRECTION ( 'NONE',  ( 2.982960006829620341E-15, 1.000000000000000000, 9.958396954279348366E-17 ) ) ;
#1213 = FACE_OUTER_BOUND ( 'NONE', #4530, .T. ) ;
#1214 = VERTEX_POINT ( 'NONE', #3055 ) ;
#1215 = ORIENTED_EDGE ( 'NONE', *, *, #9100, .T. ) ;
#1216 = AXIS2_PLACEMENT_3D ( 'NONE', #3711, #2203, #5221 ) ;
#1217 = AXIS2_PLACEMENT_3D ( 'NONE', #1632, #945, #5637 ) ;
#1218 = CARTESIAN_POINT ( 'NONE',  ( -0.04527022277243084036, 0.01968503937007739374, -0.3405511809914493759 ) ) ;
#1219 = ORIENTED_EDGE ( 'NONE', *, *, #10130, .T. ) ;
#1220 = DIRECTION ( 'NONE',  ( -8.466415384531750179E-16, 9.958396954279598582E-17, -1.000000000000000000 ) ) ;
#1221 = CARTESIAN_POINT ( 'NONE',  ( -0.3641321780591447732, 0.01377952756371386006, -0.1161567791576659098 ) ) ;
#1222 = CARTESIAN_POINT ( 'NONE',  ( -0.5314938663831122456, 0.2027559055163418722, -0.05317156779685343337 ) ) ;
#1223 = CARTESIAN_POINT ( 'NONE',  ( -0.4074749471818763791, -0.05466976174329210569, -0.3135386051237536442 ) ) ;
#1224 = DIRECTION ( 'NONE',  ( 0.000000000000000000, 1.000000000000000000, -2.168404344971008868E-16 ) ) ;
#1225 = EDGE_CURVE ( 'NONE', #10272, #6425, #7010, .T. ) ;
#1226 = LINE ( 'NONE', #8988, #1713 ) ;
#1227 = VECTOR ( 'NONE', #2293, 39.37007874015748143 ) ;
#1228 = ORIENTED_EDGE ( 'NONE', *, *, #312, .F. ) ;
#1229 = VECTOR ( 'NONE', #6341, 39.37007874015748143 ) ;
#1230 = AXIS2_PLACEMENT_3D ( 'NONE', #8904, #7185, #53 ) ;
#1231 = ORIENTED_EDGE ( 'NONE', *, *, #7592, .F. ) ;
#1232 = ORIENTED_EDGE ( 'NONE', *, *, #3611, .T. ) ;
#1233 = EDGE_CURVE ( 'NONE', #6874, #3487, #4506, .T. ) ;
#1234 = ORIENTED_EDGE ( 'NONE', *, *, #10179, .T. ) ;
#1235 = AXIS2_PLACEMENT_3D ( 'NONE', #1335, #6741, #1224 ) ;
#1236 = LINE ( 'NONE', #506, #2047 ) ;
#1237 = ORIENTED_EDGE ( 'NONE', *, *, #9019, .F. ) ;
#1238 = CARTESIAN_POINT ( 'NONE',  ( -2.731847993664263218E-16, 0.4842519685039369803, 0.000000000000000000 ) ) ;
#1239 = DIRECTION ( 'NONE',  ( 0.9999999991463189852, 1.836940359963949708E-16, 4.132023648018220161E-05 ) ) ;
#1240 = CARTESIAN_POINT ( 'NONE',  ( -0.2755838811438846014, 0.4842519685039369803, -0.1614287101635928923 ) ) ;
#1241 = FACE_OUTER_BOUND ( 'NONE', #8526, .T. ) ;
#1242 = EDGE_CURVE ( 'NONE', #2718, #7501, #606, .T. ) ;
#1243 = DIRECTION ( 'NONE',  ( 0.9284766908852516432, -1.202741610011913726E-13, -0.3713906763541229283 ) ) ;
#1244 = CARTESIAN_POINT ( 'NONE',  ( -0.1476244556650251338, -0.1003937007926954950, -0.1161417320077676174 ) ) ;
#1245 = ORIENTED_EDGE ( 'NONE', *, *, #7729, .T. ) ;
#1246 = CIRCLE ( 'NONE', #9066, 0.01181102362204724567 ) ;
#1247 = ORIENTED_EDGE ( 'NONE', *, *, #1805, .T. ) ;
#1248 = EDGE_CURVE ( 'NONE', #654, #7914, #4671, .T. ) ;
#1249 = FACE_OUTER_BOUND ( 'NONE', #9677, .T. ) ;
#1250 = ORIENTED_EDGE ( 'NONE', *, *, #892, .F. ) ;
#1251 = CARTESIAN_POINT ( 'NONE',  ( -0.04723872670943193852, 0.4239038302175392459, 0.01574803160697565291 ) ) ;
#1252 = EDGE_CURVE ( 'NONE', #4742, #1153, #3889, .T. ) ;
#1253 = PLANE ( 'NONE',  #5757 ) ;
#1254 = DIRECTION ( 'NONE',  ( 0.000000000000000000, 1.000000000000000000, -2.220446049351462798E-16 ) ) ;
#1255 = DIRECTION ( 'NONE',  ( 1.000000000000000000, -9.634711363903441210E-15, 1.929231152724350329E-14 ) ) ;
#1256 = ORIENTED_EDGE ( 'NONE', *, *, #4486, .F. ) ;
#1257 = VERTEX_POINT ( 'NONE', #5393 ) ;
#1258 = VERTEX_POINT ( 'NONE', #8582 ) ;
#1259 = ORIENTED_EDGE ( 'NONE', *, *, #465, .F. ) ;
#1260 = EDGE_CURVE ( 'NONE', #1326, #5171, #6224, .T. ) ;
#1261 = VERTEX_POINT ( 'NONE', #10041 ) ;
#1262 = DIRECTION ( 'NONE',  ( 8.466415384531749193E-16, -9.958396954279598582E-17, 1.000000000000000000 ) ) ;
#1263 = LINE ( 'NONE', #5890, #8204 ) ;
#1264 = DIRECTION ( 'NONE',  ( 1.098777426433149983E-15, -2.220446049250329844E-16, -1.000000000000000000 ) ) ;
#1265 = CARTESIAN_POINT ( 'NONE',  ( -0.5649552621425060206, 0.4862204724409451839, -0.3165430069310015138 ) ) ;
#1266 = CARTESIAN_POINT ( 'NONE',  ( -0.04527022277243138854, 0.007874015748028716927, -0.3287401573694004320 ) ) ;
#1267 = FACE_OUTER_BOUND ( 'NONE', #7068, .T. ) ;
#1268 = VERTEX_POINT ( 'NONE', #2836 ) ;
#1269 = VECTOR ( 'NONE', #6272, 39.37007874015748143 ) ;
#1270 = VECTOR ( 'NONE', #313, 39.37007874015748143 ) ;
#1271 = ORIENTED_EDGE ( 'NONE', *, *, #7621, .T. ) ;
#1272 = DIRECTION ( 'NONE',  ( -1.000000000000000000, -5.960771589037120061E-15, -9.941467993053840475E-15 ) ) ;
#1273 = ORIENTED_EDGE ( 'NONE', *, *, #81, .T. ) ;
#1274 = PLANE ( 'NONE',  #2093 ) ;
#1275 = DIRECTION ( 'NONE',  ( -1.000000000000000000, -5.158789017058210023E-16, -1.719596339019399890E-16 ) ) ;
#1276 = DIRECTION ( 'NONE',  ( 1.320806235146371905E-15, 0.000000000000000000, -1.000000000000000000 ) ) ;
#1277 = DIRECTION ( 'NONE',  ( 1.915423838057725026E-14, -8.077306185017011820E-14, -1.000000000000000000 ) ) ;
#1278 = CARTESIAN_POINT ( 'NONE',  ( -0.5223075146853763950, 0.01968503937007875723, -0.05317118821462847589 ) ) ;
#1279 = VECTOR ( 'NONE', #5864, 39.37007874015748854 ) ;
#1280 = CARTESIAN_POINT ( 'NONE',  ( -0.3523087430381312557, 0.06492174763989645714, -0.1161562801317813226 ) ) ;
#1281 = AXIS2_PLACEMENT_3D ( 'NONE', #300, #9844, #6023 ) ;
#1282 = ORIENTED_EDGE ( 'NONE', *, *, #4868, .F. ) ;
#1283 = VERTEX_POINT ( 'NONE', #7629 ) ;
#1284 = ORIENTED_EDGE ( 'NONE', *, *, #8013, .F. ) ;
#1285 = ORIENTED_EDGE ( 'NONE', *, *, #5970, .T. ) ;
#1286 = VECTOR ( 'NONE', #7682, 39.37007874015748143 ) ;
#1287 = AXIS2_PLACEMENT_3D ( 'NONE', #6008, #5230, #1277 ) ;
#1288 = CARTESIAN_POINT ( 'NONE',  ( -0.4507820337960491974, 0.1240157480314958149, 1.109012815963963258E-10 ) ) ;
#1289 = EDGE_LOOP ( 'NONE', ( #5187, #6670, #9241, #5999 ) ) ;
#1290 = PLANE ( 'NONE',  #7513 ) ;
#1291 = DIRECTION ( 'NONE',  ( 1.000000000000000000, -1.608082204351299748E-16, 0.000000000000000000 ) ) ;
#1292 = CARTESIAN_POINT ( 'NONE',  ( -0.1220478947221768223, 0.1062992126077747096, -0.005910554845453263109 ) ) ;
#1293 = DIRECTION ( 'NONE',  ( 1.241154504388520031E-14, 1.000000000000000000, 0.000000000000000000 ) ) ;
#1294 = DIRECTION ( 'NONE',  ( -1.000000000000000000, -2.669637467189900051E-16, -5.551115123125779621E-17 ) ) ;
#1295 = CARTESIAN_POINT ( 'NONE',  ( -0.04133776837922725766, 0.2457884722556810952, -0.01970781430357135613 ) ) ;
#1296 = CARTESIAN_POINT ( 'NONE',  ( -0.04133297024923053564, -0.1003936897637803943, -0.1358283983185479549 ) ) ;
#1297 = EDGE_CURVE ( 'NONE', #6160, #7660, #5773, .T. ) ;
#1298 = ORIENTED_EDGE ( 'NONE', *, *, #1623, .T. ) ;
#1299 = CIRCLE ( 'NONE', #9956, 0.01181102362204724046 ) ;
#1300 = VERTEX_POINT ( 'NONE', #4454 ) ;
#1301 = ADVANCED_FACE ( 'NONE', ( #497 ), #3670, .F. ) ;
#1302 = EDGE_CURVE ( 'NONE', #2037, #747, #6265, .T. ) ;
#1303 = DIRECTION ( 'NONE',  ( -4.132023648572434496E-05, 0.000000000000000000, 0.9999999991463189852 ) ) ;
#1304 = CYLINDRICAL_SURFACE ( 'NONE', #1907, 0.003937007874015747977 ) ;
#1305 = ORIENTED_EDGE ( 'NONE', *, *, #425, .T. ) ;
#1306 = CARTESIAN_POINT ( 'NONE',  ( -0.01377415978030067413, 0.01968503937007875723, -0.3405511809914496535 ) ) ;
#1307 = CARTESIAN_POINT ( 'NONE',  ( -0.4665300652921126612, -0.08098887952964045622, -0.003103332212128194229 ) ) ;
#1308 = LINE ( 'NONE', #9964, #1954 ) ;
#1309 = LINE ( 'NONE', #421, #9801 ) ;
#1310 = EDGE_CURVE ( 'NONE', #7759, #7646, #7955, .T. ) ;
#1311 = ORIENTED_EDGE ( 'NONE', *, *, #6014, .F. ) ;
#1312 = ORIENTED_EDGE ( 'NONE', *, *, #6462, .F. ) ;
#1313 = VECTOR ( 'NONE', #6755, 39.37007874015748143 ) ;
#1314 = EDGE_CURVE ( 'NONE', #5910, #2305, #10307, .T. ) ;
#1315 = ORIENTED_EDGE ( 'NONE', *, *, #4811, .T. ) ;
#1316 = ORIENTED_EDGE ( 'NONE', *, *, #1801, .F. ) ;
#1317 = ORIENTED_EDGE ( 'NONE', *, *, #9143, .F. ) ;
#1318 = DIRECTION ( 'NONE',  ( 0.000000000000000000, 1.000000000000000000, -2.220446049250309876E-16 ) ) ;
#1319 = VECTOR ( 'NONE', #9923, 39.37007874015748143 ) ;
#1320 = CARTESIAN_POINT ( 'NONE',  ( -0.3661370143137807065, 0.01377952757303410602, -0.1161568612489635166 ) ) ;
#1321 = SURFACE_SIDE_STYLE ('',( #2201 ) ) ;
#1322 = ORIENTED_EDGE ( 'NONE', *, *, #2788, .T. ) ;
#1323 = CARTESIAN_POINT ( 'NONE',  ( -0.4074749471818763791, -0.02604684404438271580, -0.3287401573693995993 ) ) ;
#1324 = CARTESIAN_POINT ( 'NONE',  ( 0.1456746591693077186, 0.2755905511811020947, -0.1299212597316068418 ) ) ;
#1325 = DIRECTION ( 'NONE',  ( -0.9999999991463190963, 2.350106382385750637E-14, -4.132023648018220838E-05 ) ) ;
#1326 = VERTEX_POINT ( 'NONE', #6559 ) ;
#1327 = ADVANCED_FACE ( 'NONE', ( #210 ), #7114, .T. ) ;
#1328 = ORIENTED_EDGE ( 'NONE', *, *, #4009, .F. ) ;
#1329 = CARTESIAN_POINT ( 'NONE',  ( -0.3877899078117976184, 0.03346456692912580522, 0.02755905522902296276 ) ) ;
#1330 = ORIENTED_EDGE ( 'NONE', *, *, #1707, .T. ) ;
#1331 = DIRECTION ( 'NONE',  ( -6.123638448986479919E-17, 1.000000000000000000, 9.958396954279598582E-17 ) ) ;
#1332 = CARTESIAN_POINT ( 'NONE',  ( -0.1161363645047149701, -0.05466976174329647720, -0.3135386051237546989 ) ) ;
#1333 = DIRECTION ( 'NONE',  ( 4.132023648017780381E-05, 7.759661050625662606E-17, -0.9999999991463190963 ) ) ;
#1334 = DIRECTION ( 'NONE',  ( -6.123638448986479919E-17, 1.000000000000000000, 9.958396954279598582E-17 ) ) ;
#1335 = CARTESIAN_POINT ( 'NONE',  ( -0.4271520147045647642, 0.09055118109409331095, -0.01970781430357135613 ) ) ;
#1336 = LINE ( 'NONE', #7067, #9207 ) ;
#1337 = ORIENTED_EDGE ( 'NONE', *, *, #9905, .T. ) ;
#1338 = ORIENTED_EDGE ( 'NONE', *, *, #5639, .T. ) ;
#1339 = ORIENTED_EDGE ( 'NONE', *, *, #7028, .F. ) ;
#1340 = VECTOR ( 'NONE', #1291, 39.37007874015748143 ) ;
#1341 = ORIENTED_EDGE ( 'NONE', *, *, #3448, .F. ) ;
#1342 = EDGE_CURVE ( 'NONE', #1026, #4461, #8964, .T. ) ;
#1343 = LINE ( 'NONE', #400, #1051 ) ;
#1344 = ORIENTED_EDGE ( 'NONE', *, *, #1498, .F. ) ;
#1345 = PLANE ( 'NONE',  #2370 ) ;
#1346 = CARTESIAN_POINT ( 'NONE',  ( -0.5196828427721318366, 0.4842519685039369803, -0.05317107976256416069 ) ) ;
#1347 = DIRECTION ( 'NONE',  ( -0.9999999991463189852, 0.000000000000000000, -4.132023648018220161E-05 ) ) ;
#1348 = CARTESIAN_POINT ( 'NONE',  ( -0.04493248089200173323, 0.4294716001481418410, -0.3425196849284575795 ) ) ;
#1349 = CARTESIAN_POINT ( 'NONE',  ( -0.02558518263147974495, 0.1915354334842512829, -0.1299212597316068418 ) ) ;
#1350 = LINE ( 'NONE', #7699, #2866 ) ;
#1351 = PLANE ( 'NONE',  #7138 ) ;
#1352 = ORIENTED_EDGE ( 'NONE', *, *, #5237, .T. ) ;
#1353 = EDGE_LOOP ( 'NONE', ( #9654, #4436, #5224, #7678 ) ) ;
#1354 = DIRECTION ( 'NONE',  ( -1.000000000000000000, 1.437166293563720158E-14, -2.220446049248289899E-16 ) ) ;
#1355 = FACE_OUTER_BOUND ( 'NONE', #2700, .T. ) ;
#1356 = EDGE_LOOP ( 'NONE', ( #6378, #4627, #2186, #2221, #1701, #10046, #9160, #7986 ) ) ;
#1357 = CARTESIAN_POINT ( 'NONE',  ( -0.4665300652921126612, -0.02604684405929586985, -0.009842519574132086585 ) ) ;
#1358 = DIRECTION ( 'NONE',  ( -1.000000000000000000, -2.669637467189900051E-16, -5.551115123125779621E-17 ) ) ;
#1359 = CARTESIAN_POINT ( 'NONE',  ( -0.4084218461419527602, -0.1156854393858068875, 0.001968504047920685909 ) ) ;
#1360 = DIRECTION ( 'NONE',  ( -6.702939235889452456E-16, 0.2585594446248435929, 0.9659953486406093193 ) ) ;
#1361 = EDGE_CURVE ( 'NONE', #3173, #1392, #6613, .T. ) ;
#1362 = VECTOR ( 'NONE', #6458, 39.37007874015748854 ) ;
#1363 = ORIENTED_EDGE ( 'NONE', *, *, #5634, .T. ) ;
#1364 = VERTEX_POINT ( 'NONE', #9757 ) ;
#1365 = EDGE_CURVE ( 'NONE', #5323, #2157, #6325, .T. ) ;
#1366 = ORIENTED_EDGE ( 'NONE', *, *, #8140, .F. ) ;
#1367 = FACE_OUTER_BOUND ( 'NONE', #6185, .T. ) ;
#1368 = LINE ( 'NONE', #4543, #4105 ) ;
#1369 = CARTESIAN_POINT ( 'NONE',  ( -0.3503889014928985857, 0.01968503937007875723, -0.1161562105332166472 ) ) ;
#1370 = FACE_OUTER_BOUND ( 'NONE', #6374, .T. ) ;
#1371 = CARTESIAN_POINT ( 'NONE',  ( -0.5649552621425060206, 0.2696028754788729609, -0.3405511809914499310 ) ) ;
#1372 = EDGE_CURVE ( 'NONE', #6017, #5212, #4452, .T. ) ;
#1373 = LINE ( 'NONE', #2153, #3984 ) ;
#1374 = FACE_OUTER_BOUND ( 'NONE', #719, .T. ) ;
#1375 = ORIENTED_EDGE ( 'NONE', *, *, #7191, .T. ) ;
#1376 = CIRCLE ( 'NONE', #3044, 0.02952755905511811330 ) ;
#1377 = ORIENTED_EDGE ( 'NONE', *, *, #10087, .T. ) ;
#1378 = EDGE_CURVE ( 'NONE', #2006, #9903, #3970, .T. ) ;
#1379 = CIRCLE ( 'NONE', #374, 0.007874015748031516770 ) ;
#1381 = LINE ( 'NONE', #4847, #9851 ) ;
#1380 = CIRCLE ( 'NONE', #2042, 0.007874015748031495954 ) ;
#1382 = EDGE_LOOP ( 'NONE', ( #7906, #881, #8253, #8799, #1129, #3433, #5936, #2251, #5107, #7109 ) ) ;
#1383 = ORIENTED_EDGE ( 'NONE', *, *, #2010, .T. ) ;
#1384 = CARTESIAN_POINT ( 'NONE',  ( -0.3877899078117976184, 0.1240157480314862393, -0.3425196849284575795 ) ) ;
#1385 = LINE ( 'NONE', #10305, #5028 ) ;
#1386 = EDGE_CURVE ( 'NONE', #4981, #2846, #1874, .T. ) ;
#1387 = FACE_OUTER_BOUND ( 'NONE', #690, .T. ) ;
#1388 = CARTESIAN_POINT ( 'NONE',  ( -0.4075055539863698950, -0.1096117967702591317, 0.0002871963339947274161 ) ) ;
#1389 = DIRECTION ( 'NONE',  ( -0.9999999991463189852, 0.000000000000000000, -4.132023649202460312E-05 ) ) ;
#1390 = LINE ( 'NONE', #5496, #8037 ) ;
#1391 = ORIENTED_EDGE ( 'NONE', *, *, #4653, .F. ) ;
#1392 = VERTEX_POINT ( 'NONE', #8777 ) ;
#1393 = CIRCLE ( 'NONE', #2710, 0.01552990469826760062 ) ;
#1394 = VECTOR ( 'NONE', #3821, 39.37007874015748143 ) ;
#1395 = ORIENTED_EDGE ( 'NONE', *, *, #10002, .T. ) ;
#1396 = CARTESIAN_POINT ( 'NONE',  ( 5.368377182532709768E-06, 0.2755905511811020947, -0.1299212597316068418 ) ) ;
#1397 = EDGE_LOOP ( 'NONE', ( #9178, #5017, #1363, #832 ) ) ;
#1398 = DIRECTION ( 'NONE',  ( 1.000000000000000000, -7.228014483236698528E-16, 1.084202172485504828E-15 ) ) ;
#1399 = ADVANCED_FACE ( 'NONE', ( #2371 ), #814, .F. ) ;
#1400 = DIRECTION ( 'NONE',  ( 7.580849475075303291E-15, 0.5142350688147711013, -0.8576492837990759011 ) ) ;
#1401 = CIRCLE ( 'NONE', #9724, 0.01968503937007875723 ) ;
#1402 = ADVANCED_FACE ( 'NONE', ( #3938 ), #5053, .T. ) ;
#1403 = DIRECTION ( 'NONE',  ( -1.000000000000000000, 9.634711363903441210E-15, -1.929231152724350329E-14 ) ) ;
#1404 = VECTOR ( 'NONE', #607, 39.37007874015748143 ) ;
#1405 = CARTESIAN_POINT ( 'NONE',  ( -0.5527777081583014063, 0.4839543488440719576, -0.008531993595644455503 ) ) ;
#1406 = VECTOR ( 'NONE', #5475, 39.37007874015748143 ) ;
#1407 = DIRECTION ( 'NONE',  ( 1.818325889514540182E-14, 0.8576492835018546534, -0.5142350693104809078 ) ) ;
#1408 = LINE ( 'NONE', #573, #10233 ) ;
#1409 = ORIENTED_EDGE ( 'NONE', *, *, #3586, .F. ) ;
#1410 = ORIENTED_EDGE ( 'NONE', *, *, #2888, .T. ) ;
#1411 = FACE_OUTER_BOUND ( 'NONE', #5013, .T. ) ;
#1412 = CARTESIAN_POINT ( 'NONE',  ( -0.3877899078117976184, 0.02165354330708013295, -0.3543307085505046361 ) ) ;
#1413 = EDGE_LOOP ( 'NONE', ( #6618, #6951, #9008, #4485, #4478, #9478, #3073, #6802, #8287, #7082, #6174, #9461, #2170, #2132, #5319 ) ) ;
#1414 = DIRECTION ( 'NONE',  ( -1.000000000000000000, 1.437166293563720158E-14, -2.220446049248289899E-16 ) ) ;
#1415 = CARTESIAN_POINT ( 'NONE',  ( -0.2795195062627253701, 0.01968503937007875723, -0.1948934397405789332 ) ) ;
#1416 = CYLINDRICAL_SURFACE ( 'NONE', #4060, 0.1210629921259842451 ) ;
#1417 = FACE_OUTER_BOUND ( 'NONE', #8787, .T. ) ;
#1418 = ORIENTED_EDGE ( 'NONE', *, *, #5803, .T. ) ;
#1419 = CIRCLE ( 'NONE', #2077, 0.01181102362204724046 ) ;
#1420 = ORIENTED_EDGE ( 'NONE', *, *, #4538, .T. ) ;
#1421 = AXIS2_PLACEMENT_3D ( 'NONE', #4790, #835, #194 ) ;
#1422 = ORIENTED_EDGE ( 'NONE', *, *, #6643, .T. ) ;
#1423 = PLANE ( 'NONE',  #4260 ) ;
#1424 = PLANE ( 'NONE',  #3437 ) ;
#1425 = CARTESIAN_POINT ( 'NONE',  ( -0.4724411893061036816, 0.1653543307150614206, -0.01574803122046396220 ) ) ;
#1426 = DIRECTION ( 'NONE',  ( -4.132023648018220161E-05, -7.221721796416450051E-17, 0.9999999991463189852 ) ) ;
#1427 = CARTESIAN_POINT ( 'NONE',  ( -0.4665300652921126612, -0.1082677165354328924, -0.3393563159933601914 ) ) ;
#1428 =( CONVERSION_BASED_UNIT ( 'INCH', #9187 ) LENGTH_UNIT ( ) NAMED_UNIT ( #3554 ) );
#1429 = DIRECTION ( 'NONE',  ( 8.272121668177920088E-28, -2.323290369719684552E-16, -1.000000000000000000 ) ) ;
#1430 = ORIENTED_EDGE ( 'NONE', *, *, #6071, .F. ) ;
#1431 = EDGE_CURVE ( 'NONE', #4981, #7568, #5544, .T. ) ;
#1432 = ORIENTED_EDGE ( 'NONE', *, *, #6475, .F. ) ;
#1433 = ADVANCED_FACE ( 'NONE', ( #1097 ), #7945, .T. ) ;
#1434 = EDGE_CURVE ( 'NONE', #1865, #7688, #7392, .T. ) ;
#1435 = FACE_OUTER_BOUND ( 'NONE', #19, .T. ) ;
#1436 = VERTEX_POINT ( 'NONE', #7992 ) ;
#1437 = ORIENTED_EDGE ( 'NONE', *, *, #8448, .F. ) ;
#1438 = DIRECTION ( 'NONE',  ( -0.9999999991463189852, -3.268435635769366220E-34, -4.132023648018928958E-05 ) ) ;
#1439 = DIRECTION ( 'NONE',  ( 1.098777426433149983E-15, -2.220446049250329844E-16, -1.000000000000000000 ) ) ;
#1440 = CARTESIAN_POINT ( 'NONE',  ( -0.3523684603070156851, 0.01968503937007875723, -0.05711068789771941295 ) ) ;
#1441 = LINE ( 'NONE', #5286, #2452 ) ;
#1442 = DIRECTION ( 'NONE',  ( 1.098777426433149983E-15, -2.220446049250329844E-16, -1.000000000000000000 ) ) ;
#1443 = LINE ( 'NONE', #3891, #5376 ) ;
#1444 = ORIENTED_EDGE ( 'NONE', *, *, #8838, .F. ) ;
#1445 = ADVANCED_FACE ( 'NONE', ( #856 ), #2322, .T. ) ;
#1446 = ORIENTED_EDGE ( 'NONE', *, *, #3334, .T. ) ;
#1447 = CIRCLE ( 'NONE', #8916, 0.01574803149606299191 ) ;
#1448 = VECTOR ( 'NONE', #8290, 39.37007874015748143 ) ;
#1450 = ORIENTED_EDGE ( 'NONE', *, *, #6011, .T. ) ;
#1449 = ADVANCED_FACE ( 'NONE', ( #4327 ), #3697, .T. ) ;
#1451 = DIRECTION ( 'NONE',  ( 1.259585646868319844E-15, 1.000000000000000000, -2.220446049250309876E-16 ) ) ;
#1452 = ORIENTED_EDGE ( 'NONE', *, *, #2385, .F. ) ;
#1453 = DIRECTION ( 'NONE',  ( 1.098777426433149983E-15, -2.220446049250329844E-16, -1.000000000000000000 ) ) ;
#1454 = CIRCLE ( 'NONE', #792, 0.007874015748031495954 ) ;
#1455 = LINE ( 'NONE', #5460, #3339 ) ;
#1456 = VECTOR ( 'NONE', #2297, 39.37007874015748143 ) ;
#1457 = CARTESIAN_POINT ( 'NONE',  ( -0.4078613921137710929, -0.1135259968720670198, -0.3287401573694007095 ) ) ;
#1458 = CARTESIAN_POINT ( 'NONE',  ( -0.03936926444221768712, 0.2421259842519683514, -0.01970781430357135613 ) ) ;
#1459 = LINE ( 'NONE', #7813, #5046 ) ;
#1460 = LINE ( 'NONE', #3122, #899 ) ;
#1461 = EDGE_LOOP ( 'NONE', ( #3193, #8386, #3486, #5477 ) ) ;
#1463 = EDGE_CURVE ( 'NONE', #8275, #8658, #4482, .T. ) ;
#1462 = AXIS2_PLACEMENT_3D ( 'NONE', #8156, #9934, #2002 ) ;
#1464 = VECTOR ( 'NONE', #2216, 39.37007874015748143 ) ;
#1466 = ORIENTED_EDGE ( 'NONE', *, *, #3813, .T. ) ;
#1465 = EDGE_CURVE ( 'NONE', #5341, #8610, #2618, .T. ) ;
#1467 = DIRECTION ( 'NONE',  ( -1.000000000000000000, -6.123638448986479919E-17, 6.245969335281450904E-16 ) ) ;
#1468 = DIRECTION ( 'NONE',  ( 1.000000000000000000, -3.702480592180454985E-15, -6.175054893430670026E-15 ) ) ;
#1469 = EDGE_LOOP ( 'NONE', ( #2713, #1282, #601, #6678 ) ) ;
#1470 = CARTESIAN_POINT ( 'NONE',  ( -0.1161363645047149701, -0.07086614183904474396, -0.3405511809914336108 ) ) ;
#1471 = CARTESIAN_POINT ( 'NONE',  ( -0.4665300652921126612, -0.06871868292611607587, -0.3287401573693974344 ) ) ;
#1472 = AXIS2_PLACEMENT_3D ( 'NONE', #8776, #5646, #7991 ) ;
#1473 = CIRCLE ( 'NONE', #2130, 0.1210629921259842451 ) ;
#1474 = CARTESIAN_POINT ( 'NONE',  ( 5.367778755658163867E-06, 0.2755905511811020947, -0.1299212597316068418 ) ) ;
#1475 = FACE_OUTER_BOUND ( 'NONE', #3943, .T. ) ;
#1476 = ORIENTED_EDGE ( 'NONE', *, *, #1314, .T. ) ;
#1477 = VECTOR ( 'NONE', #4806, 39.37007874015748854 ) ;
#1478 = EDGE_LOOP ( 'NONE', ( #3354, #7120, #7492, #4658 ) ) ;
#1479 = ORIENTED_EDGE ( 'NONE', *, *, #3532, .F. ) ;
#1480 = EDGE_CURVE ( 'NONE', #59, #705, #1197, .T. ) ;
#1481 = CARTESIAN_POINT ( 'NONE',  ( -0.2755883547915327636, 0.2421259842519683514, -0.05316099372058551847 ) ) ;
#1482 = CARTESIAN_POINT ( 'NONE',  ( -0.01377415978030067413, 0.4862204724409451839, -0.3287401573694021528 ) ) ;
#1483 = CARTESIAN_POINT ( 'NONE',  ( 5.367778755268737082E-06, 0.4711884688077148664, -0.3407739537499211990 ) ) ;
#1484 = CARTESIAN_POINT ( 'NONE',  ( -0.4665300652921126612, -0.05466976174329210569, -0.3135386051237546989 ) ) ;
#1485 = FACE_OUTER_BOUND ( 'NONE', #6787, .T. ) ;
#1486 = VECTOR ( 'NONE', #8172, 39.37007874015748143 ) ;
#1487 = ORIENTED_EDGE ( 'NONE', *, *, #8867, .F. ) ;
#1488 = ORIENTED_EDGE ( 'NONE', *, *, #9676, .T. ) ;
#1489 = CIRCLE ( 'NONE', #8475, 0.02755905514163688175 ) ;
#1490 = EDGE_LOOP ( 'NONE', ( #468, #8454, #703, #3817, #528, #2544 ) ) ;
#1491 = ORIENTED_EDGE ( 'NONE', *, *, #7092, .F. ) ;
#1492 = FACE_OUTER_BOUND ( 'NONE', #8294, .T. ) ;
#1493 = LINE ( 'NONE', #3988, #3883 ) ;
#1494 = CARTESIAN_POINT ( 'NONE',  ( -0.1338560714672580310, 0.01377952756604412625, -0.05315513730911644585 ) ) ;
#1495 = CARTESIAN_POINT ( 'NONE',  ( -0.03542770308738736607, 0.03149606299212852345, -0.3425196849284575795 ) ) ;
#1496 = DIRECTION ( 'NONE',  ( -1.000000000000000000, -6.123638448986479919E-17, 6.245969335281450904E-16 ) ) ;
#1497 = ORIENTED_EDGE ( 'NONE', *, *, #7462, .F. ) ;
#1498 = EDGE_CURVE ( 'NONE', #9041, #8461, #5259, .T. ) ;
#1499 = EDGE_CURVE ( 'NONE', #9210, #6415, #1473, .T. ) ;
#1500 = ORIENTED_EDGE ( 'NONE', *, *, #5126, .F. ) ;
#1501 = EDGE_CURVE ( 'NONE', #9541, #8502, #8292, .T. ) ;
#1502 = EDGE_CURVE ( 'NONE', #4264, #4611, #1308, .T. ) ;
#1503 = CARTESIAN_POINT ( 'NONE',  ( -0.5527505377330569347, 0.4822834645669287768, 0.001968504047920685909 ) ) ;
#1504 = VERTEX_POINT ( 'NONE', #7496 ) ;
#1505 = CARTESIAN_POINT ( 'NONE',  ( -0.3956639235598342630, 0.01968503937007875723, 0.001968504047920685909 ) ) ;
#1506 = CIRCLE ( 'NONE', #2654, 0.01181102362204724046 ) ;
#1507 = DIRECTION ( 'NONE',  ( -1.098777426433149983E-15, 2.220446049250329844E-16, 1.000000000000000000 ) ) ;
#1508 = CARTESIAN_POINT ( 'NONE',  ( -0.1763663120864165657, 0.4822834645669287768, -0.001968503826094902039 ) ) ;
#1509 = DIRECTION ( 'NONE',  ( -6.604110156791290038E-16, 6.604110156790850248E-16, 1.000000000000000000 ) ) ;
#1510 = FACE_OUTER_BOUND ( 'NONE', #1897, .T. ) ;
#1511 = CARTESIAN_POINT ( 'NONE',  ( -0.04133776837922725766, 0.2421259842519683514, -0.01970781430357135613 ) ) ;
#1512 = EDGE_CURVE ( 'NONE', #7677, #5085, #1149, .T. ) ;
#1513 = ORIENTED_EDGE ( 'NONE', *, *, #532, .F. ) ;
#1514 = EDGE_LOOP ( 'NONE', ( #6333, #1730, #1180, #8650, #7299 ) ) ;
#1515 = DIRECTION ( 'NONE',  ( 1.320806235146371905E-15, 0.000000000000000000, -1.000000000000000000 ) ) ;
#1516 = LINE ( 'NONE', #9284, #5059 ) ;
#1517 = ORIENTED_EDGE ( 'NONE', *, *, #9128, .F. ) ;
#1518 = CARTESIAN_POINT ( 'NONE',  ( 0.1574856827393862624, 0.2755905511811020947, -0.1299212597316068418 ) ) ;
#1519 = LINE ( 'NONE', #7870, #8928 ) ;
#1520 = LINE ( 'NONE', #7871, #9727 ) ;
#1521 = EDGE_CURVE ( 'NONE', #8064, #5775, #6285, .T. ) ;
#1522 = DIRECTION ( 'NONE',  ( 4.132023648018220838E-05, 7.221721796416451283E-17, -0.9999999991463190963 ) ) ;
#1523 = ORIENTED_EDGE ( 'NONE', *, *, #8407, .F. ) ;
#1524 = ORIENTED_EDGE ( 'NONE', *, *, #3813, .F. ) ;
#1525 = CARTESIAN_POINT ( 'NONE',  ( -0.03935673911401006003, 0.01181102361377390705, 2.755989334384274202E-10 ) ) ;
#1526 = DIRECTION ( 'NONE',  ( -1.000000000000000000, 0.000000000000000000, -1.734723475976807726E-14 ) ) ;
#1527 = EDGE_CURVE ( 'NONE', #5396, #9494, #8450, .T. ) ;
#1528 = ADVANCED_FACE ( 'NONE', ( #9124 ), #9232, .T. ) ;
#1529 = DIRECTION ( 'NONE',  ( 0.000000000000000000, 0.000000000000000000, 1.000000000000000000 ) ) ;
#1530 = DIRECTION ( 'NONE',  ( 4.132023649070880181E-05, 0.000000000000000000, -0.9999999991463189852 ) ) ;
#1531 = AXIS2_PLACEMENT_3D ( 'NONE', #9250, #6003, #6842 ) ;
#1532 = DIRECTION ( 'NONE',  ( 1.000000000000000000, -1.105633364298864181E-14, 1.843992576198885306E-14 ) ) ;
#1533 = ORIENTED_EDGE ( 'NONE', *, *, #5043, .T. ) ;
#1534 = EDGE_CURVE ( 'NONE', #3123, #1649, #5284, .T. ) ;
#1535 = ORIENTED_EDGE ( 'NONE', *, *, #3731, .T. ) ;
#1536 = VECTOR ( 'NONE', #1665, 39.37007874015748143 ) ;
#1537 = ORIENTED_EDGE ( 'NONE', *, *, #5198, .F. ) ;
#1538 = ORIENTED_EDGE ( 'NONE', *, *, #8319, .F. ) ;
#1539 = DIRECTION ( 'NONE',  ( 6.245969335281450904E-16, 0.000000000000000000, 1.000000000000000000 ) ) ;
#1540 = PLANE ( 'NONE',  #6363 ) ;
#1541 = DIRECTION ( 'NONE',  ( -1.000000000000000000, -0.000000000000000000, -1.320822031358179910E-15 ) ) ;
#1542 = AXIS2_PLACEMENT_3D ( 'NONE', #1855, #1911, #245 ) ;
#1543 = CARTESIAN_POINT ( 'NONE',  ( -0.3582629985728645883, 0.01968503937007875723, -0.1161565358927705849 ) ) ;
#1544 = DIRECTION ( 'NONE',  ( 1.000000000000000000, 7.228014483236695569E-16, 0.000000000000000000 ) ) ;
#1545 = LINE ( 'NONE', #3304, #4293 ) ;
#1546 = DIRECTION ( 'NONE',  ( 1.000000000000000000, 6.123638448986479919E-17, -6.245969335281450904E-16 ) ) ;
#1547 = ORIENTED_EDGE ( 'NONE', *, *, #5697, .T. ) ;
#1548 = ORIENTED_EDGE ( 'NONE', *, *, #8131, .T. ) ;
#1549 = CIRCLE ( 'NONE', #3700, 0.01181102362204724046 ) ;
#1550 = AXIS2_PLACEMENT_3D ( 'NONE', #9253, #334, #9879 ) ;
#1551 = DIRECTION ( 'NONE',  ( -0.9999999991463189852, 0.000000000000000000, -4.132023648018220161E-05 ) ) ;
#1552 = VERTEX_POINT ( 'NONE', #2759 ) ;
#1553 = DIRECTION ( 'NONE',  ( -4.078893220340669608E-32, 2.220446049250309876E-16, 1.000000000000000000 ) ) ;
#1554 = EDGE_CURVE ( 'NONE', #2650, #6777, #9175, .T. ) ;
#1555 = CARTESIAN_POINT ( 'NONE',  ( -0.05511591403407911649, 0.01968503937007875723, -0.05315188374718596981 ) ) ;
#1556 = DIRECTION ( 'NONE',  ( 1.259585646868319844E-15, 1.000000000000000000, -2.220446049250309876E-16 ) ) ;
#1557 = CARTESIAN_POINT ( 'NONE',  ( -0.05314155368975069516, 0.01968503937007875723, -0.1948840044126599891 ) ) ;
#1558 = LINE ( 'NONE', #3264, #7212 ) ;
#1559 = DIRECTION ( 'NONE',  ( 1.259585646868319844E-15, 1.000000000000000000, -2.220446049250309876E-16 ) ) ;
#1560 = AXIS2_PLACEMENT_3D ( 'NONE', #4139, #909, #4913 ) ;
#1561 = EDGE_LOOP ( 'NONE', ( #3688, #7108, #4282, #3589 ) ) ;
#1562 = AXIS2_PLACEMENT_3D ( 'NONE', #1332, #3507, #2943 ) ;
#1563 = EDGE_CURVE ( 'NONE', #10217, #5264, #9857, .T. ) ;
#1564 = VERTEX_POINT ( 'NONE', #1359 ) ;
#1565 = VECTOR ( 'NONE', #5031, 39.37007874015748143 ) ;
#1566 = AXIS2_PLACEMENT_3D ( 'NONE', #6665, #2180, #4273 ) ;
#1567 = CARTESIAN_POINT ( 'NONE',  ( -0.4655831663281750910, -0.1156854394007107573, 0.01377952766995788753 ) ) ;
#1568 = EDGE_CURVE ( 'NONE', #8266, #9888, #2921, .T. ) ;
#1569 = PLANE ( 'NONE',  #2250 ) ;
#1570 = ORIENTED_EDGE ( 'NONE', *, *, #7411, .T. ) ;
#1571 = EDGE_CURVE ( 'NONE', #7688, #575, #7275, .T. ) ;
#1572 = CARTESIAN_POINT ( 'NONE',  ( -0.5137741597803013871, 0.2480314960629948773, 0.009696850504613734392 ) ) ;
#1573 = CARTESIAN_POINT ( 'NONE',  ( -0.4975276919558053734, 0.01968503937007875723, -0.3287401573694021528 ) ) ;
#1574 = LINE ( 'NONE', #5418, #1406 ) ;
#1575 = DIRECTION ( 'NONE',  ( 1.000000000000000000, -2.168404344971008868E-15, 0.000000000000000000 ) ) ;
#1576 = VERTEX_POINT ( 'NONE', #315 ) ;
#1577 = ADVANCED_FACE ( 'NONE', ( #3491 ), #6666, .T. ) ;
#1578 = VECTOR ( 'NONE', #9273, 39.37007874015748143 ) ;
#1579 = EDGE_CURVE ( 'NONE', #9439, #729, #6148, .T. ) ;
#1580 = ORIENTED_EDGE ( 'NONE', *, *, #7663, .T. ) ;
#1581 = AXIS2_PLACEMENT_3D ( 'NONE', #8922, #8874, #1785 ) ;
#1582 = DIRECTION ( 'NONE',  ( 4.132023649155090842E-05, 7.221721796416660824E-17, -0.9999999991463190963 ) ) ;
#1583 = CARTESIAN_POINT ( 'NONE',  ( -0.5137741597803073823, 0.01968503937007875723, -0.3287401573694028745 ) ) ;
#1584 = CARTESIAN_POINT ( 'NONE',  ( -0.003680734523836821752, 0.4707233465163094821, 0.01574002836444938352 ) ) ;
#1585 = CARTESIAN_POINT ( 'NONE',  ( -0.5531442385204589085, 0.2342519685039177735, 1.109127553579697145E-10 ) ) ;
#1586 = DIRECTION ( 'NONE',  ( 1.156482317317871291E-14, 1.000000000000000000, 0.000000000000000000 ) ) ;
#1587 = VERTEX_POINT ( 'NONE', #6352 ) ;
#1588 = EDGE_CURVE ( 'NONE', #2806, #2882, #2978, .T. ) ;
#1589 = EDGE_LOOP ( 'NONE', ( #1250, #8433, #5733, #9948 ) ) ;
#1590 = DIRECTION ( 'NONE',  ( 1.000000000000000000, -1.259585646868319844E-15, 0.000000000000000000 ) ) ;
#1591 = DIRECTION ( 'NONE',  ( 1.000000000000000000, -1.259585646868319844E-15, 1.320822031358179910E-15 ) ) ;
#1592 = DIRECTION ( 'NONE',  ( 1.836940358395769910E-16, -1.000000000000000000, 7.590281009303740970E-21 ) ) ;
#1593 = DIRECTION ( 'NONE',  ( -0.9999999991463189852, -0.000000000000000000, -4.132023649128439797E-05 ) ) ;
#1594 = DIRECTION ( 'NONE',  ( -1.000000000000000000, -6.123638448986479919E-17, 6.245969335281450904E-16 ) ) ;
#1595 = CARTESIAN_POINT ( 'NONE',  ( -0.3458482281720611784, 0.1622047244094487750, 0.001968504047920685909 ) ) ;
#1596 = PLANE ( 'NONE',  #7199 ) ;
#1597 = VERTEX_POINT ( 'NONE', #6306 ) ;
#1598 = VERTEX_POINT ( 'NONE', #9502 ) ;
#1599 = CYLINDRICAL_SURFACE ( 'NONE', #5586, 0.003937007874015747977 ) ;
#1600 = ORIENTED_EDGE ( 'NONE', *, *, #2913, .T. ) ;
#1601 = CARTESIAN_POINT ( 'NONE',  ( -0.4665300652921126612, -0.07086614189580271728, 0.01377952766995460890 ) ) ;
#1602 = PLANE ( 'NONE',  #8674 ) ;
#1603 = DIRECTION ( 'NONE',  ( -1.000000000000000000, -6.123638448986479919E-17, 6.245969335281450904E-16 ) ) ;
#1604 = CARTESIAN_POINT ( 'NONE',  ( -0.2657480312607967687, 0.2421259842519683514, -0.3228554797919811481 ) ) ;
#1605 = CARTESIAN_POINT ( 'NONE',  ( -0.5649552621425060206, 0.2342519685039300692, 0.01574803160697565291 ) ) ;
#1606 = AXIS2_PLACEMENT_3D ( 'NONE', #3833, #7571, #7007 ) ;
#1607 = CARTESIAN_POINT ( 'NONE',  ( -0.4074749471818818747, -0.1082677165354372639, 0.0002871963339941810325 ) ) ;
#1608 = VERTEX_POINT ( 'NONE', #5523 ) ;
#1609 = ORIENTED_EDGE ( 'NONE', *, *, #5803, .F. ) ;
#1610 = VECTOR ( 'NONE', #64, 39.37007874015748143 ) ;
#1611 = VECTOR ( 'NONE', #4744, 39.37007874015748143 ) ;
#1612 = DIRECTION ( 'NONE',  ( -0.9999999991463189852, 1.233581138511403903E-16, -4.132023646620484338E-05 ) ) ;
#1613 = DIRECTION ( 'NONE',  ( 1.734723475976817507E-14, 0.000000000000000000, -1.000000000000000000 ) ) ;
#1614 = ORIENTED_EDGE ( 'NONE', *, *, #2395, .F. ) ;
#1615 = FACE_OUTER_BOUND ( 'NONE', #8977, .T. ) ;
#1616 = EDGE_CURVE ( 'NONE', #4028, #5853, #961, .T. ) ;
#1617 = CARTESIAN_POINT ( 'NONE',  ( 1.333960390311147167E-05, 0.000000000000000000, -0.3228346453936932203 ) ) ;
#1618 = FACE_OUTER_BOUND ( 'NONE', #3010, .T. ) ;
#1619 = FACE_OUTER_BOUND ( 'NONE', #10050, .T. ) ;
#1620 = EDGE_LOOP ( 'NONE', ( #5029, #5825, #5810, #6043 ) ) ;
#1621 = CIRCLE ( 'NONE', #275, 0.007874015748031495954 ) ;
#1622 = EDGE_CURVE ( 'NONE', #9943, #4264, #3904, .T. ) ;
#1623 = EDGE_CURVE ( 'NONE', #997, #6228, #1574, .T. ) ;
#1624 = ORIENTED_EDGE ( 'NONE', *, *, #3586, .T. ) ;
#1625 = AXIS2_PLACEMENT_3D ( 'NONE', #9921, #5948, #5164 ) ;
#1626 = EDGE_CURVE ( 'NONE', #6597, #705, #8656, .T. ) ;
#1627 = CARTESIAN_POINT ( 'NONE',  ( -0.5531442385204589085, 0.1070866141732248061, 0.01377952766996799576 ) ) ;
#1628 = AXIS2_PLACEMENT_3D ( 'NONE', #7574, #8263, #3466 ) ;
#1629 = EDGE_CURVE ( 'NONE', #7687, #10079, #7823, .T. ) ;
#1630 = CARTESIAN_POINT ( 'NONE',  ( -0.003931640095259656201, 0.4862204724409451839, -0.3169291337473610359 ) ) ;
#1631 = LINE ( 'NONE', #7980, #4609 ) ;
#1632 = CARTESIAN_POINT ( 'NONE',  ( -0.1476244556650142259, -0.2150906255303254577, -0.1161417320077678811 ) ) ;
#1633 = PLANE ( 'NONE',  #4128 ) ;
#1634 = ADVANCED_FACE ( 'NONE', ( #3971 ), #10129, .T. ) ;
#1635 = CIRCLE ( 'NONE', #7286, 0.01181102362204724046 ) ;
#1636 = ORIENTED_EDGE ( 'NONE', *, *, #2844, .F. ) ;
#1637 = VERTEX_POINT ( 'NONE', #2404 ) ;
#1638 = DIRECTION ( 'NONE',  ( 4.132023649070880181E-05, 0.000000000000000000, -0.9999999991463189852 ) ) ;
#1639 = VECTOR ( 'NONE', #6935, 39.37007874015748143 ) ;
#1640 = LINE ( 'NONE', #8920, #5536 ) ;
#1641 = CARTESIAN_POINT ( 'NONE',  ( -0.4035379393078605825, 0.1070866141732248061, 0.001968504047920685909 ) ) ;
#1642 = DIRECTION ( 'NONE',  ( -1.000000000000000000, 1.293016685864029896E-13, 0.000000000000000000 ) ) ;
#1643 = DIRECTION ( 'NONE',  ( -1.000000000000000000, 1.293016685864029896E-13, 0.000000000000000000 ) ) ;
#1644 = LINE ( 'NONE', #8830, #144 ) ;
#1645 = FACE_OUTER_BOUND ( 'NONE', #6447, .T. ) ;
#1646 = EDGE_CURVE ( 'NONE', #9859, #9210, #9342, .T. ) ;
#1647 = ORIENTED_EDGE ( 'NONE', *, *, #10314, .F. ) ;
#1648 = VECTOR ( 'NONE', #9674, 39.37007874015748143 ) ;
#1649 = VERTEX_POINT ( 'NONE', #7089 ) ;
#1650 = DIRECTION ( 'NONE',  ( -1.259585646868319844E-15, -1.000000000000000000, 0.000000000000000000 ) ) ;
#1651 = ORIENTED_EDGE ( 'NONE', *, *, #1534, .T. ) ;
#1652 = DIRECTION ( 'NONE',  ( 1.929231152724350329E-14, 0.000000000000000000, -1.000000000000000000 ) ) ;
#1653 = CARTESIAN_POINT ( 'NONE',  ( -0.3956639235598288229, 0.1149606299212581617, -0.3405511809914499310 ) ) ;
#1654 = CARTESIAN_POINT ( 'NONE',  ( -0.4551685378474703558, 0.1240157480314905969, 0.01096626023946754673 ) ) ;
#1655 = CARTESIAN_POINT ( 'NONE',  ( -0.4661436203602174477, -0.1135259968720643414, 0.001968504047920678103 ) ) ;
#1656 = CARTESIAN_POINT ( 'NONE',  ( -0.3877899078117976184, 0.03346456692912580522, -0.3543307085505046361 ) ) ;
#1657 = DIRECTION ( 'NONE',  ( 1.098777426433149983E-15, -2.220446049250329844E-16, -1.000000000000000000 ) ) ;
#1658 = ORIENTED_EDGE ( 'NONE', *, *, #5650, .F. ) ;
#1659 = EDGE_CURVE ( 'NONE', #9468, #7692, #5364, .T. ) ;
#1660 = ORIENTED_EDGE ( 'NONE', *, *, #4422, .F. ) ;
#1661 = ORIENTED_EDGE ( 'NONE', *, *, #6191, .T. ) ;
#1662 = LINE ( 'NONE', #4011, #8719 ) ;
#1663 = CARTESIAN_POINT ( 'NONE',  ( -0.3877899078117976184, 0.03346456692912580522, 0.01574803160697565291 ) ) ;
#1664 = ORIENTED_EDGE ( 'NONE', *, *, #5169, .F. ) ;
#1665 = DIRECTION ( 'NONE',  ( 0.000000000000000000, 0.000000000000000000, 1.000000000000000000 ) ) ;
#1666 = CARTESIAN_POINT ( 'NONE',  ( -0.3503915043424423725, 0.01377952756604412625, -0.05316408460441857109 ) ) ;
#1667 = DIRECTION ( 'NONE',  ( 1.000000000000000000, -9.634711363903441210E-15, 1.929231152724350329E-14 ) ) ;
#1668 = LINE ( 'NONE', #8023, #5472 ) ;
#1669 = VERTEX_POINT ( 'NONE', #6989 ) ;
#1670 = ORIENTED_EDGE ( 'NONE', *, *, #2788, .F. ) ;
#1671 = DIRECTION ( 'NONE',  ( 1.000000000000000000, -1.259585646868319844E-15, 1.320822031358179910E-15 ) ) ;
#1672 = PLANE ( 'NONE',  #3946 ) ;
#1673 = PLANE ( 'NONE',  #263 ) ;
#1674 = ADVANCED_FACE ( 'NONE', ( #2300 ), #741, .F. ) ;
#1675 = CARTESIAN_POINT ( 'NONE',  ( -0.1358134320429707498, -0.1003937007926954950, -0.08661417295264810245 ) ) ;
#1676 = CARTESIAN_POINT ( 'NONE',  ( -0.5649552621425060206, 0.4685861009001065502, 0.001968504047920685909 ) ) ;
#1677 = ORIENTED_EDGE ( 'NONE', *, *, #3516, .T. ) ;
#1678 = ADVANCED_FACE ( 'NONE', ( #10280 ), #8606, .F. ) ;
#1679 = ORIENTED_EDGE ( 'NONE', *, *, #9526, .F. ) ;
#1680 = ORIENTED_EDGE ( 'NONE', *, *, #4375, .F. ) ;
#1681 = CARTESIAN_POINT ( 'NONE',  ( 5.367778755658163867E-06, 0.2421259842519683514, -0.3228346457230909516 ) ) ;
#1682 = ADVANCED_FACE ( 'NONE', ( #6934 ), #1416, .F. ) ;
#1683 = DIRECTION ( 'NONE',  ( 1.578983857244669950E-15, 0.000000000000000000, -1.000000000000000000 ) ) ;
#1684 = DIRECTION ( 'NONE',  ( 4.892451711081009382E-32, 1.000000000000000000, 7.832974272616329547E-17 ) ) ;
#1685 = CARTESIAN_POINT ( 'NONE',  ( -2.731847993664263218E-16, 0.4645669291338582196, -0.01970781430357135613 ) ) ;
#1686 = PLANE ( 'NONE',  #2974 ) ;
#1687 = FACE_OUTER_BOUND ( 'NONE', #7772, .T. ) ;
#1688 = VERTEX_POINT ( 'NONE', #3862 ) ;
#1689 = ADVANCED_FACE ( 'NONE', ( #7037 ), #7770, .F. ) ;
#1690 = VECTOR ( 'NONE', #7443, 39.37007874015748143 ) ;
#1691 = EDGE_LOOP ( 'NONE', ( #6487, #4578, #4512, #9715 ) ) ;
#1692 = EDGE_CURVE ( 'NONE', #3641, #1007, #1520, .T. ) ;
#1693 = CARTESIAN_POINT ( 'NONE',  ( -0.3956639235598288229, 0.1149606299212581617, 0.001968504047920685909 ) ) ;
#1694 = ORIENTED_EDGE ( 'NONE', *, *, #4560, .T. ) ;
#1695 = CARTESIAN_POINT ( 'NONE',  ( -0.4448685501376358209, 0.1653543307003916552, -0.01574803122046423628 ) ) ;
#1696 = DIRECTION ( 'NONE',  ( 1.000000000000000000, 6.123638448986479919E-17, -6.245969335281450904E-16 ) ) ;
#1697 = CARTESIAN_POINT ( 'NONE',  ( -0.4468450259220339005, 0.1555118110236194118, 0.01574803160697565291 ) ) ;
#1698 = FACE_OUTER_BOUND ( 'NONE', #5216, .T. ) ;
#1699 = DIRECTION ( 'NONE',  ( 0.000000000000000000, 1.000000000000000000, -2.168404344971008868E-16 ) ) ;
#1700 = CARTESIAN_POINT ( 'NONE',  ( -0.5531442385204589085, 0.4685861009001065502, 0.01377952766996799576 ) ) ;
#1701 = ORIENTED_EDGE ( 'NONE', *, *, #10312, .T. ) ;
#1702 = VERTEX_POINT ( 'NONE', #6603 ) ;
#1703 = AXIS2_PLACEMENT_3D ( 'NONE', #788, #7921, #2245 ) ;
#1704 = AXIS2_PLACEMENT_3D ( 'NONE', #8951, #7377, #6598 ) ;
#1705 = ORIENTED_EDGE ( 'NONE', *, *, #6552, .F. ) ;
#1706 = ORIENTED_EDGE ( 'NONE', *, *, #1431, .F. ) ;
#1707 = EDGE_CURVE ( 'NONE', #8020, #3139, #2205, .T. ) ;
#1708 = ADVANCED_FACE ( 'NONE', ( #7974 ), #839, .T. ) ;
#1709 = CARTESIAN_POINT ( 'NONE',  ( -2.816053916424696364E-16, 0.3382257954322057669, -0.1883860060366273903 ) ) ;
#1710 = CARTESIAN_POINT ( 'NONE',  ( -0.2755883547915327636, 0.2421259842519683514, -0.05316099372058551847 ) ) ;
#1711 = ORIENTED_EDGE ( 'NONE', *, *, #2099, .T. ) ;
#1712 = DIRECTION ( 'NONE',  ( -1.098777426433149983E-15, 2.220446049250329844E-16, 1.000000000000000000 ) ) ;
#1713 = VECTOR ( 'NONE', #4402, 39.37007874015748854 ) ;
#1714 = CIRCLE ( 'NONE', #6200, 0.007874015748031516770 ) ;
#1715 = DIRECTION ( 'NONE',  ( 1.000000000000000000, -9.634711363903441210E-15, 1.929231152724350329E-14 ) ) ;
#1716 = CARTESIAN_POINT ( 'NONE',  ( -0.5531442385204589085, 0.2480314960629948773, -0.3405511809914502086 ) ) ;
#1717 = CARTESIAN_POINT ( 'NONE',  ( -0.05708124639447897247, -0.08098887951825985143, -0.3236683211365566359 ) ) ;
#1718 = ORIENTED_EDGE ( 'NONE', *, *, #2121, .F. ) ;
#1719 = VECTOR ( 'NONE', #8046, 39.37007874015748854 ) ;
#1720 = ORIENTED_EDGE ( 'NONE', *, *, #1233, .T. ) ;
#1721 = VECTOR ( 'NONE', #9920, 39.37007874015748143 ) ;
#1722 = DIRECTION ( 'NONE',  ( 4.132023647999849710E-05, 0.000000000000000000, -0.9999999991463189852 ) ) ;
#1723 = CARTESIAN_POINT ( 'NONE',  ( -0.5566978028492987063, 0.4978106242568185458, -0.3162792774109235983 ) ) ;
#1724 = DIRECTION ( 'NONE',  ( 1.448873012750489906E-13, -1.000000000000000000, -3.645972412869020137E-13 ) ) ;
#1725 = VECTOR ( 'NONE', #8421, 39.37007874015748143 ) ;
#1726 = DIRECTION ( 'NONE',  ( 1.000000000000000000, 0.000000000000000000, 1.084202172485501673E-15 ) ) ;
#1727 = VECTOR ( 'NONE', #8227, 39.37007874015748143 ) ;
#1728 = ORIENTED_EDGE ( 'NONE', *, *, #3791, .T. ) ;
#1729 = AXIS2_PLACEMENT_3D ( 'NONE', #3303, #7257, #1888 ) ;
#1730 = ORIENTED_EDGE ( 'NONE', *, *, #6969, .T. ) ;
#1731 = LINE ( 'NONE', #8299, #8254 ) ;
#1732 = DIRECTION ( 'NONE',  ( 1.000000000000000000, 0.000000000000000000, -8.466415384531750179E-16 ) ) ;
#1733 = EDGE_CURVE ( 'NONE', #8513, #633, #2717, .T. ) ;
#1734 = CARTESIAN_POINT ( 'NONE',  ( -0.01377415978030012769, 0.4980314960629916299, -0.3405511809914496535 ) ) ;
#1735 = DIRECTION ( 'NONE',  ( -6.123638448986479919E-17, 1.000000000000000000, 9.958396954279598582E-17 ) ) ;
#1736 = DIRECTION ( 'NONE',  ( 0.9999999991463189852, 0.000000000000000000, 4.132023646914450172E-05 ) ) ;
#1737 = DIRECTION ( 'NONE',  ( -0.9999999991463190963, -1.836940359963930726E-16, -4.132023649070880859E-05 ) ) ;
#1738 = ORIENTED_EDGE ( 'NONE', *, *, #3649, .F. ) ;
#1739 = VECTOR ( 'NONE', #10244, 39.37007874015748143 ) ;
#1740 = ADVANCED_FACE ( 'NONE', ( #8852 ), #1762, .T. ) ;
#1741 = EDGE_CURVE ( 'NONE', #9931, #1092, #6190, .T. ) ;
#1742 = ORIENTED_EDGE ( 'NONE', *, *, #8308, .T. ) ;
#1743 = LINE ( 'NONE', #1066, #3514 ) ;
#1744 = ORIENTED_EDGE ( 'NONE', *, *, #3020, .T. ) ;
#1745 = DIRECTION ( 'NONE',  ( -2.982960006829620341E-15, -1.000000000000000000, -9.958396954279348366E-17 ) ) ;
#1746 = DIRECTION ( 'NONE',  ( -1.000000000000000000, -5.960771589037120061E-15, -9.941467993053840475E-15 ) ) ;
#1747 = ADVANCED_FACE ( 'NONE', ( #2494 ), #6496, .F. ) ;
#1748 = DIRECTION ( 'NONE',  ( 4.132023649070880181E-05, 0.000000000000000000, -0.9999999991463189852 ) ) ;
#1749 = CARTESIAN_POINT ( 'NONE',  ( -0.4114119550558916760, 0.1240157480314875993, -0.3425196849284575795 ) ) ;
#1750 = DIRECTION ( 'NONE',  ( -2.970549984674915408E-31, -9.958396954279338505E-17, 1.000000000000000000 ) ) ;
#1751 = DIRECTION ( 'NONE',  ( 1.000000000000000000, 0.000000000000000000, 1.084202172485504434E-15 ) ) ;
#1752 = ORIENTED_EDGE ( 'NONE', *, *, #4351, .F. ) ;
#1753 = EDGE_CURVE ( 'NONE', #3372, #8501, #8216, .T. ) ;
#1754 = ORIENTED_EDGE ( 'NONE', *, *, #1168, .T. ) ;
#1755 = ORIENTED_EDGE ( 'NONE', *, *, #7621, .F. ) ;
#1756 = CARTESIAN_POINT ( 'NONE',  ( -2.849135162900818125E-16, 0.2885912561142556232, -0.2145683587920527158 ) ) ;
#1757 = FACE_OUTER_BOUND ( 'NONE', #8024, .T. ) ;
#1758 = ORIENTED_EDGE ( 'NONE', *, *, #7927, .T. ) ;
#1759 = CARTESIAN_POINT ( 'NONE',  ( -0.5314827233659782380, 0.2834645669208611940, 2.755989334384274202E-10 ) ) ;
#1760 = VECTOR ( 'NONE', #7412, 39.37007874015748143 ) ;
#1761 = CARTESIAN_POINT ( 'NONE',  ( -0.4665300652921126612, -0.02604684405929586985, -0.3169291337473482129 ) ) ;
#1762 = CYLINDRICAL_SURFACE ( 'NONE', #396, 0.01181102362204724046 ) ;
#1763 = CARTESIAN_POINT ( 'NONE',  ( -0.1496041842881393191, 0.01968503937007875723, -0.05315578802486194826 ) ) ;
#1764 = ORIENTED_EDGE ( 'NONE', *, *, #5875, .F. ) ;
#1765 = EDGE_CURVE ( 'NONE', #5497, #7687, #8074, .T. ) ;
#1766 = VECTOR ( 'NONE', #4244, 39.37007874015748143 ) ;
#1767 = VECTOR ( 'NONE', #4072, 39.37007874015748143 ) ;
#1768 = ORIENTED_EDGE ( 'NONE', *, *, #3802, .T. ) ;
#1769 = CARTESIAN_POINT ( 'NONE',  ( -0.5531442385204589085, 0.4862204724409451839, 0.01377952766996799576 ) ) ;
#1770 = CARTESIAN_POINT ( 'NONE',  ( -0.4665198612608881246, -0.1091640410387077487, 1.872796655389033263E-05 ) ) ;
#1771 = AXIS2_PLACEMENT_3D ( 'NONE', #6291, #3682, #4681 ) ;
#1772 = CARTESIAN_POINT ( 'NONE',  ( -0.4586560495440809571, 0.1543307086614156831, 0.001968504047920685909 ) ) ;
#1773 = VECTOR ( 'NONE', #5920, 39.37007874015748143 ) ;
#1774 = LINE ( 'NONE', #2605, #4954 ) ;
#1775 = ORIENTED_EDGE ( 'NONE', *, *, #6332, .F. ) ;
#1776 = AXIS2_PLACEMENT_3D ( 'NONE', #8643, #722, #2123 ) ;
#1777 = CIRCLE ( 'NONE', #7603, 0.07086614131889686086 ) ;
#1778 = ADVANCED_FACE ( 'NONE', ( #1618 ), #9602, .T. ) ;
#1779 = ORIENTED_EDGE ( 'NONE', *, *, #7663, .F. ) ;
#1780 = VECTOR ( 'NONE', #8155, 39.37007874015748854 ) ;
#1781 = ORIENTED_EDGE ( 'NONE', *, *, #2954, .T. ) ;
#1782 = DIRECTION ( 'NONE',  ( 0.000000000000000000, -3.642919299551253499E-13, 1.000000000000000000 ) ) ;
#1783 = DIRECTION ( 'NONE',  ( 1.000000000000000000, -1.608082204351659665E-16, 1.578983857244669950E-15 ) ) ;
#1784 = DIRECTION ( 'NONE',  ( 0.9999996298403813766, -0.0002426064928955201086, 0.0008255066261800503508 ) ) ;
#1785 = DIRECTION ( 'NONE',  ( 0.000000000000000000, 0.000000000000000000, 1.000000000000000000 ) ) ;
#1786 = VECTOR ( 'NONE', #1426, 39.37007874015748854 ) ;
#1787 = FACE_OUTER_BOUND ( 'NONE', #6650, .T. ) ;
#1788 = DIRECTION ( 'NONE',  ( 4.132023648540880147E-05, 5.442514613078926547E-17, -0.9999999991463190963 ) ) ;
#1789 = AXIS2_PLACEMENT_3D ( 'NONE', #6062, #6276, #3386 ) ;
#1790 = ORIENTED_EDGE ( 'NONE', *, *, #6938, .F. ) ;
#1791 = ORIENTED_EDGE ( 'NONE', *, *, #3162, .T. ) ;
#1792 = VECTOR ( 'NONE', #67, 39.37007874015748143 ) ;
#1793 = LINE ( 'NONE', #8000, #3098 ) ;
#1794 = VERTEX_POINT ( 'NONE', #8171 ) ;
#1795 = DIRECTION ( 'NONE',  ( -1.000000000000000000, -2.669637467189900051E-16, 0.000000000000000000 ) ) ;
#1796 = DIRECTION ( 'NONE',  ( 0.000000000000000000, 0.000000000000000000, 1.000000000000000000 ) ) ;
#1797 = DIRECTION ( 'NONE',  ( 2.812918684041535140E-30, 9.958396954277208580E-17, -1.000000000000000000 ) ) ;
#1798 = CARTESIAN_POINT ( 'NONE',  ( -0.5531442385204589085, 0.4685861009001065502, 0.01377952766996799576 ) ) ;
#1799 = EDGE_CURVE ( 'NONE', #9582, #2332, #4795, .T. ) ;
#1800 = DIRECTION ( 'NONE',  ( 1.951563910473919972E-14, 0.000000000000000000, -1.000000000000000000 ) ) ;
#1801 = EDGE_CURVE ( 'NONE', #5171, #4645, #4113, .T. ) ;
#1802 = CARTESIAN_POINT ( 'NONE',  ( -0.5527505377330569347, 0.4862204724409451839, -0.3405511809914499310 ) ) ;
#1803 = VERTEX_POINT ( 'NONE', #4016 ) ;
#1804 = AXIS2_PLACEMENT_3D ( 'NONE', #1088, #4163, #3429 ) ;
#1805 = EDGE_CURVE ( 'NONE', #9018, #9914, #2448, .T. ) ;
#1806 = ORIENTED_EDGE ( 'NONE', *, *, #9904, .T. ) ;
#1807 = EDGE_CURVE ( 'NONE', #8179, #3932, #68, .T. ) ;
#1808 = ORIENTED_EDGE ( 'NONE', *, *, #7800, .T. ) ;
#1809 = CARTESIAN_POINT ( 'NONE',  ( -2.806265917737826957E-16, 0.3529115421140358033, -0.1667468061975417026 ) ) ;
#1810 = ORIENTED_EDGE ( 'NONE', *, *, #1118, .F. ) ;
#1811 = DIRECTION ( 'NONE',  ( -1.000000000000000000, 0.000000000000000000, -1.734723475976807726E-14 ) ) ;
#1812 = ORIENTED_EDGE ( 'NONE', *, *, #6443, .F. ) ;
#1813 = DIRECTION ( 'NONE',  ( -4.132023648018220161E-05, 0.000000000000000000, 0.9999999991463189852 ) ) ;
#1814 = DIRECTION ( 'NONE',  ( 1.000000000000000000, 0.000000000000000000, 1.320822031358179910E-15 ) ) ;
#1815 = EDGE_CURVE ( 'NONE', #8672, #4511, #6217, .T. ) ;
#1816 = DIRECTION ( 'NONE',  ( 1.437166293563760232E-14, 1.000000000000000000, 0.000000000000000000 ) ) ;
#1817 = CARTESIAN_POINT ( 'NONE',  ( -0.1161363645047144288, -0.03819412915421638993, -0.3371885656452357494 ) ) ;
#1818 = VERTEX_POINT ( 'NONE', #9750 ) ;
#1819 = ORIENTED_EDGE ( 'NONE', *, *, #81, .F. ) ;
#1820 = EDGE_CURVE ( 'NONE', #7277, #6283, #4939, .T. ) ;
#1821 = CARTESIAN_POINT ( 'NONE',  ( -0.03936812663661882344, 0.4842519685039369803, -0.04724409421258948805 ) ) ;
#1822 = EDGE_CURVE ( 'NONE', #9058, #3271, #8955, .T. ) ;
#1823 = CARTESIAN_POINT ( 'NONE',  ( -0.5157346918699158289, 0.4645669291338582196, -0.04724409421258921049 ) ) ;
#1824 = VECTOR ( 'NONE', #1913, 39.37007874015748143 ) ;
#1825 = CARTESIAN_POINT ( 'NONE',  ( 5.368377182536977967E-06, 0.2755905511811020947, -0.2155511810645515114 ) ) ;
#1826 = DIRECTION ( 'NONE',  ( 0.000000000000000000, 1.000000000000000000, 7.812564189785108689E-16 ) ) ;
#1827 = DIRECTION ( 'NONE',  ( 1.000000000000000000, 0.000000000000000000, 0.000000000000000000 ) ) ;
#1828 = EDGE_LOOP ( 'NONE', ( #8009, #5234, #1537, #8317, #7690, #7178, #10080, #5024, #10316, #5042 ) ) ;
#1829 = EDGE_CURVE ( 'NONE', #1258, #3559, #4211, .T. ) ;
#1830 = ORIENTED_EDGE ( 'NONE', *, *, #1498, .T. ) ;
#1831 = DIRECTION ( 'NONE',  ( 4.132023650529889690E-05, -5.097186443522199857E-21, -0.9999999991463189852 ) ) ;
#1832 = DIRECTION ( 'NONE',  ( -8.951470305420620389E-21, 1.000000000000000000, 2.166364730150245313E-16 ) ) ;
#1833 = CARTESIAN_POINT ( 'NONE',  ( -0.4783410889141597178, 0.01968503937007875723, -0.3405511809914499310 ) ) ;
#1834 = DIRECTION ( 'NONE',  ( 0.000000000000000000, 0.000000000000000000, 1.000000000000000000 ) ) ;
#1835 = DIRECTION ( 'NONE',  ( 2.796841973281160348E-31, 2.220446049250309876E-16, 1.000000000000000000 ) ) ;
#1836 = CARTESIAN_POINT ( 'NONE',  ( -0.5374758135490458333, 0.2342519685039300692, 0.009696850504613734392 ) ) ;
#1837 = EDGE_CURVE ( 'NONE', #1166, #8671, #9113, .T. ) ;
#1838 = VERTEX_POINT ( 'NONE', #8382 ) ;
#1839 = EDGE_LOOP ( 'NONE', ( #3282, #6251, #2427, #9917 ) ) ;
#1840 = DIRECTION ( 'NONE',  ( 0.000000000000000000, 1.000000000000000000, -2.220446049351462798E-16 ) ) ;
#1841 = ORIENTED_EDGE ( 'NONE', *, *, #7408, .F. ) ;
#1842 = DIRECTION ( 'NONE',  ( 3.212450895097384685E-16, -1.000000000000000000, 0.000000000000000000 ) ) ;
#1843 = FACE_OUTER_BOUND ( 'NONE', #9196, .T. ) ;
#1844 = LINE ( 'NONE', #5800, #4443 ) ;
#1845 = LINE ( 'NONE', #8938, #5104 ) ;
#1846 = DIRECTION ( 'NONE',  ( 0.9999999991463190963, 1.836940359963950201E-16, 4.132023648018220838E-05 ) ) ;
#1847 = CARTESIAN_POINT ( 'NONE',  ( -0.5531442385204589085, 0.2480314960629948773, -0.3287401573694028745 ) ) ;
#1848 = ORIENTED_EDGE ( 'NONE', *, *, #5114, .T. ) ;
#1849 = AXIS2_PLACEMENT_3D ( 'NONE', #6218, #10195, #5386 ) ;
#1850 = ORIENTED_EDGE ( 'NONE', *, *, #3485, .F. ) ;
#1852 = ORIENTED_EDGE ( 'NONE', *, *, #7557, .T. ) ;
#1851 = EDGE_CURVE ( 'NONE', #1963, #3818, #3636, .T. ) ;
#1853 = DIRECTION ( 'NONE',  ( 4.132023647286769941E-05, 2.590038523190529735E-16, -0.9999999991463189852 ) ) ;
#1854 = ORIENTED_EDGE ( 'NONE', *, *, #1554, .F. ) ;
#1855 = CARTESIAN_POINT ( 'NONE',  ( -0.03542770308738736607, 0.03149606299212852345, 0.01574803160697565291 ) ) ;
#1856 = ORIENTED_EDGE ( 'NONE', *, *, #1765, .F. ) ;
#1857 = LINE ( 'NONE', #1027, #9662 ) ;
#1858 = DIRECTION ( 'NONE',  ( 8.044134937727570810E-21, -1.000000000000000000, -1.946778531802094728E-16 ) ) ;
#1859 = CYLINDRICAL_SURFACE ( 'NONE', #1281, 0.01181102362204724046 ) ;
#1860 = DIRECTION ( 'NONE',  ( -1.000000000000000000, -0.000000000000000000, -1.098777426433149983E-15 ) ) ;
#1861 = CARTESIAN_POINT ( 'NONE',  ( -0.5531442385204589085, 0.4831100495344530232, -0.3189967407501742014 ) ) ;
#1862 = EDGE_CURVE ( 'NONE', #3559, #3614, #408, .T. ) ;
#1863 = EDGE_LOOP ( 'NONE', ( #8487, #10180, #8400, #1945 ) ) ;
#1864 = VECTOR ( 'NONE', #9486, 39.37007874015748143 ) ;
#1865 = VERTEX_POINT ( 'NONE', #10006 ) ;
#1866 = EDGE_CURVE ( 'NONE', #7566, #8271, #8675, .T. ) ;
#1867 = EDGE_CURVE ( 'NONE', #1597, #3609, #9220, .T. ) ;
#1868 = AXIS2_PLACEMENT_3D ( 'NONE', #4198, #7367, #4006 ) ;
#1869 = VECTOR ( 'NONE', #8057, 39.37007874015748143 ) ;
#1870 = ORIENTED_EDGE ( 'NONE', *, *, #1879, .T. ) ;
#1871 = DIRECTION ( 'NONE',  ( 1.836940358395769910E-16, -1.000000000000000000, 7.590281009303740970E-21 ) ) ;
#1872 = LINE ( 'NONE', #1923, #1448 ) ;
#1873 = CARTESIAN_POINT ( 'NONE',  ( -2.731847993664263218E-16, 0.2421259842519683514, -0.3228554797919811481 ) ) ;
#1874 = LINE ( 'NONE', #1044, #8621 ) ;
#1875 = DIRECTION ( 'NONE',  ( -0.0002426064102320466031, -0.9999999705710443942, -2.002732733333885619E-07 ) ) ;
#1876 = EDGE_CURVE ( 'NONE', #8055, #5915, #6864, .T. ) ;
#1877 = AXIS2_PLACEMENT_3D ( 'NONE', #5121, #2825, #5167 ) ;
#1878 = VECTOR ( 'NONE', #2358, 39.37007874015748143 ) ;
#1879 = EDGE_CURVE ( 'NONE', #6909, #2795, #7538, .T. ) ;
#1880 = EDGE_LOOP ( 'NONE', ( #9641, #7801, #1341, #9760 ) ) ;
#1881 = VECTOR ( 'NONE', #1133, 39.37007874015748143 ) ;
#1882 = AXIS2_PLACEMENT_3D ( 'NONE', #6640, #9832, #9686 ) ;
#1883 = VECTOR ( 'NONE', #1187, 39.37007874015748143 ) ;
#1884 = VERTEX_POINT ( 'NONE', #9953 ) ;
#1885 = CARTESIAN_POINT ( 'NONE',  ( -0.1161363645047149701, -0.08098887952763200726, -0.3236683211421771400 ) ) ;
#1886 = CARTESIAN_POINT ( 'NONE',  ( -0.3562858729722800377, 0.4803149606216534084, 2.755989334384274202E-10 ) ) ;
#1887 = LINE ( 'NONE', #5009, #2129 ) ;
#1888 = DIRECTION ( 'NONE',  ( -1.000000000000000000, 0.000000000000000000, -1.734723475976807726E-14 ) ) ;
#1889 = CARTESIAN_POINT ( 'NONE',  ( -0.5452702227724276485, 0.07480314960628905996, -0.3346456691804255978 ) ) ;
#1890 = CARTESIAN_POINT ( 'NONE',  ( -0.4665300652921126612, -0.06871868291647974247, 0.002592413233891411022 ) ) ;
#1891 = ORIENTED_EDGE ( 'NONE', *, *, #743, .T. ) ;
#1892 = EDGE_CURVE ( 'NONE', #2864, #8661, #1973, .T. ) ;
#1893 = EDGE_CURVE ( 'NONE', #8001, #3693, #5247, .T. ) ;
#1894 = AXIS2_PLACEMENT_3D ( 'NONE', #8315, #4346, #1389 ) ;
#1895 = VERTEX_POINT ( 'NONE', #9846 ) ;
#1896 = DIRECTION ( 'NONE',  ( -6.123638448986479919E-17, 1.000000000000000000, 3.824805797272000045E-32 ) ) ;
#1897 = EDGE_LOOP ( 'NONE', ( #2400, #3406, #6968, #4100 ) ) ;
#1898 = CARTESIAN_POINT ( 'NONE',  ( -0.5531442385204589085, 0.4862204724409451839, -0.001968503826094902039 ) ) ;
#1899 = CARTESIAN_POINT ( 'NONE',  ( -0.03543307083589326834, 0.000000000000000000, -1.464102867541271429E-06 ) ) ;
#1900 = CARTESIAN_POINT ( 'NONE',  ( 0.1456746590184080647, 0.3464566924999989417, -0.1299212597316068418 ) ) ;
#1901 = VECTOR ( 'NONE', #9186, 39.37007874015748143 ) ;
#1902 = DIRECTION ( 'NONE',  ( -0.9999999991463190963, -1.836874984152021461E-16, -4.132023647952770941E-05 ) ) ;
#1903 = CARTESIAN_POINT ( 'NONE',  ( -0.08267781601838330996, 0.1062992126077747096, -0.005908928064489840475 ) ) ;
#1904 = PLANE ( 'NONE',  #7524 ) ;
#1905 = ORIENTED_EDGE ( 'NONE', *, *, #3668, .T. ) ;
#1906 = ORIENTED_EDGE ( 'NONE', *, *, #2049, .F. ) ;
#1907 = AXIS2_PLACEMENT_3D ( 'NONE', #6090, #4477, #518 ) ;
#1908 = EDGE_LOOP ( 'NONE', ( #3877, #2206, #5966, #6184, #5292, #10182 ) ) ;
#1909 = CARTESIAN_POINT ( 'NONE',  ( -2.823278990056333623E-16, 0.3273854178937289916, -0.1983668555268390254 ) ) ;
#1910 = ORIENTED_EDGE ( 'NONE', *, *, #2237, .T. ) ;
#1911 = DIRECTION ( 'NONE',  ( 1.098777426433149983E-15, -2.220446049250329844E-16, -1.000000000000000000 ) ) ;
#1912 = ORIENTED_EDGE ( 'NONE', *, *, #4555, .F. ) ;
#1913 = DIRECTION ( 'NONE',  ( 0.000000000000000000, 0.2585594446245781941, 0.9659953486406804846 ) ) ;
#1914 = CARTESIAN_POINT ( 'NONE',  ( -0.4035379393078605825, 0.1149606299212581617, -0.3405511809914499310 ) ) ;
#1915 = CARTESIAN_POINT ( 'NONE',  ( -0.3523488672885771167, -0.1004002978084102549, -0.1161368569687351027 ) ) ;
#1916 = CARTESIAN_POINT ( 'NONE',  ( -0.3641321637491996555, 0.01377952755905360177, -0.1161741142507587005 ) ) ;
#1917 = CARTESIAN_POINT ( 'NONE',  ( -0.05314879201135646464, 0.3053908251826923381, -0.01970781430357135613 ) ) ;
#1918 = EDGE_LOOP ( 'NONE', ( #2089, #8516, #1035, #1189 ) ) ;
#1919 = ORIENTED_EDGE ( 'NONE', *, *, #9298, .F. ) ;
#1920 = ADVANCED_FACE ( 'NONE', ( #4414 ), #6656, .T. ) ;
#1921 = ORIENTED_EDGE ( 'NONE', *, *, #4229, .F. ) ;
#1922 = DIRECTION ( 'NONE',  ( -1.836940358395779771E-16, 1.000000000000000000, -7.590281009576120127E-21 ) ) ;
#1923 = CARTESIAN_POINT ( 'NONE',  ( 0.01181639140080324030, 0.01968503937007875723, -0.3385826770544400621 ) ) ;
#1924 = CARTESIAN_POINT ( 'NONE',  ( -0.5452702227724276485, 0.02165354330708068459, -0.3543307085505046361 ) ) ;
#1925 = DIRECTION ( 'NONE',  ( -4.132023648018220838E-05, -7.221721796416451283E-17, 0.9999999991463190963 ) ) ;
#1926 = DIRECTION ( 'NONE',  ( 1.156482317317871764E-14, 1.000000000000000000, 0.000000000000000000 ) ) ;
#1927 = EDGE_CURVE ( 'NONE', #3434, #4866, #1087, .T. ) ;
#1928 = EDGE_CURVE ( 'NONE', #4573, #8275, #7487, .T. ) ;
#1929 = CIRCLE ( 'NONE', #2595, 0.1062992121464571005 ) ;
#1930 = AXIS2_PLACEMENT_3D ( 'NONE', #1481, #7830, #695 ) ;
#1931 = ORIENTED_EDGE ( 'NONE', *, *, #8500, .T. ) ;
#1932 = EDGE_CURVE ( 'NONE', #6201, #10085, #7590, .T. ) ;
#1933 = ORIENTED_EDGE ( 'NONE', *, *, #6841, .T. ) ;
#1934 = EDGE_CURVE ( 'NONE', #2276, #4975, #6078, .T. ) ;
#1935 = VECTOR ( 'NONE', #750, 39.37007874015748143 ) ;
#1936 = VECTOR ( 'NONE', #7285, 39.37007874015748143 ) ;
#1937 = VERTEX_POINT ( 'NONE', #8431 ) ;
#1938 = LINE ( 'NONE', #2664, #3424 ) ;
#1939 = LINE ( 'NONE', #7453, #10221 ) ;
#1940 = EDGE_CURVE ( 'NONE', #1166, #4993, #5921, .T. ) ;
#1941 = CARTESIAN_POINT ( 'NONE',  ( -0.5137741597803013871, 0.2480314960629948773, -0.3364685038260962213 ) ) ;
#1942 = CARTESIAN_POINT ( 'NONE',  ( -0.2657480312607967687, 0.2834645669208598617, -0.01970781430357135613 ) ) ;
#1943 = DIRECTION ( 'NONE',  ( 1.836940358395759803E-16, -1.000000000000000000, 7.590281009598450382E-21 ) ) ;
#1944 = CARTESIAN_POINT ( 'NONE',  ( -0.5531442385204589085, 0.2460629921259527841, -0.3267716534323946709 ) ) ;
#1945 = ORIENTED_EDGE ( 'NONE', *, *, #6084, .F. ) ;
#1946 = VECTOR ( 'NONE', #9684, 39.37007874015748143 ) ;
#1947 = CIRCLE ( 'NONE', #1628, 0.07943282768391143889 ) ;
#1948 = ORIENTED_EDGE ( 'NONE', *, *, #1616, .T. ) ;
#1949 = DIRECTION ( 'NONE',  ( -1.000000000000000000, 0.000000000000000000, 6.245969335281450904E-16 ) ) ;
#1950 = ORIENTED_EDGE ( 'NONE', *, *, #4751, .F. ) ;
#1951 = DIRECTION ( 'NONE',  ( -1.956239355474899994E-14, 0.000000000000000000, 1.000000000000000000 ) ) ;
#1952 = AXIS2_PLACEMENT_3D ( 'NONE', #4387, #1264, #7562 ) ;
#1953 = CARTESIAN_POINT ( 'NONE',  ( -0.4074749471818763791, 0.007874015748028716927, -0.3405511809914502086 ) ) ;
#1954 = VECTOR ( 'NONE', #5880, 39.37007874015748143 ) ;
#1955 = EDGE_CURVE ( 'NONE', #9107, #6912, #5194, .T. ) ;
#1956 = DIRECTION ( 'NONE',  ( 1.259585646868319844E-15, 1.000000000000000000, -2.220446049250309876E-16 ) ) ;
#1957 = DIRECTION ( 'NONE',  ( -1.007327574855612129E-30, 1.000000000000000000, 6.459479416000690079E-16 ) ) ;
#1958 = LINE ( 'NONE', #1278, #3392 ) ;
#1959 = LINE ( 'NONE', #5963, #8033 ) ;
#1960 = ORIENTED_EDGE ( 'NONE', *, *, #8715, .F. ) ;
#1961 = DIMENSIONAL_EXPONENTS ( 1.000000000000000000, 0.000000000000000000, 0.000000000000000000, 0.000000000000000000, 0.000000000000000000, 0.000000000000000000, 0.000000000000000000 ) ;
#1962 = AXIS2_PLACEMENT_3D ( 'NONE', #2309, #752, #3928 ) ;
#1963 = VERTEX_POINT ( 'NONE', #7435 ) ;
#1964 = ORIENTED_EDGE ( 'NONE', *, *, #4855, .T. ) ;
#1965 = CARTESIAN_POINT ( 'NONE',  ( -0.5314938663831132448, 0.01968503937007875723, -0.05317156779685343337 ) ) ;
#1966 = ORIENTED_EDGE ( 'NONE', *, *, #8659, .F. ) ;
#1967 = DIRECTION ( 'NONE',  ( 1.098777426433149983E-15, -2.220446049250329844E-16, -1.000000000000000000 ) ) ;
#1968 = ORIENTED_EDGE ( 'NONE', *, *, #2164, .F. ) ;
#1969 = CARTESIAN_POINT ( 'NONE',  ( -0.03542416421011641836, 0.2755905511811020947, -0.2155526450212176259 ) ) ;
#1970 = DIRECTION ( 'NONE',  ( 1.000000000000000000, 0.000000000000000000, -1.084202172485501673E-15 ) ) ;
#1971 = CARTESIAN_POINT ( 'NONE',  ( -0.3661396171633211627, 0.01968503937007875723, -0.05316473532016489922 ) ) ;
#1972 = AXIS2_PLACEMENT_3D ( 'NONE', #54, #5419, #1575 ) ;
#1973 = LINE ( 'NONE', #5040, #8857 ) ;
#1974 = CARTESIAN_POINT ( 'NONE',  ( -0.3759788841897500622, 0.03346456692912580522, 0.01574803160697565291 ) ) ;
#1975 = ORIENTED_EDGE ( 'NONE', *, *, #7928, .T. ) ;
#1976 = ADVANCED_FACE ( 'NONE', ( #7644 ), #302, .T. ) ;
#1977 = ORIENTED_EDGE ( 'NONE', *, *, #4800, .F. ) ;
#1978 = LINE ( 'NONE', #3587, #6905 ) ;
#1979 = VERTEX_POINT ( 'NONE', #6183 ) ;
#1980 = CARTESIAN_POINT ( 'NONE',  ( -0.5042044491847305077, 0.2421259842519683514, -0.3228554797919814257 ) ) ;
#1981 = FACE_OUTER_BOUND ( 'NONE', #1828, .T. ) ;
#1982 = DIRECTION ( 'NONE',  ( 0.000000000000000000, 0.000000000000000000, 1.000000000000000000 ) ) ;
#1983 = DIRECTION ( 'NONE',  ( 0.000000000000000000, 0.000000000000000000, 1.000000000000000000 ) ) ;
#1984 = ORIENTED_EDGE ( 'NONE', *, *, #6264, .F. ) ;
#1985 = EDGE_CURVE ( 'NONE', #5656, #3583, #10268, .T. ) ;
#1986 = ORIENTED_EDGE ( 'NONE', *, *, #5738, .T. ) ;
#1987 = CARTESIAN_POINT ( 'NONE',  ( -0.4665300652921126612, -0.1082677165354328924, -0.3393563159933601914 ) ) ;
#1988 = LINE ( 'NONE', #1886, #6538 ) ;
#1989 = DIRECTION ( 'NONE',  ( -1.241154504388520031E-14, -1.000000000000000000, -0.000000000000000000 ) ) ;
#1990 = CARTESIAN_POINT ( 'NONE',  ( -0.5649552621425060206, 0.2696028754787344606, 0.001968504047920685909 ) ) ;
#1991 = DIRECTION ( 'NONE',  ( 1.387778780781445676E-14, 1.000000000000000000, 0.000000000000000000 ) ) ;
#1992 = PLANE ( 'NONE',  #1877 ) ;
#1993 = ORIENTED_EDGE ( 'NONE', *, *, #8333, .T. ) ;
#1994 = EDGE_CURVE ( 'NONE', #2006, #9903, #1460, .T. ) ;
#1995 = VECTOR ( 'NONE', #4519, 39.37007874015748143 ) ;
#1996 = EDGE_LOOP ( 'NONE', ( #4825, #1409, #397, #6054 ) ) ;
#1997 = EDGE_CURVE ( 'NONE', #8270, #952, #2233, .T. ) ;
#1998 = CARTESIAN_POINT ( 'NONE',  ( -0.5527505377330569347, 0.2480314960629948773, 0.007874015858944203791 ) ) ;
#1999 = VERTEX_POINT ( 'NONE', #10323 ) ;
#2000 = PLANE ( 'NONE',  #1606 ) ;
#2001 = LINE ( 'NONE', #4397, #10218 ) ;
#2002 = DIRECTION ( 'NONE',  ( 0.000000000000000000, 0.000000000000000000, -1.000000000000000000 ) ) ;
#2003 = DIRECTION ( 'NONE',  ( 1.929231152724730244E-14, 3.937811493333050195E-13, -1.000000000000000000 ) ) ;
#2004 = DIRECTION ( 'NONE',  ( 0.9999999991463190963, -1.074773266855160200E-14, 4.132023648018220838E-05 ) ) ;
#2005 = CARTESIAN_POINT ( 'NONE',  ( -0.5527505377330569347, 0.1766903569713492161, 0.001968504047920685909 ) ) ;
#2006 = VERTEX_POINT ( 'NONE', #6294 ) ;
#2007 = EDGE_CURVE ( 'NONE', #295, #2903, #3906, .T. ) ;
#2008 = EDGE_LOOP ( 'NONE', ( #5694, #4574, #3787, #6659 ) ) ;
#2009 = VECTOR ( 'NONE', #1746, 39.37007874015748143 ) ;
#2011 = ORIENTED_EDGE ( 'NONE', *, *, #6071, .T. ) ;
#2010 = EDGE_CURVE ( 'NONE', #386, #5138, #1408, .T. ) ;
#2012 = ORIENTED_EDGE ( 'NONE', *, *, #9272, .T. ) ;
#2013 = CARTESIAN_POINT ( 'NONE',  ( -2.803163315156048886E-16, 0.3575666342353174265, -0.1549419500014621864 ) ) ;
#2014 = EDGE_LOOP ( 'NONE', ( #4490, #6010, #1960, #530 ) ) ;
#2015 = DIRECTION ( 'NONE',  ( -1.000000000000000000, 2.982960006829620341E-15, 0.000000000000000000 ) ) ;
#2016 = DIRECTION ( 'NONE',  ( 1.000000000000000000, 0.000000000000000000, 1.098777426433149983E-15 ) ) ;
#2017 = CARTESIAN_POINT ( 'NONE',  ( -0.3956639235598342630, 0.007874015748028716927, -0.3405511809914499310 ) ) ;
#2018 = DIRECTION ( 'NONE',  ( -8.431192517898690107E-32, -1.000000000000000000, -9.958396954279598582E-17 ) ) ;
#2019 = VECTOR ( 'NONE', #8205, 39.37007874015748854 ) ;
#2020 = DIRECTION ( 'NONE',  ( 0.9999999991463189852, 1.843143692755239826E-16, 4.132023655443415331E-05 ) ) ;
#2021 = DIRECTION ( 'NONE',  ( -4.078893220340669608E-32, 2.220446049250309876E-16, 1.000000000000000000 ) ) ;
#2022 = VERTEX_POINT ( 'NONE', #3801 ) ;
#2023 = EDGE_CURVE ( 'NONE', #7914, #6843, #7059, .T. ) ;
#2025 = ORIENTED_EDGE ( 'NONE', *, *, #9061, .T. ) ;
#2024 = EDGE_CURVE ( 'NONE', #5305, #5171, #6239, .T. ) ;
#2026 = AXIS2_PLACEMENT_3D ( 'NONE', #9391, #2243, #418 ) ;
#2027 = CARTESIAN_POINT ( 'NONE',  ( 1.333960390283828660E-05, 0.4842519685039369803, -0.3228346453936932203 ) ) ;
#2028 = ORIENTED_EDGE ( 'NONE', *, *, #7659, .T. ) ;
#2029 = PLANE ( 'NONE',  #9535 ) ;
#2030 = DIRECTION ( 'NONE',  ( -1.000000000000000000, 9.634711363903441210E-15, -1.929231152724350329E-14 ) ) ;
#2031 = DIRECTION ( 'NONE',  ( 0.9999999991463189852, 0.000000000000000000, 4.132023648018220161E-05 ) ) ;
#2032 = LINE ( 'NONE', #5207, #134 ) ;
#2033 = VECTOR ( 'NONE', #831, 39.37007874015748143 ) ;
#2034 = VECTOR ( 'NONE', #403, 39.37007874015748143 ) ;
#2035 = ORIENTED_EDGE ( 'NONE', *, *, #4608, .T. ) ;
#2036 = VERTEX_POINT ( 'NONE', #2287 ) ;
#2037 = VERTEX_POINT ( 'NONE', #7814 ) ;
#2038 = CARTESIAN_POINT ( 'NONE',  ( -0.5649552621425060206, 0.4685861008999645527, -0.3405511809914499310 ) ) ;
#2039 = CARTESIAN_POINT ( 'NONE',  ( -0.4370025062369939928, -0.1082677165354328924, -0.3405511809914387178 ) ) ;
#2040 = VECTOR ( 'NONE', #3608, 39.37007874015748854 ) ;
#2041 = CARTESIAN_POINT ( 'NONE',  ( 0.1456746591693080239, 0.2755905511811020947, -0.1299212597316068418 ) ) ;
#2042 = AXIS2_PLACEMENT_3D ( 'NONE', #603, #1439, #8727 ) ;
#2043 = CARTESIAN_POINT ( 'NONE',  ( 5.368377180409042315E-06, 0.2755905511811019282, -0.1299212597315823337 ) ) ;
#2044 = CARTESIAN_POINT ( 'NONE',  ( -0.5413332148984167924, 0.01968503937008012419, 0.009696850504613734392 ) ) ;
#2045 = ORIENTED_EDGE ( 'NONE', *, *, #8910, .F. ) ;
#2046 = EDGE_LOOP ( 'NONE', ( #4019, #6645, #3130, #8597 ) ) ;
#2047 = VECTOR ( 'NONE', #3677, 39.37007874015748143 ) ;
#2048 = AXIS2_PLACEMENT_3D ( 'NONE', #6156, #5483, #1529 ) ;
#2049 = EDGE_CURVE ( 'NONE', #6283, #9062, #10166, .T. ) ;
#2050 = CARTESIAN_POINT ( 'NONE',  ( -0.003764270458076586761, 0.4706398105820667754, 0.01574536295508842040 ) ) ;
#2051 = EDGE_LOOP ( 'NONE', ( #3983, #1446, #7766, #7941, #10103 ) ) ;
#2052 = CARTESIAN_POINT ( 'NONE',  ( -0.3759788841897500622, 0.2224409448818800150, -0.3425196849284575795 ) ) ;
#2053 = LINE ( 'NONE', #442, #2379 ) ;
#2054 = CARTESIAN_POINT ( 'NONE',  ( -0.4074749471818818747, -0.1035381541744148370, 0.01041691224497195284 ) ) ;
#2055 = DIRECTION ( 'NONE',  ( -0.9999999991463189852, 0.000000000000000000, -4.132023647999849710E-05 ) ) ;
#2056 = DIRECTION ( 'NONE',  ( 1.320822031358189968E-15, 7.452763270214839996E-16, -1.000000000000000000 ) ) ;
#2057 = DIRECTION ( 'NONE',  ( 1.000000000000000000, 0.000000000000000000, 1.320822031358179910E-15 ) ) ;
#2058 = ORIENTED_EDGE ( 'NONE', *, *, #9598, .F. ) ;
#2059 = AXIS2_PLACEMENT_3D ( 'NONE', #2434, #676, #10321 ) ;
#2060 = EDGE_CURVE ( 'NONE', #9893, #2112, #8539, .T. ) ;
#2061 = ORIENTED_EDGE ( 'NONE', *, *, #1820, .T. ) ;
#2062 = EDGE_CURVE ( 'NONE', #3271, #4257, #10215, .T. ) ;
#2063 = ORIENTED_EDGE ( 'NONE', *, *, #4410, .T. ) ;
#2064 = ORIENTED_EDGE ( 'NONE', *, *, #10106, .F. ) ;
#2065 = EDGE_CURVE ( 'NONE', #5421, #4167, #4042, .T. ) ;
#2066 = VECTOR ( 'NONE', #7617, 39.37007874015748143 ) ;
#2067 = FACE_OUTER_BOUND ( 'NONE', #1589, .T. ) ;
#2068 = ORIENTED_EDGE ( 'NONE', *, *, #1062, .T. ) ;
#2069 = CYLINDRICAL_SURFACE ( 'NONE', #10207, 0.02755905511673228600 ) ;
#2070 = CARTESIAN_POINT ( 'NONE',  ( -0.5649552621425060206, 0.2342519685039300692, -0.3543307085505046361 ) ) ;
#2071 = DIRECTION ( 'NONE',  ( 1.000000000000000000, 0.000000000000000000, 0.000000000000000000 ) ) ;
#2072 = CARTESIAN_POINT ( 'NONE',  ( -0.3458482281720611784, 0.01968503937007875723, 0.001968504047920685909 ) ) ;
#2073 = DIRECTION ( 'NONE',  ( 4.078893220340669608E-32, -2.220446049250309876E-16, -1.000000000000000000 ) ) ;
#2074 = EDGE_CURVE ( 'NONE', #2738, #6428, #8696, .T. ) ;
#2075 = CARTESIAN_POINT ( 'NONE',  ( -0.5531442385204589085, 0.2578329338025018291, -0.3277559054009058781 ) ) ;
#2076 = ORIENTED_EDGE ( 'NONE', *, *, #165, .T. ) ;
#2077 = AXIS2_PLACEMENT_3D ( 'NONE', #7707, #9283, #7598 ) ;
#2078 = ORIENTED_EDGE ( 'NONE', *, *, #668, .T. ) ;
#2079 = DIRECTION ( 'NONE',  ( 0.000000000000000000, 1.000000000000000000, -3.550762114890027810E-15 ) ) ;
#2080 = DIRECTION ( 'NONE',  ( 1.951563910473908612E-14, 0.000000000000000000, -1.000000000000000000 ) ) ;
#2081 = VERTEX_POINT ( 'NONE', #779 ) ;
#2082 = CARTESIAN_POINT ( 'NONE',  ( -0.5157346918699158289, 0.2834645669208620267, 2.756019384712204749E-10 ) ) ;
#2083 = CARTESIAN_POINT ( 'NONE',  ( -0.5531442385204589085, -0.02604684405929586985, 0.01377952766996799576 ) ) ;
#2084 = DIRECTION ( 'NONE',  ( 4.078893220340669608E-32, -2.220446049250309876E-16, -1.000000000000000000 ) ) ;
#2085 = ADVANCED_FACE ( 'NONE', ( #6922 ), #10115, .F. ) ;
#2086 = FACE_OUTER_BOUND ( 'NONE', #2625, .T. ) ;
#2087 = ORIENTED_EDGE ( 'NONE', *, *, #113, .F. ) ;
#2088 = ORIENTED_EDGE ( 'NONE', *, *, #1622, .T. ) ;
#2089 = ORIENTED_EDGE ( 'NONE', *, *, #10179, .F. ) ;
#2090 = VERTEX_POINT ( 'NONE', #2965 ) ;
#2091 = ORIENTED_EDGE ( 'NONE', *, *, #4010, .T. ) ;
#2092 = FACE_OUTER_BOUND ( 'NONE', #5199, .T. ) ;
#2093 = AXIS2_PLACEMENT_3D ( 'NONE', #9197, #9988, #659 ) ;
#2094 = DIRECTION ( 'NONE',  ( 0.000000000000000000, 0.000000000000000000, -1.000000000000000000 ) ) ;
#2095 = DIRECTION ( 'NONE',  ( 1.000000000000000000, -1.608082204351299748E-16, 1.929231152724250301E-14 ) ) ;
#2096 = DIRECTION ( 'NONE',  ( 4.132023647966327534E-05, 1.128275431047924502E-15, -0.9999999991463190963 ) ) ;
#2097 = DIRECTION ( 'NONE',  ( 8.466415384531749193E-16, -9.958396954279598582E-17, 1.000000000000000000 ) ) ;
#2098 = ORIENTED_EDGE ( 'NONE', *, *, #8173, .F. ) ;
#2099 = EDGE_CURVE ( 'NONE', #7686, #8991, #9437, .T. ) ;
#2100 = VECTOR ( 'NONE', #4503, 39.37007874015748854 ) ;
#2101 = VECTOR ( 'NONE', #10014, 39.37007874015748854 ) ;
#2102 = ORIENTED_EDGE ( 'NONE', *, *, #613, .F. ) ;
#2103 = LINE ( 'NONE', #9986, #7504 ) ;
#2104 = EDGE_LOOP ( 'NONE', ( #1245, #9834, #8187, #1328, #5334 ) ) ;
#2105 = CARTESIAN_POINT ( 'NONE',  ( -0.4783410889141597178, 0.01968503937007875723, 0.01377952766996799576 ) ) ;
#2106 = LINE ( 'NONE', #5902, #3534 ) ;
#2107 = DIRECTION ( 'NONE',  ( 0.7071067811865240360, 0.7071067811865709984, 0.000000000000000000 ) ) ;
#2108 = CARTESIAN_POINT ( 'NONE',  ( -0.5531442385204589085, 0.4822834645669287768, -0.3287401573694028745 ) ) ;
#2109 = CARTESIAN_POINT ( 'NONE',  ( -0.03936926444221768712, 0.2201297255488997295, -0.01970781430357135613 ) ) ;
#2110 = VECTOR ( 'NONE', #7047, 39.37007874015748143 ) ;
#2111 = CARTESIAN_POINT ( 'NONE',  ( -0.04133581711624267907, 0.05511811023621959738, -0.06693075270807204158 ) ) ;
#2112 = VERTEX_POINT ( 'NONE', #2126 ) ;
#2113 = EDGE_LOOP ( 'NONE', ( #2517, #7704, #8528, #9647 ) ) ;
#2114 = ORIENTED_EDGE ( 'NONE', *, *, #7166, .F. ) ;
#2115 = ORIENTED_EDGE ( 'NONE', *, *, #7315, .T. ) ;
#2116 = AXIS2_PLACEMENT_3D ( 'NONE', #7740, #605, #5445 ) ;
#2117 = AXIS2_PLACEMENT_3D ( 'NONE', #4345, #6584, #336 ) ;
#2118 = DIRECTION ( 'NONE',  ( 1.000000000000000000, -2.824670172274429892E-14, 0.000000000000000000 ) ) ;
#2119 = ORIENTED_EDGE ( 'NONE', *, *, #4864, .T. ) ;
#2120 = CARTESIAN_POINT ( 'NONE',  ( -0.4665300652921126612, -0.03212048658943458118, 0.0002871963762553231009 ) ) ;
#2121 = EDGE_CURVE ( 'NONE', #4290, #9107, #5302, .T. ) ;
#2122 = CARTESIAN_POINT ( 'NONE',  ( -0.1299215851072932915, 0.1062992126077747096, -0.01378489594295623927 ) ) ;
#2123 = DIRECTION ( 'NONE',  ( -1.000000000000000000, 0.000000000000000000, 0.000000000000000000 ) ) ;
#2124 = CARTESIAN_POINT ( 'NONE',  ( -0.3877899078117976184, 0.02165354330708013295, -0.3425196849284575795 ) ) ;
#2125 = DIRECTION ( 'NONE',  ( 0.9284766908852550849, -2.775557561565725334E-15, 0.3713906763541144906 ) ) ;
#2126 = CARTESIAN_POINT ( 'NONE',  ( -0.3956639235598342630, 0.01968503937007875723, 0.001968504047920685909 ) ) ;
#2127 = CARTESIAN_POINT ( 'NONE',  ( -0.4468450259220339005, 0.1555118110236194118, 0.01574803160697565291 ) ) ;
#2128 = ORIENTED_EDGE ( 'NONE', *, *, #4757, .T. ) ;
#2129 = VECTOR ( 'NONE', #9766, 39.37007874015748854 ) ;
#2130 = AXIS2_PLACEMENT_3D ( 'NONE', #2811, #4374, #7551 ) ;
#2131 = EDGE_CURVE ( 'NONE', #5988, #9556, #1350, .T. ) ;
#2132 = ORIENTED_EDGE ( 'NONE', *, *, #9157, .T. ) ;
#2133 = CARTESIAN_POINT ( 'NONE',  ( -0.1023518745987721801, 0.1062992126077747096, -0.2716577727241750728 ) ) ;
#2134 = LINE ( 'NONE', #3752, #4399 ) ;
#2135 = ORIENTED_EDGE ( 'NONE', *, *, #6776, .T. ) ;
#2136 = VECTOR ( 'NONE', #7050, 39.37007874015748143 ) ;
#2137 = ADVANCED_FACE ( 'NONE', ( #9330 ), #2181, .T. ) ;
#2138 = CYLINDRICAL_SURFACE ( 'NONE', #2026, 0.01181102362204724567 ) ;
#2139 = CARTESIAN_POINT ( 'NONE',  ( -0.5314827233659792372, 0.01968503937007903132, -0.002114173117433575458 ) ) ;
#2140 = CARTESIAN_POINT ( 'NONE',  ( -0.4783410889141597178, 0.007874015748028716927, 0.01377952766996799576 ) ) ;
#2141 = DIRECTION ( 'NONE',  ( 1.098777426433149983E-15, -2.220446049250329844E-16, -1.000000000000000000 ) ) ;
#2142 = ORIENTED_EDGE ( 'NONE', *, *, #1170, .T. ) ;
#2143 = EDGE_CURVE ( 'NONE', #8288, #940, #6517, .T. ) ;
#2144 = ORIENTED_EDGE ( 'NONE', *, *, #3150, .F. ) ;
#2145 = AXIS2_PLACEMENT_3D ( 'NONE', #3687, #3527, #2911 ) ;
#2146 = VERTEX_POINT ( 'NONE', #8111 ) ;
#2147 = EDGE_CURVE ( 'NONE', #4813, #7791, #4051, .T. ) ;
#2148 = ORIENTED_EDGE ( 'NONE', *, *, #876, .T. ) ;
#2149 = ORIENTED_EDGE ( 'NONE', *, *, #330, .T. ) ;
#2150 = DIRECTION ( 'NONE',  ( -6.123638448986439244E-17, 1.000000000000000000, 7.452763270214839996E-16 ) ) ;
#2151 = PRODUCT_DEFINITION_FORMATION_WITH_SPECIFIED_SOURCE ( 'ANY', '', #825, .NOT_KNOWN. ) ;
#2152 = CARTESIAN_POINT ( 'NONE',  ( -0.5531442385204589085, 0.4862204724409451839, 0.01377952766996799576 ) ) ;
#2153 = CARTESIAN_POINT ( 'NONE',  ( -0.5511811018916714655, 0.2421259842519683514, -2.277493349287061455E-05 ) ) ;
#2154 = CARTESIAN_POINT ( 'NONE',  ( -0.1161363645047174403, -0.1156854394007200554, -0.3169291337473438275 ) ) ;
#2155 = ORIENTED_EDGE ( 'NONE', *, *, #807, .F. ) ;
#2156 = ADVANCED_FACE ( 'NONE', ( #2485 ), #7319, .F. ) ;
#2157 = VERTEX_POINT ( 'NONE', #2579 ) ;
#2158 = EDGE_CURVE ( 'NONE', #9206, #2806, #187, .T. ) ;
#2159 = CARTESIAN_POINT ( 'NONE',  ( 5.367778755658163867E-06, 0.4744094488188931868, 0.001968504047952375404 ) ) ;
#2160 = ORIENTED_EDGE ( 'NONE', *, *, #9525, .T. ) ;
#2161 = ORIENTED_EDGE ( 'NONE', *, *, #8239, .F. ) ;
#2162 = CARTESIAN_POINT ( 'NONE',  ( -0.1161363645047151227, -0.1106761335620592979, -0.3401528926587466528 ) ) ;
#2163 = PLANE ( 'NONE',  #9384 ) ;
#2164 = EDGE_CURVE ( 'NONE', #3203, #7804, #9688, .T. ) ;
#2165 = CYLINDRICAL_SURFACE ( 'NONE', #796, 0.01552990469826760062 ) ;
#2166 = DIRECTION ( 'NONE',  ( 1.246852041328331722E-14, 0.8576492836772124928, 0.5142350690180167438 ) ) ;
#2167 = AXIS2_PLACEMENT_3D ( 'NONE', #2492, #9842, #4207 ) ;
#2168 = DIRECTION ( 'NONE',  ( -0.9999999991463189852, -0.000000000000000000, -4.132023646914450172E-05 ) ) ;
#2169 = FACE_OUTER_BOUND ( 'NONE', #2046, .T. ) ;
#2170 = ORIENTED_EDGE ( 'NONE', *, *, #2313, .T. ) ;
#2171 = ORIENTED_EDGE ( 'NONE', *, *, #7543, .F. ) ;
#2172 = ORIENTED_EDGE ( 'NONE', *, *, #9687, .T. ) ;
#2173 = EDGE_LOOP ( 'NONE', ( #4964, #2064, #4955, #2957 ) ) ;
#2174 = LINE ( 'NONE', #7807, #3250 ) ;
#2175 = ORIENTED_EDGE ( 'NONE', *, *, #6477, .T. ) ;
#2176 = DIRECTION ( 'NONE',  ( 2.982960006829620341E-15, 1.000000000000000000, 9.958396954279348366E-17 ) ) ;
#2177 = CARTESIAN_POINT ( 'NONE',  ( -0.006884396000772508017, 0.4862204724409451839, -0.009842519574121433648 ) ) ;
#2178 = CARTESIAN_POINT ( 'NONE',  ( -0.5531442385204589085, 0.03149606299212852345, -0.002114173117433575458 ) ) ;
#2179 = LINE ( 'NONE', #5299, #9455 ) ;
#2180 = DIRECTION ( 'NONE',  ( -2.982960006829620341E-15, -1.000000000000000000, -9.958396954279338505E-17 ) ) ;
#2181 = CYLINDRICAL_SURFACE ( 'NONE', #6362, 0.03149606299212599769 ) ;
#2182 = ORIENTED_EDGE ( 'NONE', *, *, #2913, .F. ) ;
#2183 = ORIENTED_EDGE ( 'NONE', *, *, #5639, .F. ) ;
#2184 = CARTESIAN_POINT ( 'NONE',  ( -0.4586560495440809571, 0.1543307086614156831, -0.3287401573694028745 ) ) ;
#2185 = DIRECTION ( 'NONE',  ( 0.000000000000000000, 0.000000000000000000, 1.000000000000000000 ) ) ;
#2186 = ORIENTED_EDGE ( 'NONE', *, *, #694, .F. ) ;
#2187 = CARTESIAN_POINT ( 'NONE',  ( -0.4077711327369408223, -0.1131782253818537226, -0.3405511809914378851 ) ) ;
#2188 = EDGE_CURVE ( 'NONE', #10124, #4853, #5705, .T. ) ;
#2189 = DIRECTION ( 'NONE',  ( 2.509709826253690432E-15, 1.000000000000000000, 0.000000000000000000 ) ) ;
#2190 = DIRECTION ( 'NONE',  ( 1.734723475976783744E-14, 3.642919299551245421E-13, -1.000000000000000000 ) ) ;
#2191 = DIRECTION ( 'NONE',  ( -1.000000000000000000, 1.447273983916409882E-16, 4.824246613056129008E-17 ) ) ;
#2192 = ADVANCED_FACE ( 'NONE', ( #9589 ), #92, .F. ) ;
#2193 = VECTOR ( 'NONE', #8515, 39.37007874015748143 ) ;
#2194 = EDGE_CURVE ( 'NONE', #4008, #1214, #9382, .T. ) ;
#2195 = ORIENTED_EDGE ( 'NONE', *, *, #2583, .F. ) ;
#2196 = VERTEX_POINT ( 'NONE', #1802 ) ;
#2197 = EDGE_CURVE ( 'NONE', #2846, #4563, #7348, .T. ) ;
#2198 = CARTESIAN_POINT ( 'NONE',  ( -0.4960607955489905185, 0.01377952756604412625, -0.05317010369398561531 ) ) ;
#2199 = CARTESIAN_POINT ( 'NONE',  ( -0.4468450259220339005, 0.1476377952755860423, 0.01574803160697565291 ) ) ;
#2200 = CARTESIAN_POINT ( 'NONE',  ( -0.4270405767649864681, 0.1555118110236194118, -0.3543307085505046361 ) ) ;
#2201 = SURFACE_STYLE_FILL_AREA ( #4548 ) ;
#2202 = CARTESIAN_POINT ( 'NONE',  ( -0.03935673911401415398, 0.01377952755905360177, -0.04724409421258948805 ) ) ;
#2203 = DIRECTION ( 'NONE',  ( -0.9999999991463190963, -1.836940359963940341E-16, -4.132023649219140763E-05 ) ) ;
#2204 = EDGE_CURVE ( 'NONE', #747, #3545, #5563, .T. ) ;
#2206 = ORIENTED_EDGE ( 'NONE', *, *, #7467, .F. ) ;
#2205 = CIRCLE ( 'NONE', #571, 0.02362204724409448092 ) ;
#2207 = VECTOR ( 'NONE', #720, 39.37007874015748143 ) ;
#2208 = ORIENTED_EDGE ( 'NONE', *, *, #2906, .F. ) ;
#2209 = AXIS2_PLACEMENT_3D ( 'NONE', #8267, #5025, #4302 ) ;
#2211 = DIRECTION ( 'NONE',  ( -2.439775995528935424E-31, -1.000000000000000000, 2.220446049250329844E-16 ) ) ;
#2210 = VECTOR ( 'NONE', #955, 39.37007874015748143 ) ;
#2212 = ORIENTED_EDGE ( 'NONE', *, *, #5405, .F. ) ;
#2213 = ORIENTED_EDGE ( 'NONE', *, *, #8356, .T. ) ;
#2214 = DIRECTION ( 'NONE',  ( -1.837020799745159741E-16, 1.000000000000000000, 1.946702628992019695E-16 ) ) ;
#2215 = CARTESIAN_POINT ( 'NONE',  ( -0.4468450259220339005, 0.1555118110236183016, -0.3543307085505046361 ) ) ;
#2216 = DIRECTION ( 'NONE',  ( -8.044134937727570810E-21, 1.000000000000000000, 1.946778531802094728E-16 ) ) ;
#2217 = FACE_OUTER_BOUND ( 'NONE', #3676, .T. ) ;
#2218 = DIRECTION ( 'NONE',  ( 1.000000000000000000, 0.000000000000000000, 0.000000000000000000 ) ) ;
#2219 = EDGE_CURVE ( 'NONE', #3913, #59, #8159, .T. ) ;
#2220 = VERTEX_POINT ( 'NONE', #1017 ) ;
#2221 = ORIENTED_EDGE ( 'NONE', *, *, #812, .F. ) ;
#2222 = CIRCLE ( 'NONE', #6031, 0.02755905511811023931 ) ;
#2223 = AXIS2_PLACEMENT_3D ( 'NONE', #799, #9301, #3872 ) ;
#2224 = ORIENTED_EDGE ( 'NONE', *, *, #6630, .T. ) ;
#2225 = LINE ( 'NONE', #5346, #9883 ) ;
#2226 = VERTEX_POINT ( 'NONE', #3216 ) ;
#2227 = CARTESIAN_POINT ( 'NONE',  ( -0.5413332148984112413, 0.03149606299212852345, 0.009696850504613734392 ) ) ;
#2228 = CARTESIAN_POINT ( 'NONE',  ( -0.5314960625215926493, 0.4645669291338582196, -0.01970781430357135613 ) ) ;
#2229 = AXIS2_PLACEMENT_3D ( 'NONE', #4888, #9645, #2685 ) ;
#2230 = CARTESIAN_POINT ( 'NONE',  ( -0.04133581711624267907, 0.05511811023621959738, -0.06693075270807204158 ) ) ;
#2231 = VECTOR ( 'NONE', #1750, 39.37007874015748143 ) ;
#2232 = CARTESIAN_POINT ( 'NONE',  ( -0.3641794802528421915, 0.01968503937007875723, -0.05712043728564969447 ) ) ;
#2233 = CIRCLE ( 'NONE', #8050, 0.003937007874015747977 ) ;
#2234 = LINE ( 'NONE', #4221, #4058 ) ;
#2235 = CARTESIAN_POINT ( 'NONE',  ( -0.03937007870654841285, 0.4842519685039369803, -1.626780961142190473E-06 ) ) ;
#2236 = ORIENTED_EDGE ( 'NONE', *, *, #1499, .T. ) ;
#2237 = EDGE_CURVE ( 'NONE', #3487, #6057, #5368, .T. ) ;
#2238 = ORIENTED_EDGE ( 'NONE', *, *, #7694, .T. ) ;
#2239 = AXIS2_PLACEMENT_3D ( 'NONE', #4455, #5180, #3621 ) ;
#2240 = LINE ( 'NONE', #9594, #7882 ) ;
#2241 = CARTESIAN_POINT ( 'NONE',  ( -0.05314423787833950225, 0.2755905511811020947, -0.1299233745468610646 ) ) ;
#2242 = ORIENTED_EDGE ( 'NONE', *, *, #37, .T. ) ;
#2243 = DIRECTION ( 'NONE',  ( -2.220446049248259824E-16, 2.220446049250319983E-16, 1.000000000000000000 ) ) ;
#2244 = DIRECTION ( 'NONE',  ( 4.078893220340669608E-32, -2.220446049250309876E-16, -1.000000000000000000 ) ) ;
#2245 = DIRECTION ( 'NONE',  ( 1.156482317317871291E-14, 1.000000000000000000, 0.000000000000000000 ) ) ;
#2246 = DIRECTION ( 'NONE',  ( 4.132023648018220161E-05, 0.000000000000000000, -0.9999999991463189852 ) ) ;
#2247 = ORIENTED_EDGE ( 'NONE', *, *, #3525, .F. ) ;
#2248 = CIRCLE ( 'NONE', #2914, 0.01968503937007971480 ) ;
#2249 = ORIENTED_EDGE ( 'NONE', *, *, #5378, .F. ) ;
#2250 = AXIS2_PLACEMENT_3D ( 'NONE', #7281, #6491, #9840 ) ;
#2251 = ORIENTED_EDGE ( 'NONE', *, *, #3151, .T. ) ;
#2252 = LINE ( 'NONE', #2306, #9441 ) ;
#2253 = DIRECTION ( 'NONE',  ( 2.081668171172166620E-14, 0.000000000000000000, -1.000000000000000000 ) ) ;
#2254 = EDGE_CURVE ( 'NONE', #3597, #8898, #10034, .T. ) ;
#2255 = EDGE_CURVE ( 'NONE', #4461, #2982, #4098, .T. ) ;
#2256 = CARTESIAN_POINT ( 'NONE',  ( -0.4960549391375220218, 0.01377952756953897996, -0.1949023870358780608 ) ) ;
#2257 = LINE ( 'NONE', #2823, #1786 ) ;
#2258 = DIRECTION ( 'NONE',  ( 8.466415384531750179E-16, -9.958396954279598582E-17, 1.000000000000000000 ) ) ;
#2259 = DIRECTION ( 'NONE',  ( -1.000000000000000000, 0.000000000000000000, 0.000000000000000000 ) ) ;
#2260 = ORIENTED_EDGE ( 'NONE', *, *, #9287, .F. ) ;
#2261 = EDGE_CURVE ( 'NONE', #549, #6176, #1379, .T. ) ;
#2262 = EDGE_CURVE ( 'NONE', #865, #8991, #41, .T. ) ;
#2263 = ORIENTED_EDGE ( 'NONE', *, *, #9331, .F. ) ;
#2264 = AXIS2_PLACEMENT_3D ( 'NONE', #5604, #6579, #1840 ) ;
#2265 = EDGE_CURVE ( 'NONE', #166, #3808, #2526, .T. ) ;
#2266 = PLANE ( 'NONE',  #7022 ) ;
#2267 = EDGE_LOOP ( 'NONE', ( #9356, #8608, #7164, #1538 ) ) ;
#2268 = ORIENTED_EDGE ( 'NONE', *, *, #1310, .F. ) ;
#2269 = CARTESIAN_POINT ( 'NONE',  ( -0.3641598865386609374, -0.1003974323773925287, -0.1161466070469970857 ) ) ;
#2270 = DIRECTION ( 'NONE',  ( -1.259585646868319844E-15, -1.000000000000000000, -1.663688472766219883E-30 ) ) ;
#2271 = CARTESIAN_POINT ( 'NONE',  ( -0.01377415978030067413, 0.4862204724409451839, -0.3169291337473613135 ) ) ;
#2272 = FACE_OUTER_BOUND ( 'NONE', #329, .T. ) ;
#2273 = DIRECTION ( 'NONE',  ( 0.000000000000000000, 0.000000000000000000, 1.000000000000000000 ) ) ;
#2274 = ORIENTED_EDGE ( 'NONE', *, *, #1837, .F. ) ;
#2275 = VECTOR ( 'NONE', #2467, 39.37007874015748143 ) ;
#2276 = VERTEX_POINT ( 'NONE', #873 ) ;
#2277 = EDGE_CURVE ( 'NONE', #2302, #2394, #1075, .T. ) ;
#2278 = CARTESIAN_POINT ( 'NONE',  ( -0.05708124639447816062, -0.07086614186344780686, -0.3405511809914414378 ) ) ;
#2279 = ORIENTED_EDGE ( 'NONE', *, *, #8769, .T. ) ;
#2280 = DIRECTION ( 'NONE',  ( 1.000000000000000000, 0.000000000000000000, 1.098777426433149983E-15 ) ) ;
#2281 = VECTOR ( 'NONE', #2986, 39.37007874015748143 ) ;
#2282 = CARTESIAN_POINT ( 'NONE',  ( -0.04723872670943303487, 0.01968503937007875723, -0.3425196849284575795 ) ) ;
#2283 = VECTOR ( 'NONE', #9288, 39.37007874015748143 ) ;
#2284 = FACE_OUTER_BOUND ( 'NONE', #433, .T. ) ;
#2285 = CARTESIAN_POINT ( 'NONE',  ( -0.5511744320897188354, 0.000000000000000000, -0.1614400976303397295 ) ) ;
#2286 = FACE_OUTER_BOUND ( 'NONE', #9925, .T. ) ;
#2287 = CARTESIAN_POINT ( 'NONE',  ( -0.5649552621425060206, 0.02165354330708068459, 0.007874015858944203791 ) ) ;
#2288 = ORIENTED_EDGE ( 'NONE', *, *, #5367, .T. ) ;
#2289 = VECTOR ( 'NONE', #8520, 39.37007874015748143 ) ;
#2290 = VECTOR ( 'NONE', #8631, 39.37007874015748143 ) ;
#2291 = VERTEX_POINT ( 'NONE', #9938 ) ;
#2292 = EDGE_CURVE ( 'NONE', #8320, #3932, #8706, .T. ) ;
#2293 = DIRECTION ( 'NONE',  ( -1.000000000000000000, 3.702480592180454985E-15, 6.175054893430670026E-15 ) ) ;
#2294 = LINE ( 'NONE', #3023, #9578 ) ;
#2295 = ORIENTED_EDGE ( 'NONE', *, *, #10032, .F. ) ;
#2296 = DIRECTION ( 'NONE',  ( -1.000000000000000000, -6.123638448986479919E-17, 6.245969335281450904E-16 ) ) ;
#2297 = DIRECTION ( 'NONE',  ( -1.000000000000000000, 1.259585646868319844E-15, 0.000000000000000000 ) ) ;
#2298 = AXIS2_PLACEMENT_3D ( 'NONE', #6780, #6998, #10186 ) ;
#2299 = AXIS2_PLACEMENT_3D ( 'NONE', #5830, #4998, #6370 ) ;
#2300 = FACE_OUTER_BOUND ( 'NONE', #5454, .T. ) ;
#2301 = CARTESIAN_POINT ( 'NONE',  ( -0.01377415978030094822, 0.4862204724409451839, 0.01377952766996799576 ) ) ;
#2302 = VERTEX_POINT ( 'NONE', #5852 ) ;
#2303 = AXIS2_PLACEMENT_3D ( 'NONE', #10025, #6413, #9615 ) ;
#2304 = ORIENTED_EDGE ( 'NONE', *, *, #668, .F. ) ;
#2305 = VERTEX_POINT ( 'NONE', #7473 ) ;
#2306 = CARTESIAN_POINT ( 'NONE',  ( -0.5529303401249746619, 0.2480314960629948773, -0.3364685038260962213 ) ) ;
#2307 = DIRECTION ( 'NONE',  ( 1.525560729160649877E-16, 0.9486832980505008894, -0.3162277660168769655 ) ) ;
#2308 = CARTESIAN_POINT ( 'NONE',  ( -0.4665300652921126612, -0.02604684405929586985, -0.009842519574132086585 ) ) ;
#2309 = CARTESIAN_POINT ( 'NONE',  ( -0.1736087076179499700, 0.07283464566101865989, -0.01970781430357135613 ) ) ;
#2310 = LINE ( 'NONE', #8668, #5578 ) ;
#2311 = AXIS2_PLACEMENT_3D ( 'NONE', #4895, #5672, #9700 ) ;
#2312 = VERTEX_POINT ( 'NONE', #4250 ) ;
#2313 = EDGE_CURVE ( 'NONE', #8288, #7370, #9151, .T. ) ;
#2314 = ORIENTED_EDGE ( 'NONE', *, *, #6764, .F. ) ;
#2315 = VECTOR ( 'NONE', #9081, 39.37007874015748143 ) ;
#2316 = ORIENTED_EDGE ( 'NONE', *, *, #3651, .F. ) ;
#2317 = ORIENTED_EDGE ( 'NONE', *, *, #4408, .T. ) ;
#2318 = CARTESIAN_POINT ( 'NONE',  ( -0.5527505377330569347, 0.4822834645669287768, 0.001968504047920685909 ) ) ;
#2319 = DIRECTION ( 'NONE',  ( 2.891205805630489746E-16, -1.000000000000000000, 0.000000000000000000 ) ) ;
#2320 = EDGE_CURVE ( 'NONE', #2580, #6551, #2789, .T. ) ;
#2321 = DIRECTION ( 'NONE',  ( 1.000000000000000000, -9.634711363903441210E-15, 1.929231152724350329E-14 ) ) ;
#2322 = PLANE ( 'NONE',  #5110 ) ;
#2323 = CARTESIAN_POINT ( 'NONE',  ( -0.01377415978030067413, 0.4980314960629916299, 0.001968504047920685909 ) ) ;
#2324 = CARTESIAN_POINT ( 'NONE',  ( -0.1160205748773740914, -0.1114812042603245124, -0.3281797214647586558 ) ) ;
#2325 = DIRECTION ( 'NONE',  ( 1.000000000000000000, 6.123638448986479919E-17, -6.245969335281450904E-16 ) ) ;
#2326 = ORIENTED_EDGE ( 'NONE', *, *, #7273, .F. ) ;
#2327 = ORIENTED_EDGE ( 'NONE', *, *, #2261, .F. ) ;
#2328 = EDGE_CURVE ( 'NONE', #10086, #229, #1959, .T. ) ;
#2329 = EDGE_CURVE ( 'NONE', #9370, #8064, #1226, .T. ) ;
#2330 = EDGE_LOOP ( 'NONE', ( #7320, #8321, #4365, #4900 ) ) ;
#2331 = CARTESIAN_POINT ( 'NONE',  ( -0.003931640095261022295, 0.3347172464223585053, 0.01181102373296006453 ) ) ;
#2332 = VERTEX_POINT ( 'NONE', #6009 ) ;
#2333 = CARTESIAN_POINT ( 'NONE',  ( 5.367778757024087504E-06, 0.4823494589026225965, -0.008426625433645943894 ) ) ;
#2334 = DIRECTION ( 'NONE',  ( -1.259585646868319844E-15, -1.000000000000000000, 0.000000000000000000 ) ) ;
#2335 = ADVANCED_FACE ( 'NONE', ( #5181 ), #1904, .T. ) ;
#2336 = DIRECTION ( 'NONE',  ( 4.078893220340669608E-32, -2.220446049250309876E-16, -1.000000000000000000 ) ) ;
#2337 = LINE ( 'NONE', #1458, #4267 ) ;
#2338 = CARTESIAN_POINT ( 'NONE',  ( -0.4035379393078605825, 0.1070866141732248061, 0.01377952766996799576 ) ) ;
#2339 = DIRECTION ( 'NONE',  ( 1.000000000000000000, -1.084202172485504434E-15, 0.000000000000000000 ) ) ;
#2340 = ORIENTED_EDGE ( 'NONE', *, *, #3033, .F. ) ;
#2341 = EDGE_CURVE ( 'NONE', #9168, #7759, #1174, .T. ) ;
#2342 = ORIENTED_EDGE ( 'NONE', *, *, #10226, .F. ) ;
#2343 = ORIENTED_EDGE ( 'NONE', *, *, #7981, .F. ) ;
#2344 = CARTESIAN_POINT ( 'NONE',  ( -0.3759788841897500622, 0.2224409448818800150, 0.01574803160697565291 ) ) ;
#2345 = CARTESIAN_POINT ( 'NONE',  ( -0.5649552621425060206, 0.02165354330708013295, -0.3346456691804255978 ) ) ;
#2346 = VERTEX_POINT ( 'NONE', #7522 ) ;
#2347 = PLANE ( 'NONE',  #9505 ) ;
#2348 = CARTESIAN_POINT ( 'NONE',  ( -0.4468450259220339005, 0.1476377952755860423, -0.3543307085505046361 ) ) ;
#2349 = CARTESIAN_POINT ( 'NONE',  ( -0.5374758135490458333, 0.2480314960629948773, -0.002114173117433575458 ) ) ;
#2350 = CARTESIAN_POINT ( 'NONE',  ( 5.367778755658163867E-06, 0.4842519684969904814, -0.3175029982818610153 ) ) ;
#2351 = ORIENTED_EDGE ( 'NONE', *, *, #3220, .T. ) ;
#2352 = ORIENTED_EDGE ( 'NONE', *, *, #4169, .F. ) ;
#2353 = ADVANCED_FACE ( 'NONE', ( #9098 ), #7420, .T. ) ;
#2354 = AXIS2_PLACEMENT_3D ( 'NONE', #7810, #4728, #3899 ) ;
#2355 = EDGE_LOOP ( 'NONE', ( #3551, #10209, #2429, #10246, #5529, #7322, #7056, #3803 ) ) ;
#2356 = DIRECTION ( 'NONE',  ( 8.466415384531749193E-16, -9.958396954279598582E-17, 1.000000000000000000 ) ) ;
#2357 = FACE_OUTER_BOUND ( 'NONE', #1863, .T. ) ;
#2358 = DIRECTION ( 'NONE',  ( 8.431192517898690107E-32, 1.000000000000000000, 9.958396954279598582E-17 ) ) ;
#2359 = CARTESIAN_POINT ( 'NONE',  ( -0.4468450259220339005, 0.1240157480314881405, 0.01574803160697565291 ) ) ;
#2360 = AXIS2_PLACEMENT_3D ( 'NONE', #7600, #10125, #8337 ) ;
#2361 = DIRECTION ( 'NONE',  ( -0.9999999991463189852, -0.000000000000000000, -4.132023649128439797E-05 ) ) ;
#2362 = ORIENTED_EDGE ( 'NONE', *, *, #1765, .T. ) ;
#2363 = ORIENTED_EDGE ( 'NONE', *, *, #6994, .F. ) ;
#2364 = CIRCLE ( 'NONE', #2855, 0.007874015748031516770 ) ;
#2365 = ORIENTED_EDGE ( 'NONE', *, *, #7153, .F. ) ;
#2366 = ORIENTED_EDGE ( 'NONE', *, *, #330, .F. ) ;
#2367 = PLANE ( 'NONE',  #6749 ) ;
#2368 = CARTESIAN_POINT ( 'NONE',  ( -0.5118030519583994797, 0.01968503937007875723, -0.1949030377516246526 ) ) ;
#2369 = CARTESIAN_POINT ( 'NONE',  ( -0.4547190416700650495, 0.1279527559055029240, -0.3543307085505046361 ) ) ;
#2370 = AXIS2_PLACEMENT_3D ( 'NONE', #10160, #6972, #456 ) ;
#2371 = FACE_OUTER_BOUND ( 'NONE', #6316, .T. ) ;
#2372 = CARTESIAN_POINT ( 'NONE',  ( -2.731847993664263218E-16, 0.4842519685039369803, 0.000000000000000000 ) ) ;
#2373 = LINE ( 'NONE', #7258, #7292 ) ;
#2374 = LINE ( 'NONE', #3202, #7533 ) ;
#2375 = ORIENTED_EDGE ( 'NONE', *, *, #10296, .T. ) ;
#2376 = EDGE_LOOP ( 'NONE', ( #3148, #4472 ) ) ;
#2377 = VECTOR ( 'NONE', #8007, 39.37007874015748143 ) ;
#2378 = ADVANCED_FACE ( 'NONE', ( #5078 ), #2528, .T. ) ;
#2379 = VECTOR ( 'NONE', #3617, 39.37007874015748854 ) ;
#2380 = DIRECTION ( 'NONE',  ( -0.9999999991463189852, 0.000000000000000000, -4.132023648018220161E-05 ) ) ;
#2381 = ORIENTED_EDGE ( 'NONE', *, *, #6212, .F. ) ;
#2382 = CARTESIAN_POINT ( 'NONE',  ( -0.08660880544959656535, -0.1082677165354372639, -0.3405511809914387178 ) ) ;
#2383 = CARTESIAN_POINT ( 'NONE',  ( -0.5531442385204589085, 0.2480314960629948773, -0.3287401573694028745 ) ) ;
#2384 = CYLINDRICAL_SURFACE ( 'NONE', #9782, 0.02952755905511810289 ) ;
#2385 = EDGE_CURVE ( 'NONE', #3317, #7475, #7576, .T. ) ;
#2386 = DIRECTION ( 'NONE',  ( -2.982960006829620341E-15, -1.000000000000000000, -9.958396954279348366E-17 ) ) ;
#2387 = ADVANCED_FACE ( 'NONE', ( #3570 ), #6688, .T. ) ;
#2388 = CARTESIAN_POINT ( 'NONE',  ( -0.4035379393078605825, 0.1149606299212581617, -0.3405511809914499310 ) ) ;
#2389 = AXIS2_PLACEMENT_3D ( 'NONE', #8584, #3107, #6226 ) ;
#2390 = VERTEX_POINT ( 'NONE', #3468 ) ;
#2391 = AXIS2_PLACEMENT_3D ( 'NONE', #2039, #4438, #6889 ) ;
#2392 = ORIENTED_EDGE ( 'NONE', *, *, #2454, .T. ) ;
#2393 = ADVANCED_FACE ( 'NONE', ( #8365, #238 ), #447, .T. ) ;
#2394 = VERTEX_POINT ( 'NONE', #5233 ) ;
#2395 = EDGE_CURVE ( 'NONE', #2952, #8525, #8416, .T. ) ;
#2396 = CIRCLE ( 'NONE', #8553, 0.1210629921259842451 ) ;
#2397 = VECTOR ( 'NONE', #6585, 39.37007874015748854 ) ;
#2398 = PLANE ( 'NONE',  #10231 ) ;
#2399 = CARTESIAN_POINT ( 'NONE',  ( 5.367778756204533153E-06, 0.4113098302422226737, -0.3385826770544420050 ) ) ;
#2400 = ORIENTED_EDGE ( 'NONE', *, *, #2830, .T. ) ;
#2401 = PLANE ( 'NONE',  #6012 ) ;
#2402 = EDGE_CURVE ( 'NONE', #9985, #8569, #6587, .T. ) ;
#2403 = CYLINDRICAL_SURFACE ( 'NONE', #2442, 0.02362204724409448092 ) ;
#2404 = CARTESIAN_POINT ( 'NONE',  ( -0.4665300652921126612, -0.02604684404437997841, 0.001968504047920685909 ) ) ;
#2405 = CARTESIAN_POINT ( 'NONE',  ( -0.05708124639447869492, 0.007874015748028716927, -0.3270588496977320792 ) ) ;
#2406 = EDGE_LOOP ( 'NONE', ( #9955, #2938, #3404, #2689, #600, #9109, #5099, #1063, #356, #1298 ) ) ;
#2407 = CIRCLE ( 'NONE', #2726, 0.04527559055118110520 ) ;
#2408 = ORIENTED_EDGE ( 'NONE', *, *, #4835, .F. ) ;
#2409 = EDGE_CURVE ( 'NONE', #7133, #5401, #7798, .T. ) ;
#2410 = VECTOR ( 'NONE', #8335, 39.37007874015748143 ) ;
#2411 = PLANE ( 'NONE',  #3596 ) ;
#2412 = LINE ( 'NONE', #5583, #3115 ) ;
#2413 = LINE ( 'NONE', #3292, #7884 ) ;
#2414 = CARTESIAN_POINT ( 'NONE',  ( -0.4507820337960491974, 0.1149606299212581617, 0.001968504047920685909 ) ) ;
#2415 = VECTOR ( 'NONE', #6892, 39.37007874015748143 ) ;
#2416 = ORIENTED_EDGE ( 'NONE', *, *, #4304, .F. ) ;
#2417 = ORIENTED_EDGE ( 'NONE', *, *, #6212, .T. ) ;
#2418 = CARTESIAN_POINT ( 'NONE',  ( 5.367778755658163867E-06, 0.4717749884904434698, -0.3385826770544420050 ) ) ;
#2419 = DIRECTION ( 'NONE',  ( 2.081668171172166620E-14, 0.000000000000000000, -1.000000000000000000 ) ) ;
#2420 = DIRECTION ( 'NONE',  ( 2.539115170533117930E-16, -1.000000000000000000, 0.000000000000000000 ) ) ;
#2421 = CARTESIAN_POINT ( 'NONE',  ( -0.5531442385204589085, 0.2460629921259527841, -0.3267716534323946709 ) ) ;
#2422 = DIRECTION ( 'NONE',  ( -4.132023648018220838E-05, -7.221721796416451283E-17, 0.9999999991463190963 ) ) ;
#2423 = DIRECTION ( 'NONE',  ( -4.132023646914450849E-05, -3.485214806630539607E-15, 0.9999999991463190963 ) ) ;
#2424 = CARTESIAN_POINT ( 'NONE',  ( -0.4448685501376358209, 0.1653543307003916552, 2.755981138840293237E-10 ) ) ;
#2425 = EDGE_CURVE ( 'NONE', #7646, #6771, #1549, .T. ) ;
#2426 = EDGE_LOOP ( 'NONE', ( #2553, #9412, #1819, #8558 ) ) ;
#2427 = ORIENTED_EDGE ( 'NONE', *, *, #22, .T. ) ;
#2428 = DIRECTION ( 'NONE',  ( -1.000000000000000000, 1.259585646868319844E-15, -1.098777426433149983E-15 ) ) ;
#2429 = ORIENTED_EDGE ( 'NONE', *, *, #9609, .F. ) ;
#2430 = LINE ( 'NONE', #868, #1203 ) ;
#2431 = LINE ( 'NONE', #7019, #10011 ) ;
#2432 = DIRECTION ( 'NONE',  ( 0.000000000000000000, 0.000000000000000000, 1.000000000000000000 ) ) ;
#2433 = CARTESIAN_POINT ( 'NONE',  ( -0.5137741597803013871, 0.01968503937007875723, 0.009696850504613734392 ) ) ;
#2434 = CARTESIAN_POINT ( 'NONE',  ( -0.1338462294424226651, 0.1791228604982141870, -0.2913441134837352897 ) ) ;
#2435 = CIRCLE ( 'NONE', #938, 0.02755905511811023931 ) ;
#2436 = CARTESIAN_POINT ( 'NONE',  ( -0.03542770308738736607, 0.03149606299212852345, 0.02755905522902296276 ) ) ;
#2437 = CIRCLE ( 'NONE', #8255, 0.02755905511673228600 ) ;
#2438 = ORIENTED_EDGE ( 'NONE', *, *, #411, .T. ) ;
#2439 = VERTEX_POINT ( 'NONE', #6849 ) ;
#2440 = ADVANCED_FACE ( 'NONE', ( #6171 ), #9477, .F. ) ;
#2441 = CIRCLE ( 'NONE', #446, 0.007874015748031516770 ) ;
#2442 = AXIS2_PLACEMENT_3D ( 'NONE', #1761, #1715, #7184 ) ;
#2443 = LINE ( 'NONE', #3963, #8880 ) ;
#2444 = LINE ( 'NONE', #2345, #2740 ) ;
#2445 = ORIENTED_EDGE ( 'NONE', *, *, #3868, .F. ) ;
#2446 = LINE ( 'NONE', #1572, #1536 ) ;
#2447 = DIRECTION ( 'NONE',  ( 0.000000000000000000, 1.000000000000000000, -2.220446049351462798E-16 ) ) ;
#2448 = LINE ( 'NONE', #986, #5717 ) ;
#2449 = DIRECTION ( 'NONE',  ( -1.000000000000000000, -6.123638448986479919E-17, 6.245969335281450904E-16 ) ) ;
#2450 = EDGE_CURVE ( 'NONE', #3761, #6897, #608, .T. ) ;
#2451 = VERTEX_POINT ( 'NONE', #4509 ) ;
#2452 = VECTOR ( 'NONE', #2892, 39.37007874015748143 ) ;
#2453 = ORIENTED_EDGE ( 'NONE', *, *, #5452, .T. ) ;
#2454 = EDGE_CURVE ( 'NONE', #8101, #279, #5027, .T. ) ;
#2455 = COLOUR_RGB ( '',0.7921568627450980005, 0.8196078431372548767, 0.9333333333333333481 ) ;
#2456 = DIRECTION ( 'NONE',  ( 0.000000000000000000, 0.8576492802204709331, -0.5142350747832240554 ) ) ;
#2457 = VECTOR ( 'NONE', #1593, 39.37007874015748854 ) ;
#2458 = CARTESIAN_POINT ( 'NONE',  ( -0.0005220912570751255364, 0.4842519684963391691, -0.3175029982820984364 ) ) ;
#2459 = DIRECTION ( 'NONE',  ( 4.078893220340669608E-32, -2.220446049250309876E-16, -1.000000000000000000 ) ) ;
#2460 = LINE ( 'NONE', #7982, #1047 ) ;
#2461 = CARTESIAN_POINT ( 'NONE',  ( -0.3956639235598288229, 0.1149606299212581617, 0.001968504047920685909 ) ) ;
#2462 = EDGE_CURVE ( 'NONE', #5591, #148, #10203, .T. ) ;
#2463 = VECTOR ( 'NONE', #316, 39.37007874015748854 ) ;
#2464 = EDGE_CURVE ( 'NONE', #4337, #9996, #1336, .T. ) ;
#2465 = ORIENTED_EDGE ( 'NONE', *, *, #5246, .F. ) ;
#2466 = ORIENTED_EDGE ( 'NONE', *, *, #8695, .F. ) ;
#2467 = DIRECTION ( 'NONE',  ( 8.044134937727570810E-21, -1.000000000000000000, -1.946778531802094728E-16 ) ) ;
#2468 = VECTOR ( 'NONE', #6550, 39.37007874015748854 ) ;
#2469 = CARTESIAN_POINT ( 'NONE',  ( -0.01377415978030012769, 0.4862204724409451839, -0.3405511809914496535 ) ) ;
#2470 = LINE ( 'NONE', #2369, #5939 ) ;
#2471 = FACE_BOUND ( 'NONE', #3477, .T. ) ;
#2472 = CARTESIAN_POINT ( 'NONE',  ( -0.3877899078117976184, 0.2342519685039246014, -0.3543307085505046361 ) ) ;
#2473 = DIRECTION ( 'NONE',  ( 4.132023648018220838E-05, 7.221721796416451283E-17, -0.9999999991463190963 ) ) ;
#2474 = ORIENTED_EDGE ( 'NONE', *, *, #1501, .T. ) ;
#2475 = EDGE_CURVE ( 'NONE', #2745, #5085, #8378, .T. ) ;
#2476 = EDGE_CURVE ( 'NONE', #2226, #1576, #5288, .T. ) ;
#2477 = ORIENTED_EDGE ( 'NONE', *, *, #8965, .F. ) ;
#2478 = FACE_OUTER_BOUND ( 'NONE', #4080, .T. ) ;
#2479 = ORIENTED_EDGE ( 'NONE', *, *, #681, .F. ) ;
#2480 = DIRECTION ( 'NONE',  ( 1.098777426433149983E-15, -2.220446049250329844E-16, -1.000000000000000000 ) ) ;
#2481 = DIRECTION ( 'NONE',  ( 0.000000000000000000, 0.000000000000000000, -1.000000000000000000 ) ) ;
#2482 = CYLINDRICAL_SURFACE ( 'NONE', #8444, 0.04527559055118110520 ) ;
#2483 = CARTESIAN_POINT ( 'NONE',  ( -0.5593751886237917637, 0.4967247276894855568, -0.01111150350877785839 ) ) ;
#2484 = DIRECTION ( 'NONE',  ( -1.000000000000000000, 2.824670172274429892E-14, 0.000000000000000000 ) ) ;
#2485 = FACE_OUTER_BOUND ( 'NONE', #7761, .T. ) ;
#2486 = ORIENTED_EDGE ( 'NONE', *, *, #4676, .F. ) ;
#2487 = ORIENTED_EDGE ( 'NONE', *, *, #2701, .T. ) ;
#2488 = ORIENTED_EDGE ( 'NONE', *, *, #3027, .T. ) ;
#2489 = CARTESIAN_POINT ( 'NONE',  ( -0.4665300652921126612, -0.1035381541856610355, -0.3371885655731955977 ) ) ;
#2490 = CARTESIAN_POINT ( 'NONE',  ( -0.5531442385204589085, 0.2460629921259527841, 1.109127553579697145E-10 ) ) ;
#2491 = EDGE_LOOP ( 'NONE', ( #4956, #5806 ) ) ;
#2492 = CARTESIAN_POINT ( 'NONE',  ( -0.4468450259220339005, 0.1318897637795195810, -0.3425196849284575795 ) ) ;
#2493 = DIRECTION ( 'NONE',  ( 1.000000000000000000, 0.000000000000000000, 1.084202172485504434E-15 ) ) ;
#2494 = FACE_OUTER_BOUND ( 'NONE', #9839, .T. ) ;
#2495 = CARTESIAN_POINT ( 'NONE',  ( -0.4074749471818818747, 0.007874015748028716927, 0.001968504047920685909 ) ) ;
#2496 = ORIENTED_EDGE ( 'NONE', *, *, #312, .T. ) ;
#2497 = ORIENTED_EDGE ( 'NONE', *, *, #5068, .T. ) ;
#2498 = EDGE_CURVE ( 'NONE', #6268, #4329, #3839, .T. ) ;
#2499 = PLANE ( 'NONE',  #2851 ) ;
#2500 = PLANE ( 'NONE',  #1217 ) ;
#2501 = CARTESIAN_POINT ( 'NONE',  ( -0.1736087076179499700, 0.09251968503109740671, 2.756008413610662221E-10 ) ) ;
#2502 = EDGE_CURVE ( 'NONE', #9058, #7499, #10153, .T. ) ;
#2503 = ADVANCED_FACE ( 'NONE', ( #5395 ), #712, .F. ) ;
#2504 = AXIS2_PLACEMENT_3D ( 'NONE', #4780, #1507, #775 ) ;
#2505 = ORIENTED_EDGE ( 'NONE', *, *, #4855, .F. ) ;
#2506 = EDGE_CURVE ( 'NONE', #4866, #2952, #1443, .T. ) ;
#2507 = VERTEX_POINT ( 'NONE', #7846 ) ;
#2508 = CARTESIAN_POINT ( 'NONE',  ( -0.3759788841897500622, 0.03346456692912580522, -0.3543307085505046361 ) ) ;
#2509 = DIRECTION ( 'NONE',  ( 1.879283765641541755E-14, 0.000000000000000000, -1.000000000000000000 ) ) ;
#2510 = EDGE_CURVE ( 'NONE', #3933, #3259, #6525, .T. ) ;
#2511 = DIRECTION ( 'NONE',  ( 4.132023648018220838E-05, 0.000000000000000000, -0.9999999991463189852 ) ) ;
#2512 = CARTESIAN_POINT ( 'NONE',  ( 5.367778755498260988E-06, 0.2755905511811020947, -0.008858267605622589802 ) ) ;
#2513 = DIRECTION ( 'NONE',  ( -1.837046100257229944E-16, 1.000000000000000000, 2.559005805380499967E-16 ) ) ;
#2514 = CARTESIAN_POINT ( 'NONE',  ( -0.4114119550558873462, 0.1555118110236150264, -0.3425196849284450340 ) ) ;
#2515 = ORIENTED_EDGE ( 'NONE', *, *, #8319, .T. ) ;
#2516 = AXIS2_PLACEMENT_3D ( 'NONE', #3830, #5633, #7004 ) ;
#2517 = ORIENTED_EDGE ( 'NONE', *, *, #4225, .T. ) ;
#2518 = CARTESIAN_POINT ( 'NONE',  ( -0.2893678823489652108, 0.4074803149549243719, -0.07481510640101028675 ) ) ;
#2519 = EDGE_LOOP ( 'NONE', ( #8334, #4448, #6320, #3257 ) ) ;
#2520 = CARTESIAN_POINT ( 'NONE',  ( -0.4507820337960491974, 0.1543307086614156831, 0.001968504047920685909 ) ) ;
#2521 = CARTESIAN_POINT ( 'NONE',  ( -0.3877899078117976184, 0.2342519685039251565, -0.3425196849284575795 ) ) ;
#2522 = EDGE_CURVE ( 'NONE', #2718, #8152, #1390, .T. ) ;
#2523 = CARTESIAN_POINT ( 'NONE',  ( -2.731847993664263218E-16, 0.4645669291338582196, -0.3228450628684350066 ) ) ;
#2524 = LINE ( 'NONE', #1557, #10120 ) ;
#2525 = LINE ( 'NONE', #4149, #10067 ) ;
#2526 = LINE ( 'NONE', #4926, #2377 ) ;
#2527 = VERTEX_POINT ( 'NONE', #7631 ) ;
#2528 = TOROIDAL_SURFACE ( 'NONE', #6026, 0.01968503937007903132, 0.007874015748031626058 ) ;
#2529 = AXIS2_PLACEMENT_3D ( 'NONE', #4145, #3461, #9732 ) ;
#2530 = VERTEX_POINT ( 'NONE', #500 ) ;
#2531 = ORIENTED_EDGE ( 'NONE', *, *, #273, .F. ) ;
#2532 = CARTESIAN_POINT ( 'NONE',  ( -2.850859850991751463E-16, 0.2860035634490927237, -0.2149257487899878249 ) ) ;
#2533 = FACE_OUTER_BOUND ( 'NONE', #1514, .T. ) ;
#2534 = ORIENTED_EDGE ( 'NONE', *, *, #9525, .F. ) ;
#2535 = DIRECTION ( 'NONE',  ( -1.000000000000000000, 0.000000000000000000, -1.559456281198720078E-15 ) ) ;
#2536 = VECTOR ( 'NONE', #7271, 39.37007874015748854 ) ;
#2537 = AXIS2_PLACEMENT_3D ( 'NONE', #10092, #7468, #5283 ) ;
#2538 = FACE_OUTER_BOUND ( 'NONE', #5397, .T. ) ;
#2539 = CARTESIAN_POINT ( 'NONE',  ( -0.01377415978030012769, 0.4862204724409451839, -0.3405511809914496535 ) ) ;
#2540 = CARTESIAN_POINT ( 'NONE',  ( -0.4074851512131000275, -0.1091640410387092058, 1.872796655426919692E-05 ) ) ;
#2541 = ORIENTED_EDGE ( 'NONE', *, *, #10020, .T. ) ;
#2542 = ADVANCED_FACE ( 'NONE', ( #3672 ), #10043, .T. ) ;
#2543 = AXIS2_PLACEMENT_3D ( 'NONE', #9306, #1429, #2259 ) ;
#2544 = ORIENTED_EDGE ( 'NONE', *, *, #5714, .F. ) ;
#2545 = VECTOR ( 'NONE', #4704, 39.37007874015748143 ) ;
#2546 = DIRECTION ( 'NONE',  ( 8.044134937727570810E-21, -1.000000000000000000, -1.946778531802094728E-16 ) ) ;
#2547 = CARTESIAN_POINT ( 'NONE',  ( -0.5614251514998689352, 0.4950740546979546242, -0.3152243593304270286 ) ) ;
#2548 = LINE ( 'NONE', #8182, #3381 ) ;
#2549 = CIRCLE ( 'NONE', #2715, 0.007874015748031516770 ) ;
#2550 = DIRECTION ( 'NONE',  ( 4.132023649202460990E-05, 2.166364731999629866E-16, -0.9999999991463190963 ) ) ;
#2551 = VECTOR ( 'NONE', #8939, 39.37007874015748143 ) ;
#2552 = AXIS2_PLACEMENT_3D ( 'NONE', #5093, #4316, #10061 ) ;
#2553 = ORIENTED_EDGE ( 'NONE', *, *, #6401, .T. ) ;
#2554 = EDGE_LOOP ( 'NONE', ( #1670, #3925, #7217, #3270 ) ) ;
#2555 = CIRCLE ( 'NONE', #8395, 0.08405511769685078405 ) ;
#2556 = EDGE_CURVE ( 'NONE', #5766, #6479, #888, .T. ) ;
#2557 = ADVANCED_FACE ( 'NONE', ( #2169 ), #5340, .T. ) ;
#2558 = ORIENTED_EDGE ( 'NONE', *, *, #4473, .T. ) ;
#2559 = DIRECTION ( 'NONE',  ( 1.474064725687859833E-13, 1.000000000000000000, 3.644747806515189682E-13 ) ) ;
#2560 = LINE ( 'NONE', #8041, #883 ) ;
#2561 = DIRECTION ( 'NONE',  ( 0.9999999991463189852, -1.233581138511403903E-16, 4.132023648920890298E-05 ) ) ;
#2562 = CARTESIAN_POINT ( 'NONE',  ( -0.5314938663831122456, 0.2933070866141731514, -0.05317156779685343337 ) ) ;
#2563 = CARTESIAN_POINT ( 'NONE',  ( -0.5223075146853763950, 0.02755905513139873461, -0.05317118821462847589 ) ) ;
#2564 = EDGE_CURVE ( 'NONE', #1021, #3747, #3160, .T. ) ;
#2565 = CARTESIAN_POINT ( 'NONE',  ( -0.05708124639447897247, -0.03212048659237076720, -0.3270588496959771496 ) ) ;
#2566 = VERTEX_POINT ( 'NONE', #4821 ) ;
#2567 = EDGE_CURVE ( 'NONE', #3808, #7133, #6471, .T. ) ;
#2568 = AXIS2_PLACEMENT_3D ( 'NONE', #3691, #8545, #6089 ) ;
#2569 = ORIENTED_EDGE ( 'NONE', *, *, #9783, .F. ) ;
#2570 = ADVANCED_FACE ( 'NONE', ( #1645 ), #1596, .F. ) ;
#2571 = CARTESIAN_POINT ( 'NONE',  ( -0.4586560495440809571, 0.1149606299212581617, 0.001968504047920685909 ) ) ;
#2572 = ORIENTED_EDGE ( 'NONE', *, *, #999, .F. ) ;
#2573 = DIRECTION ( 'NONE',  ( 1.259585646868319844E-15, 1.000000000000000000, -2.220446049250309876E-16 ) ) ;
#2574 = CARTESIAN_POINT ( 'NONE',  ( -0.1161363645047149701, -0.03212048658944413604, -0.3270588496977328563 ) ) ;
#2575 = CARTESIAN_POINT ( 'NONE',  ( -0.04723872670943193852, 0.4239038302175392459, -0.3543307085505043585 ) ) ;
#2576 = CARTESIAN_POINT ( 'NONE',  ( -0.5527505377330569347, 0.2480314960629948773, 0.007874015858944203791 ) ) ;
#2577 = CARTESIAN_POINT ( 'NONE',  ( -0.05511591403407911649, 0.01377952755905360177, -0.05315188374718569225 ) ) ;
#2578 = ORIENTED_EDGE ( 'NONE', *, *, #2341, .T. ) ;
#2579 = CARTESIAN_POINT ( 'NONE',  ( -0.3661370143137807065, 0.01968503937007875723, -0.1161568612489632668 ) ) ;
#2580 = VERTEX_POINT ( 'NONE', #5547 ) ;
#2581 = EDGE_CURVE ( 'NONE', #4178, #2642, #6424, .T. ) ;
#2582 = ORIENTED_EDGE ( 'NONE', *, *, #527, .T. ) ;
#2584 = VERTEX_POINT ( 'NONE', #9722 ) ;
#2583 = EDGE_CURVE ( 'NONE', #4667, #3609, #6206, .T. ) ;
#2585 = EDGE_LOOP ( 'NONE', ( #3895, #1570, #5793, #3909 ) ) ;
#2586 = CARTESIAN_POINT ( 'NONE',  ( -2.814741093899202351E-16, 0.3401955320110905956, -0.1862026325849810704 ) ) ;
#2587 = ORIENTED_EDGE ( 'NONE', *, *, #6764, .T. ) ;
#2588 = CARTESIAN_POINT ( 'NONE',  ( -0.04527022277243138854, 0.007874015748028716927, -0.3338050153445868973 ) ) ;
#2589 = ORIENTED_EDGE ( 'NONE', *, *, #851, .F. ) ;
#2590 = CARTESIAN_POINT ( 'NONE',  ( -0.1118884581220787738, 0.2927188405899626145, -0.05708661389753051651 ) ) ;
#2591 = DIRECTION ( 'NONE',  ( 8.431192517898690107E-32, 1.000000000000000000, 9.958396954279598582E-17 ) ) ;
#2592 = CARTESIAN_POINT ( 'NONE',  ( -0.5413332148984189018, 0.01968503937007875723, -0.3405511809914499310 ) ) ;
#2593 = DIRECTION ( 'NONE',  ( -4.132023647286759777E-05, -2.590038523190519874E-16, 0.9999999991463189852 ) ) ;
#2594 = VERTEX_POINT ( 'NONE', #6373 ) ;
#2596 = ADVANCED_FACE ( 'NONE', ( #173 ), #7307, .T. ) ;
#2595 = AXIS2_PLACEMENT_3D ( 'NONE', #6636, #4920, #1842 ) ;
#2597 = AXIS2_PLACEMENT_3D ( 'NONE', #5101, #472, #2706 ) ;
#2598 = ORIENTED_EDGE ( 'NONE', *, *, #3005, .T. ) ;
#2599 = CARTESIAN_POINT ( 'NONE',  ( -0.5314827233659782380, 0.01181102361377390705, 2.755989334384274202E-10 ) ) ;
#2600 = DIRECTION ( 'NONE',  ( 8.466415384531729472E-16, -7.452763270214839996E-16, 1.000000000000000000 ) ) ;
#2601 = AXIS2_PLACEMENT_3D ( 'NONE', #4073, #10004, #3426 ) ;
#2602 = CARTESIAN_POINT ( 'NONE',  ( -0.5531442385204589085, 0.2696028754788729609, -0.3405511809914499310 ) ) ;
#2603 = VECTOR ( 'NONE', #3181, 39.37007874015748143 ) ;
#2604 = CARTESIAN_POINT ( 'NONE',  ( -0.4960550204765651894, 0.04133858268976527833, -0.1949023870392387892 ) ) ;
#2605 = CARTESIAN_POINT ( 'NONE',  ( -0.5527505377330569347, 0.4685861009001065502, 0.01377952766996799576 ) ) ;
#2606 = ORIENTED_EDGE ( 'NONE', *, *, #5580, .F. ) ;
#2607 = CIRCLE ( 'NONE', #2948, 0.003937007874015747977 ) ;
#2608 = VECTOR ( 'NONE', #4831, 39.37007874015748143 ) ;
#2609 = VERTEX_POINT ( 'NONE', #9627 ) ;
#2610 = ORIENTED_EDGE ( 'NONE', *, *, #9335, .T. ) ;
#2611 = LINE ( 'NONE', #7503, #434 ) ;
#2612 = CARTESIAN_POINT ( 'NONE',  ( 0.01181639140080433317, 0.4717749884904424151, -0.3385826770544400621 ) ) ;
#2613 = CARTESIAN_POINT ( 'NONE',  ( -0.4586560495440809571, 0.1543307086614156831, 0.001968504047920685909 ) ) ;
#2614 = CARTESIAN_POINT ( 'NONE',  ( -0.4075907368092175354, -0.1114812042603227360, 0.001408068143278692029 ) ) ;
#2615 = VECTOR ( 'NONE', #3449, 39.37007874015748143 ) ;
#2616 = LINE ( 'NONE', #6676, #6801 ) ;
#2617 = CARTESIAN_POINT ( 'NONE',  ( -0.4263697415529981161, 0.1555118110236194118, 0.01805559676806823069 ) ) ;
#2618 = CIRCLE ( 'NONE', #3134, 0.04527559055118110520 ) ;
#2619 = VERTEX_POINT ( 'NONE', #3348 ) ;
#2620 = EDGE_CURVE ( 'NONE', #6777, #3317, #6329, .T. ) ;
#2621 = ORIENTED_EDGE ( 'NONE', *, *, #6299, .F. ) ;
#2622 = AXIS2_PLACEMENT_3D ( 'NONE', #4376, #7552, #6149 ) ;
#2623 = EDGE_CURVE ( 'NONE', #7879, #8167, #3542, .T. ) ;
#2624 = DIRECTION ( 'NONE',  ( -1.000000000000000000, 1.608082204351299748E-16, 0.000000000000000000 ) ) ;
#2625 = EDGE_LOOP ( 'NONE', ( #8256, #616, #490, #3221 ) ) ;
#2626 = DIRECTION ( 'NONE',  ( 1.000000000000000000, -3.702480589202945252E-15, -6.175054891780711434E-15 ) ) ;
#2627 = CARTESIAN_POINT ( 'NONE',  ( -0.5452702227724276485, 0.1279527559055029240, -0.3543307085505046361 ) ) ;
#2628 = CARTESIAN_POINT ( 'NONE',  ( -0.5531442385204589085, 0.2342519685039295141, 0.01574803160697565291 ) ) ;
#2629 = FACE_OUTER_BOUND ( 'NONE', #963, .T. ) ;
#2630 = CARTESIAN_POINT ( 'NONE',  ( -0.5314827233659792372, 0.2480314960629924070, 2.755997529928255166E-10 ) ) ;
#2631 = DIRECTION ( 'NONE',  ( 0.0002426064102320466031, 0.9999999705710443942, 2.002732733333885619E-07 ) ) ;
#2632 = EDGE_LOOP ( 'NONE', ( #5347, #9307, #6762, #4789 ) ) ;
#2633 = EDGE_CURVE ( 'NONE', #9375, #7709, #9523, .T. ) ;
#2634 = VECTOR ( 'NONE', #574, 39.37007874015748143 ) ;
#2635 = EDGE_CURVE ( 'NONE', #1963, #6034, #10047, .T. ) ;
#2636 = ORIENTED_EDGE ( 'NONE', *, *, #404, .F. ) ;
#2637 = VERTEX_POINT ( 'NONE', #2565 ) ;
#2638 = ADVANCED_FACE ( 'NONE', ( #860, #4770 ), #5742, .T. ) ;
#2639 = CARTESIAN_POINT ( 'NONE',  ( -0.003931640095261022295, 0.4862204724409451839, -0.009842519574120887210 ) ) ;
#2640 = ORIENTED_EDGE ( 'NONE', *, *, #7395, .T. ) ;
#2641 = CARTESIAN_POINT ( 'NONE',  ( -0.4551685378474703558, 0.1555118110236196893, -0.3377379135609486771 ) ) ;
#2642 = VERTEX_POINT ( 'NONE', #77 ) ;
#2643 = DIRECTION ( 'NONE',  ( -8.044134937727570810E-21, 1.000000000000000000, 1.946778531802094728E-16 ) ) ;
#2644 = CARTESIAN_POINT ( 'NONE',  ( -0.4074749471818763791, -0.03212048658943895268, -0.3287401573693961021 ) ) ;
#2645 = CARTESIAN_POINT ( 'NONE',  ( -0.5528649772921483407, 0.4837513511004901123, -0.008334071725141542486 ) ) ;
#2646 = DIRECTION ( 'NONE',  ( -1.000000000000000000, 1.437166293563760232E-14, 0.000000000000000000 ) ) ;
#2647 = EDGE_CURVE ( 'NONE', #10324, #5226, #27, .T. ) ;
#2648 = CARTESIAN_POINT ( 'NONE',  ( 1.037072864824533825E-05, 0.2755905511811020947, -0.2509842518575910453 ) ) ;
#2649 = ORIENTED_EDGE ( 'NONE', *, *, #5467, .F. ) ;
#2650 = VERTEX_POINT ( 'NONE', #7949 ) ;
#2651 = ORIENTED_EDGE ( 'NONE', *, *, #9725, .F. ) ;
#2652 = CARTESIAN_POINT ( 'NONE',  ( -0.5531442385204589085, 0.2480314960629948773, -0.002114173117433575458 ) ) ;
#2653 = DIRECTION ( 'NONE',  ( -1.929231152724350329E-14, 0.000000000000000000, 1.000000000000000000 ) ) ;
#2654 = AXIS2_PLACEMENT_3D ( 'NONE', #5416, #2296, #7 ) ;
#2655 = EDGE_CURVE ( 'NONE', #9696, #3444, #2374, .T. ) ;
#2656 = DIRECTION ( 'NONE',  ( 1.000000000000000000, -9.634711363903441210E-15, 1.929231152724350329E-14 ) ) ;
#2657 = DIRECTION ( 'NONE',  ( 0.9999999991463189852, 0.000000000000000000, 4.132023649371630410E-05 ) ) ;
#2658 = EDGE_CURVE ( 'NONE', #3095, #9701, #2222, .T. ) ;
#2659 = CARTESIAN_POINT ( 'NONE',  ( -0.5196850389264352499, 0.4842519685039369803, -2.147350872357440087E-05 ) ) ;
#2660 = ORIENTED_EDGE ( 'NONE', *, *, #3312, .T. ) ;
#2661 = AXIS2_PLACEMENT_3D ( 'NONE', #672, #10211, #6235 ) ;
#2662 = ORIENTED_EDGE ( 'NONE', *, *, #205, .T. ) ;
#2663 = VERTEX_POINT ( 'NONE', #8831 ) ;
#2664 = CARTESIAN_POINT ( 'NONE',  ( -0.4074749471818763791, -0.08098887952762763576, -0.3236683211421761408 ) ) ;
#2665 = DIRECTION ( 'NONE',  ( 0.9999999991463190963, 2.478176394376490087E-15, 4.132023649157585184E-05 ) ) ;
#2666 = LINE ( 'NONE', #5117, #3790 ) ;
#2667 = DIRECTION ( 'NONE',  ( -1.000000000000000000, 0.000000000000000000, 8.466415384531750179E-16 ) ) ;
#2668 = DIRECTION ( 'NONE',  ( 0.9999999991463190963, 0.000000000000000000, 4.132023648029411838E-05 ) ) ;
#2669 = CARTESIAN_POINT ( 'NONE',  ( -0.5531442385204589085, 0.2696028754787344606, 0.01377952766996799576 ) ) ;
#2670 = ORIENTED_EDGE ( 'NONE', *, *, #2821, .F. ) ;
#2671 = ORIENTED_EDGE ( 'NONE', *, *, #4306, .T. ) ;
#2672 = CARTESIAN_POINT ( 'NONE',  ( -0.5531442385204589085, 0.2696028754788729609, -0.3287401573694028745 ) ) ;
#2673 = ORIENTED_EDGE ( 'NONE', *, *, #10020, .F. ) ;
#2674 = CARTESIAN_POINT ( 'NONE',  ( -0.5137741597803013871, 0.2480314960629924070, -0.3364685038260962213 ) ) ;
#2675 = CARTESIAN_POINT ( 'NONE',  ( -0.5531442385204589085, 0.4862204724409451839, 0.001968504047920685909 ) ) ;
#2676 = DIRECTION ( 'NONE',  ( 0.000000000000000000, 1.000000000000000000, -2.220446049351462798E-16 ) ) ;
#2677 = DIRECTION ( 'NONE',  ( 0.9999996298403812656, -0.0002426064929737200605, 0.0008255066261813713427 ) ) ;
#2678 = DIRECTION ( 'NONE',  ( -1.870278060914411240E-14, -0.8576492831063923239, 0.5142350699700392047 ) ) ;
#2679 = CARTESIAN_POINT ( 'NONE',  ( -0.03542770308738736607, 0.01968503937007875723, -0.3543307085505032483 ) ) ;
#2680 = VERTEX_POINT ( 'NONE', #4086 ) ;
#2681 = VECTOR ( 'NONE', #8180, 39.37007874015748143 ) ;
#2682 = ADVANCED_FACE ( 'NONE', ( #1687 ), #379, .T. ) ;
#2683 = EDGE_LOOP ( 'NONE', ( #4157, #1366, #744, #3307 ) ) ;
#2684 = ORIENTED_EDGE ( 'NONE', *, *, #2506, .T. ) ;
#2685 = DIRECTION ( 'NONE',  ( 1.000000000000000000, 0.000000000000000000, 1.084202172485501673E-15 ) ) ;
#2686 = VERTEX_POINT ( 'NONE', #2669 ) ;
#2687 = ADVANCED_FACE ( 'NONE', ( #5996 ), #7565, .F. ) ;
#2688 = CARTESIAN_POINT ( 'NONE',  ( 0.01181639140080296795, 0.4717749884904407498, 0.01181102373296006453 ) ) ;
#2689 = ORIENTED_EDGE ( 'NONE', *, *, #5989, .F. ) ;
#2690 = EDGE_CURVE ( 'NONE', #9468, #2594, #5792, .T. ) ;
#2691 = CARTESIAN_POINT ( 'NONE',  ( -0.1476244556650251338, -0.1003937007926954950, -0.08661417295264810245 ) ) ;
#2692 = LINE ( 'NONE', #7485, #5925 ) ;
#2693 = CARTESIAN_POINT ( 'NONE',  ( -0.03935673911401224578, 0.01181102361377336235, -0.04724409421258948805 ) ) ;
#2694 = CARTESIAN_POINT ( 'NONE',  ( -0.5531441912762528057, 0.03146265636530455601, -0.3346729455622287075 ) ) ;
#2695 = DIRECTION ( 'NONE',  ( -7.580849477969234788E-15, -0.5142350690180171879, 0.8576492836772121597 ) ) ;
#2696 = ORIENTED_EDGE ( 'NONE', *, *, #975, .F. ) ;
#2697 = CIRCLE ( 'NONE', #1542, 0.01181102362204724567 ) ;
#2698 = EDGE_CURVE ( 'NONE', #9041, #9358, #3217, .T. ) ;
#2699 = ADVANCED_FACE ( 'NONE', ( #3453 ), #326, .F. ) ;
#2700 = EDGE_LOOP ( 'NONE', ( #2587, #5969, #1964 ) ) ;
#2701 = EDGE_CURVE ( 'NONE', #8271, #8918, #8199, .T. ) ;
#2702 = VECTOR ( 'NONE', #6535, 39.37007874015748143 ) ;
#2703 = AXIS2_PLACEMENT_3D ( 'NONE', #5228, #8412, #7008 ) ;
#2704 = VERTEX_POINT ( 'NONE', #7458 ) ;
#2705 = LINE ( 'NONE', #3488, #7181 ) ;
#2706 = DIRECTION ( 'NONE',  ( -2.947193223346190172E-16, 1.000000000000000000, 0.000000000000000000 ) ) ;
#2707 = CARTESIAN_POINT ( 'NONE',  ( -0.3366148236635092550, 0.4074803149549243719, -0.005919420801707553532 ) ) ;
#2708 = CARTESIAN_POINT ( 'NONE',  ( -0.5531442385204589085, 0.2480314960629948773, -0.002114173117433575458 ) ) ;
#2709 = CARTESIAN_POINT ( 'NONE',  ( -0.4547190416700650495, 0.1318897637795195810, 0.01574803160697565291 ) ) ;
#2710 = AXIS2_PLACEMENT_3D ( 'NONE', #3768, #3660, #9247 ) ;
#2711 = VECTOR ( 'NONE', #3979, 39.37007874015748143 ) ;
#2712 = VERTEX_POINT ( 'NONE', #3558 ) ;
#2713 = ORIENTED_EDGE ( 'NONE', *, *, #1176, .F. ) ;
#2714 = EDGE_CURVE ( 'NONE', #5026, #1261, #3707, .T. ) ;
#2715 = AXIS2_PLACEMENT_3D ( 'NONE', #6490, #8119, #6649 ) ;
#2716 = AXIS2_PLACEMENT_3D ( 'NONE', #9993, #6962, #2893 ) ;
#2717 = CIRCLE ( 'NONE', #9372, 0.1181102362204724532 ) ;
#2718 = VERTEX_POINT ( 'NONE', #6571 ) ;
#2719 = FACE_OUTER_BOUND ( 'NONE', #4165, .T. ) ;
#2720 = CARTESIAN_POINT ( 'NONE',  ( -0.04723596054264347921, 0.02755905511742041611, -0.1968523456698931251 ) ) ;
#2721 = CARTESIAN_POINT ( 'NONE',  ( -0.4448685501376358209, 0.1653543307003916552, 2.755981138840293237E-10 ) ) ;
#2722 = CARTESIAN_POINT ( 'NONE',  ( -0.5137741597803013871, 0.2480314960629948773, 2.755989334384274202E-10 ) ) ;
#2723 = LINE ( 'NONE', #4288, #1319 ) ;
#2724 = DIRECTION ( 'NONE',  ( -1.519241092920240021E-15, 0.8576492805176729739, 0.5142350742875461123 ) ) ;
#2725 = ORIENTED_EDGE ( 'NONE', *, *, #9236, .T. ) ;
#2726 = AXIS2_PLACEMENT_3D ( 'NONE', #7351, #5689, #4911 ) ;
#2727 = ORIENTED_EDGE ( 'NONE', *, *, #5640, .F. ) ;
#2728 = CARTESIAN_POINT ( 'NONE',  ( -0.5531442385204589085, 0.1622047244094487750, -0.3405511809914502086 ) ) ;
#2729 = ORIENTED_EDGE ( 'NONE', *, *, #234, .T. ) ;
#2730 = DIRECTION ( 'NONE',  ( 1.000000000000000000, 0.000000000000000000, 1.850371707708592551E-14 ) ) ;
#2731 = LINE ( 'NONE', #6684, #2867 ) ;
#2732 = EDGE_CURVE ( 'NONE', #5421, #8342, #9983, .T. ) ;
#2733 = CARTESIAN_POINT ( 'NONE',  ( -0.4448685501376358209, 0.1653543307003916552, 2.755981138840293237E-10 ) ) ;
#2734 = AXIS2_PLACEMENT_3D ( 'NONE', #7546, #9119, #7764 ) ;
#2735 = DIRECTION ( 'NONE',  ( 2.023844055306275469E-14, 0.000000000000000000, -1.000000000000000000 ) ) ;
#2736 = LINE ( 'NONE', #1016, #4224 ) ;
#2737 = DIRECTION ( 'NONE',  ( -0.9999999991463189852, 4.239893440050015413E-33, -4.132023648017468673E-05 ) ) ;
#2738 = VERTEX_POINT ( 'NONE', #9769 ) ;
#2739 = ORIENTED_EDGE ( 'NONE', *, *, #165, .F. ) ;
#2740 = VECTOR ( 'NONE', #7180, 39.37007874015748143 ) ;
#2741 = ORIENTED_EDGE ( 'NONE', *, *, #3915, .T. ) ;
#2742 = CARTESIAN_POINT ( 'NONE',  ( -0.3956639235598342630, 0.007874015748028716927, -0.3338050153445904500 ) ) ;
#2743 = ORIENTED_EDGE ( 'NONE', *, *, #4745, .T. ) ;
#2744 = CYLINDRICAL_SURFACE ( 'NONE', #206, 0.01181102362204724046 ) ;
#2745 = VERTEX_POINT ( 'NONE', #8304 ) ;
#2746 = LINE ( 'NONE', #6750, #4991 ) ;
#2747 = FACE_OUTER_BOUND ( 'NONE', #6599, .T. ) ;
#2748 = CARTESIAN_POINT ( 'NONE',  ( -0.5511677622877667604, 0.2421259842519683514, -0.3228574203271863396 ) ) ;
#2749 = CARTESIAN_POINT ( 'NONE',  ( -0.05708124639447895859, -0.1087159368699743139, -0.3265217040029996243 ) ) ;
#2750 = CARTESIAN_POINT ( 'NONE',  ( -0.4074749471818763791, -0.03212048659236640263, -0.3270588496959771496 ) ) ;
#2751 = VERTEX_POINT ( 'NONE', #9082 ) ;
#2752 = ADVANCED_FACE ( 'NONE', ( #3501 ), #9924, .F. ) ;
#2753 = ORIENTED_EDGE ( 'NONE', *, *, #3330, .T. ) ;
#2754 = DIRECTION ( 'NONE',  ( 0.9999999991463190963, 0.000000000000000000, 4.132023649165329776E-05 ) ) ;
#2755 = ORIENTED_EDGE ( 'NONE', *, *, #1361, .T. ) ;
#2756 = CARTESIAN_POINT ( 'NONE',  ( -0.5157346918699158289, 0.2421259842519683514, -0.01970781430357135613 ) ) ;
#2757 = ADVANCED_FACE ( 'NONE', ( #8976 ), #1992, .T. ) ;
#2758 = CARTESIAN_POINT ( 'NONE',  ( -0.2657480312607967687, 0.2421259842519683514, -0.01970781430357135613 ) ) ;
#2759 = CARTESIAN_POINT ( 'NONE',  ( -0.3877899078117976184, 0.2342519685039246014, -0.3543307085505046361 ) ) ;
#2760 = DIRECTION ( 'NONE',  ( -8.951470305420620389E-21, 1.000000000000000000, 2.166364730150245313E-16 ) ) ;
#2761 = CIRCLE ( 'NONE', #8600, 0.01968503937007873988 ) ;
#2762 = ADVANCED_FACE ( 'NONE', ( #1213 ), #8147, .T. ) ;
#2763 = EDGE_LOOP ( 'NONE', ( #917, #7483, #1812, #1410 ) ) ;
#2764 = VECTOR ( 'NONE', #3119, 39.37007874015748143 ) ;
#2765 = VECTOR ( 'NONE', #2018, 39.37007874015748143 ) ;
#2766 = EDGE_CURVE ( 'NONE', #7692, #10172, #432, .T. ) ;
#2767 = VERTEX_POINT ( 'NONE', #5012 ) ;
#2768 = PLANE ( 'NONE',  #116 ) ;
#2769 = DIRECTION ( 'NONE',  ( 8.466415384531750179E-16, -9.958396954279598582E-17, 1.000000000000000000 ) ) ;
#2770 = DIRECTION ( 'NONE',  ( 1.000000000000000000, 0.000000000000000000, 0.000000000000000000 ) ) ;
#2771 = PLANE ( 'NONE',  #6556 ) ;
#2772 = CARTESIAN_POINT ( 'NONE',  ( -0.03542770308738736607, 0.03149606299212852345, -0.3543307085505043585 ) ) ;
#2773 = DIRECTION ( 'NONE',  ( 0.000000000000000000, 0.000000000000000000, 1.000000000000000000 ) ) ;
#2774 = EDGE_CURVE ( 'NONE', #6057, #1257, #4963, .T. ) ;
#2775 = ORIENTED_EDGE ( 'NONE', *, *, #8636, .T. ) ;
#2776 = VECTOR ( 'NONE', #7416, 39.37007874015748143 ) ;
#2777 = VECTOR ( 'NONE', #921, 39.37007874015748143 ) ;
#2778 = ORIENTED_EDGE ( 'NONE', *, *, #4217, .T. ) ;
#2779 = LINE ( 'NONE', #6681, #5836 ) ;
#2780 = ORIENTED_EDGE ( 'NONE', *, *, #7592, .T. ) ;
#2781 = DIRECTION ( 'NONE',  ( -1.956239355474899994E-14, -2.368475785865020053E-15, 1.000000000000000000 ) ) ;
#2782 = VECTOR ( 'NONE', #1592, 39.37007874015748143 ) ;
#2783 = CARTESIAN_POINT ( 'NONE',  ( 3.510291671839006829E-07, 0.4824821522552599773, -0.008495332977572229299 ) ) ;
#2784 = AXIS2_PLACEMENT_3D ( 'NONE', #2140, #5315, #8496 ) ;
#2785 = CARTESIAN_POINT ( 'NONE',  ( -0.4114119550558873462, 0.1279527559055029240, -0.3543307085505046361 ) ) ;
#2786 = LINE ( 'NONE', #5801, #3960 ) ;
#2787 = CARTESIAN_POINT ( 'NONE',  ( 5.367778757843641855E-06, 0.4862204724409451839, -0.3354368577407543794 ) ) ;
#2788 = EDGE_CURVE ( 'NONE', #5138, #7474, #10220, .T. ) ;
#2789 = LINE ( 'NONE', #5134, #8194 ) ;
#2790 = EDGE_CURVE ( 'NONE', #1261, #5026, #7049, .T. ) ;
#2791 = ORIENTED_EDGE ( 'NONE', *, *, #7341, .F. ) ;
#2792 = EDGE_LOOP ( 'NONE', ( #1806, #8896 ) ) ;
#2793 = VECTOR ( 'NONE', #8720, 39.37007874015748143 ) ;
#2794 = ORIENTED_EDGE ( 'NONE', *, *, #2984, .T. ) ;
#2795 = VERTEX_POINT ( 'NONE', #2044 ) ;
#2796 = CARTESIAN_POINT ( 'NONE',  ( -0.1161363645047171628, -0.1156854394007200554, -0.3405511809914384402 ) ) ;
#2797 = ORIENTED_EDGE ( 'NONE', *, *, #2062, .T. ) ;
#2798 = DIRECTION ( 'NONE',  ( 0.000000000000000000, 1.000000000000000000, -2.220446049250309876E-16 ) ) ;
#2799 = CARTESIAN_POINT ( 'NONE',  ( -0.4468450259220339005, 0.1476377952755860423, -0.3543307085505046361 ) ) ;
#2800 = LINE ( 'NONE', #6808, #3431 ) ;
#2801 = DIRECTION ( 'NONE',  ( 0.9999999991463189852, 0.000000000000000000, 4.132023649128440475E-05 ) ) ;
#2802 = VECTOR ( 'NONE', #7330, 39.37007874015748143 ) ;
#2803 = CARTESIAN_POINT ( 'NONE',  ( -0.5531421091774029186, 0.03072652636147288341, -0.3352739923170408587 ) ) ;
#2804 = FACE_OUTER_BOUND ( 'NONE', #6620, .T. ) ;
#2805 = ORIENTED_EDGE ( 'NONE', *, *, #5246, .T. ) ;
#2806 = VERTEX_POINT ( 'NONE', #4495 ) ;
#2807 = LINE ( 'NONE', #6033, #9060 ) ;
#2808 = EDGE_LOOP ( 'NONE', ( #2102, #6721, #7648, #4104 ) ) ;
#2809 = PLANE ( 'NONE',  #9183 ) ;
#2810 = CARTESIAN_POINT ( 'NONE',  ( -0.3877899078117976184, 0.2342519685039251565, 0.01574803160697565291 ) ) ;
#2811 = CARTESIAN_POINT ( 'NONE',  ( 0.01181639140080324030, 0.2755905511811020947, -0.1299212597316068418 ) ) ;
#2812 = CARTESIAN_POINT ( 'NONE',  ( -0.006844229075238818932, 0.4675598519649071805, -0.3543307085505035259 ) ) ;
#2813 = ORIENTED_EDGE ( 'NONE', *, *, #7874, .F. ) ;
#2814 = ADVANCED_FACE ( 'NONE', ( #7785 ), #4441, .F. ) ;
#2815 = ORIENTED_EDGE ( 'NONE', *, *, #7215, .T. ) ;
#2816 = AXIS2_PLACEMENT_3D ( 'NONE', #1518, #3131, #6304 ) ;
#2817 = ORIENTED_EDGE ( 'NONE', *, *, #8232, .F. ) ;
#2818 = ORIENTED_EDGE ( 'NONE', *, *, #5384, .F. ) ;
#2819 = CARTESIAN_POINT ( 'NONE',  ( -0.3129787863581079965, 0.1641196286710540631, -0.04724409421258948805 ) ) ;
#2820 = EDGE_CURVE ( 'NONE', #5186, #9740, #4547, .T. ) ;
#2821 = EDGE_CURVE ( 'NONE', #2530, #4461, #4606, .T. ) ;
#2822 = PLANE ( 'NONE',  #9875 ) ;
#2823 = CARTESIAN_POINT ( 'NONE',  ( -0.4173206381388513964, 0.1653543307150614206, -0.07482039343914204110 ) ) ;
#2824 = DIRECTION ( 'NONE',  ( -0.3713906763540090195, -3.932039878880911011E-13, 0.9284766908852971623 ) ) ;
#2825 = DIRECTION ( 'NONE',  ( -1.000000000000000000, 1.608082204351659665E-16, -1.578983857244669950E-15 ) ) ;
#2826 = ORIENTED_EDGE ( 'NONE', *, *, #7215, .F. ) ;
#2827 = EDGE_CURVE ( 'NONE', #7914, #3210, #1393, .T. ) ;
#2828 = ORIENTED_EDGE ( 'NONE', *, *, #1465, .T. ) ;
#2829 = PRODUCT_DEFINITION_CONTEXT ( 'detailed design', #8343, 'design' ) ;
#2830 = EDGE_CURVE ( 'NONE', #9966, #3639, #4557, .T. ) ;
#2831 = DIRECTION ( 'NONE',  ( 1.241154504388520031E-14, 1.000000000000000000, 0.000000000000000000 ) ) ;
#2832 = ORIENTED_EDGE ( 'NONE', *, *, #156, .F. ) ;
#2833 = CARTESIAN_POINT ( 'NONE',  ( -0.4655831663281740362, -0.1156854394007151288, -0.3405511809914389953 ) ) ;
#2834 = DIRECTION ( 'NONE',  ( 4.078893220340669608E-32, -2.220446049250309876E-16, -1.000000000000000000 ) ) ;
#2835 = CARTESIAN_POINT ( 'NONE',  ( -0.5649552621425060206, 0.2696028754787344606, 0.01377952766996799576 ) ) ;
#2836 = CARTESIAN_POINT ( 'NONE',  ( -0.5137741597803013871, 0.01968503937007875723, 0.01377952766996799576 ) ) ;
#2837 = CARTESIAN_POINT ( 'NONE',  ( -0.4432141094286987104, 0.1240157480314892507, 0.01574803160697565291 ) ) ;
#2838 = CARTESIAN_POINT ( 'NONE',  ( -0.1161363645047149701, -0.02604684404438653567, -0.3287401573693974344 ) ) ;
#2839 = ORIENTED_EDGE ( 'NONE', *, *, #4722, .F. ) ;
#2840 = EDGE_LOOP ( 'NONE', ( #9691, #2660, #4403, #2208 ) ) ;
#2841 = ORIENTED_EDGE ( 'NONE', *, *, #4096, .T. ) ;
#2842 = ORIENTED_EDGE ( 'NONE', *, *, #2827, .T. ) ;
#2843 = ADVANCED_FACE ( 'NONE', ( #6051 ), #10027, .T. ) ;
#2844 = EDGE_CURVE ( 'NONE', #6605, #3008, #651, .T. ) ;
#2845 = DIRECTION ( 'NONE',  ( -1.000000000000000000, 9.634711363903441210E-15, -1.929231152724350329E-14 ) ) ;
#2846 = VERTEX_POINT ( 'NONE', #8568 ) ;
#2847 = FACE_OUTER_BOUND ( 'NONE', #3176, .T. ) ;
#2848 = CARTESIAN_POINT ( 'NONE',  ( -0.3458482281720611784, 0.2480314960629948773, 0.001968504047920685909 ) ) ;
#2849 = LINE ( 'NONE', #2644, #5096 ) ;
#2850 = CARTESIAN_POINT ( 'NONE',  ( -0.5531442385204589085, 0.4822834645669287768, -0.006528788846485575857 ) ) ;
#2851 = AXIS2_PLACEMENT_3D ( 'NONE', #4561, #7735, #891 ) ;
#2852 = FACE_BOUND ( 'NONE', #5651, .T. ) ;
#2853 = ORIENTED_EDGE ( 'NONE', *, *, #9542, .F. ) ;
#2854 = VERTEX_POINT ( 'NONE', #5274 ) ;
#2855 = AXIS2_PLACEMENT_3D ( 'NONE', #520, #6092, #786 ) ;
#2856 = FACE_OUTER_BOUND ( 'NONE', #8011, .T. ) ;
#2857 = ORIENTED_EDGE ( 'NONE', *, *, #6798, .F. ) ;
#2858 = CARTESIAN_POINT ( 'NONE',  ( 5.367778756204533153E-06, 0.4822834645669287768, -0.008391542860187175060 ) ) ;
#2859 = VECTOR ( 'NONE', #508, 39.37007874015748143 ) ;
#2860 = LINE ( 'NONE', #6037, #6417 ) ;
#2861 = ADVANCED_FACE ( 'NONE', ( #1374 ), #3824, .F. ) ;
#2862 = CARTESIAN_POINT ( 'NONE',  ( -2.731847993664263218E-16, 0.2755905511811020947, -0.1299212599534309287 ) ) ;
#2863 = FACE_OUTER_BOUND ( 'NONE', #9071, .T. ) ;
#2864 = VERTEX_POINT ( 'NONE', #4552 ) ;
#2865 = ORIENTED_EDGE ( 'NONE', *, *, #465, .T. ) ;
#2866 = VECTOR ( 'NONE', #6138, 39.37007874015748143 ) ;
#2867 = VECTOR ( 'NONE', #8312, 39.37007874015748854 ) ;
#2868 = ORIENTED_EDGE ( 'NONE', *, *, #2984, .F. ) ;
#2869 = ORIENTED_EDGE ( 'NONE', *, *, #415, .F. ) ;
#2870 = ORIENTED_EDGE ( 'NONE', *, *, #4306, .F. ) ;
#2871 = PLANE ( 'NONE',  #611 ) ;
#2872 = CARTESIAN_POINT ( 'NONE',  ( -0.07480347492088222638, 0.1062992126077747096, -0.01378261844960642322 ) ) ;
#2873 = AXIS2_PLACEMENT_3D ( 'NONE', #6908, #10096, #2949 ) ;
#2874 = FILL_AREA_STYLE_COLOUR ( '', #2455 ) ;
#2875 = AXIS2_PLACEMENT_3D ( 'NONE', #15, #65, #8861 ) ;
#2876 = CARTESIAN_POINT ( 'NONE',  ( 0.01181639140080308070, 0.2755905511811020947, -0.008858267605622589802 ) ) ;
#2877 = SHAPE_DEFINITION_REPRESENTATION ( #7055, #6499 ) ;
#2878 = CARTESIAN_POINT ( 'NONE',  ( -0.1496041842881393191, 0.01377952755905360177, -0.05315578802486194826 ) ) ;
#2879 = VERTEX_POINT ( 'NONE', #7727 ) ;
#2880 = ADVANCED_FACE ( 'NONE', ( #595 ), #8510, .T. ) ;
#2881 = EDGE_CURVE ( 'NONE', #7501, #10037, #3066, .T. ) ;
#2882 = VERTEX_POINT ( 'NONE', #9355 ) ;
#2883 = AXIS2_PLACEMENT_3D ( 'NONE', #8846, #978, #3321 ) ;
#2884 = VECTOR ( 'NONE', #6360, 39.37007874015748854 ) ;
#2885 = DIRECTION ( 'NONE',  ( 7.829672019396359999E-16, -1.965020480342260295E-30, -1.000000000000000000 ) ) ;
#2886 = ORIENTED_EDGE ( 'NONE', *, *, #3187, .F. ) ;
#2887 = CARTESIAN_POINT ( 'NONE',  ( -0.05708124639447951371, -0.08098887952763200726, -0.3236683211421761408 ) ) ;
#2888 = EDGE_CURVE ( 'NONE', #8540, #4323, #2934, .T. ) ;
#2889 = CARTESIAN_POINT ( 'NONE',  ( -0.5042044491840317333, 0.01968503937007875723, -0.3228554797919814257 ) ) ;
#2890 = ADVANCED_FACE ( 'NONE', ( #1267 ), #3041, .T. ) ;
#2891 = CARTESIAN_POINT ( 'NONE',  ( -0.04493248089200118506, 0.4294716001481418410, 0.02755905522902296276 ) ) ;
#2892 = DIRECTION ( 'NONE',  ( 1.929231152724350329E-14, -2.220446049250560093E-16, -1.000000000000000000 ) ) ;
#2893 = DIRECTION ( 'NONE',  ( 6.664964947938540035E-17, 1.000000000000000000, 0.000000000000000000 ) ) ;
#2894 = CARTESIAN_POINT ( 'NONE',  ( -0.2657480312607967687, 0.01968503937007875723, -0.01970781430357135613 ) ) ;
#2895 = ORIENTED_EDGE ( 'NONE', *, *, #2341, .F. ) ;
#2896 = CIRCLE ( 'NONE', #7889, 0.07086614131889723556 ) ;
#2897 = EDGE_LOOP ( 'NONE', ( #339, #5859, #1178, #2853, #4666, #8914, #3869 ) ) ;
#2898 = ADVANCED_FACE ( 'NONE', ( #6110 ), #2398, .F. ) ;
#2899 = EDGE_LOOP ( 'NONE', ( #307, #7264, #3885, #6125, #4760, #10282, #6127, #9293 ) ) ;
#2900 = VERTEX_POINT ( 'NONE', #5517 ) ;
#2901 = AXIS2_PLACEMENT_3D ( 'NONE', #3991, #7160, #269 ) ;
#2902 = CARTESIAN_POINT ( 'NONE',  ( -2.956244685176832674E-16, 0.3596456688779528510, -0.1299212597316068141 ) ) ;
#2903 = VERTEX_POINT ( 'NONE', #6983 ) ;
#2904 = CARTESIAN_POINT ( 'NONE',  ( -0.5531442385204589085, 0.02165354330708013295, -0.1633858266607443877 ) ) ;
#2905 = PLANE ( 'NONE',  #6481 ) ;
#2906 = EDGE_CURVE ( 'NONE', #10008, #3933, #7968, .T. ) ;
#2907 = CARTESIAN_POINT ( 'NONE',  ( -0.4075907368092174243, -0.1114812042603227082, -0.3281797214647568794 ) ) ;
#2908 = CARTESIAN_POINT ( 'NONE',  ( -2.731847993664263218E-16, 0.2755905511811020947, -0.1299212597316068418 ) ) ;
#2909 = CARTESIAN_POINT ( 'NONE',  ( -0.4468450259220339005, 0.1476377952755860423, -0.3425196849284575795 ) ) ;
#2910 = CARTESIAN_POINT ( 'NONE',  ( -0.3458482281720611784, 0.1070866141732248061, 0.001968504047920685909 ) ) ;
#2911 = DIRECTION ( 'NONE',  ( 0.0008255066504738493112, -2.630344866564119988E-23, -0.9999996592693269903 ) ) ;
#2912 = ORIENTED_EDGE ( 'NONE', *, *, #1940, .F. ) ;
#2913 = EDGE_CURVE ( 'NONE', #7044, #7709, #2240, .T. ) ;
#2914 = AXIS2_PLACEMENT_3D ( 'NONE', #7835, #7935, #3040 ) ;
#2915 = EDGE_LOOP ( 'NONE', ( #2865, #6886, #2088, #2918 ) ) ;
#2916 = PLANE ( 'NONE',  #3920 ) ;
#2917 = DIRECTION ( 'NONE',  ( 1.000000000000000000, 5.960771589037120061E-15, 9.941467993053840475E-15 ) ) ;
#2918 = ORIENTED_EDGE ( 'NONE', *, *, #4759, .F. ) ;
#2919 = CARTESIAN_POINT ( 'NONE',  ( -0.1358134320429690844, -0.1299212598478130809, -0.05708661389753133530 ) ) ;
#2920 = CARTESIAN_POINT ( 'NONE',  ( -0.5531442385204589085, 0.2480314960629948773, -0.3246574802040486096 ) ) ;
#2921 = LINE ( 'NONE', #5157, #3618 ) ;
#2922 = CARTESIAN_POINT ( 'NONE',  ( -0.3956639235598342630, 0.007874015748028716927, 0.001127850190957160144 ) ) ;
#2923 = ADVANCED_FACE ( 'NONE', ( #5413 ), #4643, .T. ) ;
#2924 = ORIENTED_EDGE ( 'NONE', *, *, #8867, .T. ) ;
#2925 = ORIENTED_EDGE ( 'NONE', *, *, #621, .F. ) ;
#2926 = ORIENTED_EDGE ( 'NONE', *, *, #3208, .T. ) ;
#2927 = VERTEX_POINT ( 'NONE', #9543 ) ;
#2928 = CARTESIAN_POINT ( 'NONE',  ( -0.3956639235598288229, 0.1543307086614156831, -0.3287401573694028745 ) ) ;
#2929 = CIRCLE ( 'NONE', #8758, 0.02952755905511810289 ) ;
#2930 = CARTESIAN_POINT ( 'NONE',  ( -0.5633728850218842066, 0.4921259842520297467, -0.3149606298103029833 ) ) ;
#2931 = VECTOR ( 'NONE', #5373, 39.37007874015748854 ) ;
#2932 = CARTESIAN_POINT ( 'NONE',  ( -0.4547190416700650495, 0.1476377952755860423, -0.3425196849284575795 ) ) ;
#2933 = DIRECTION ( 'NONE',  ( -1.000000000000000000, -2.669637467189900051E-16, -5.551115123125779621E-17 ) ) ;
#2934 = LINE ( 'NONE', #7001, #5871 ) ;
#2935 = VERTEX_POINT ( 'NONE', #8749 ) ;
#2936 = AXIS2_PLACEMENT_3D ( 'NONE', #2819, #3603, #1318 ) ;
#2937 = VECTOR ( 'NONE', #10135, 39.37007874015748854 ) ;
#2938 = ORIENTED_EDGE ( 'NONE', *, *, #3329, .T. ) ;
#2939 = PLANE ( 'NONE',  #358 ) ;
#2940 = ORIENTED_EDGE ( 'NONE', *, *, #4992, .T. ) ;
#2941 = VERTEX_POINT ( 'NONE', #783 ) ;
#2942 = DIRECTION ( 'NONE',  ( -1.000000000000000000, 0.000000000000000000, -1.734723475976807726E-14 ) ) ;
#2943 = DIRECTION ( 'NONE',  ( 0.000000000000000000, -0.8576492835018578731, 0.5142350693104760229 ) ) ;
#2944 = LINE ( 'NONE', #10040, #1286 ) ;
#2945 = CARTESIAN_POINT ( 'NONE',  ( -0.03543307083589326834, 0.01377952755905360177, -1.464102866994901932E-06 ) ) ;
#2946 = DIRECTION ( 'NONE',  ( -1.000000000000000000, 0.000000000000000000, 0.000000000000000000 ) ) ;
#2947 = EDGE_CURVE ( 'NONE', #4742, #7622, #735, .T. ) ;
#2948 = AXIS2_PLACEMENT_3D ( 'NONE', #9092, #1956, #5131 ) ;
#2949 = DIRECTION ( 'NONE',  ( 0.000000000000000000, 1.000000000000000000, -2.356961244533705420E-16 ) ) ;
#2950 = AXIS2_PLACEMENT_3D ( 'NONE', #6180, #623, #6292 ) ;
#2951 = ORIENTED_EDGE ( 'NONE', *, *, #2329, .T. ) ;
#2952 = VERTEX_POINT ( 'NONE', #7029 ) ;
#2953 = EDGE_LOOP ( 'NONE', ( #4391, #8623, #1432, #1145 ) ) ;
#2954 = EDGE_CURVE ( 'NONE', #6476, #2609, #2443, .T. ) ;
#2955 = VERTEX_POINT ( 'NONE', #7818 ) ;
#2956 = LINE ( 'NONE', #2796, #9713 ) ;
#2957 = ORIENTED_EDGE ( 'NONE', *, *, #9100, .F. ) ;
#2958 = CARTESIAN_POINT ( 'NONE',  ( -0.4664994584876268058, -0.1096117967702547602, -0.3270588496554706626 ) ) ;
#2959 = DIRECTION ( 'NONE',  ( 1.000000000000000000, -3.155443620884085057E-30, 2.220446049250339705E-16 ) ) ;
#2960 = CARTESIAN_POINT ( 'NONE',  ( -0.2952676190836082126, 0.02755905513139873461, -0.1948940904563258025 ) ) ;
#2961 = CARTESIAN_POINT ( 'NONE',  ( -0.5236198506423925814, 0.000000000000000000, -0.05317124244066077227 ) ) ;
#2962 = EDGE_CURVE ( 'NONE', #410, #9062, #8915, .T. ) ;
#2963 = DIRECTION ( 'NONE',  ( -5.551115123125779621E-17, -1.636020887289085065E-32, -1.000000000000000000 ) ) ;
#2964 = EDGE_CURVE ( 'NONE', #9418, #2712, #682, .T. ) ;
#2965 = CARTESIAN_POINT ( 'NONE',  ( -0.4035379393078605825, 0.1622047244094487750, 0.01377952766996799576 ) ) ;
#2966 = CARTESIAN_POINT ( 'NONE',  ( -0.4157984591073122793, 0.1240157480314862393, 0.02671429173552990199 ) ) ;
#2967 = ORIENTED_EDGE ( 'NONE', *, *, #6132, .T. ) ;
#2968 = AXIS2_PLACEMENT_3D ( 'NONE', #2922, #9233, #6039 ) ;
#2969 = EDGE_LOOP ( 'NONE', ( #4044, #8035, #10044, #5566 ) ) ;
#2970 = ADVANCED_FACE ( 'NONE', ( #8651 ), #9215, .T. ) ;
#2971 = DIRECTION ( 'NONE',  ( 1.098777426433149983E-15, -2.220446049250329844E-16, -1.000000000000000000 ) ) ;
#2972 = DIRECTION ( 'NONE',  ( 0.9999999991463190963, 3.082923038283490841E-21, 4.132023647999851065E-05 ) ) ;
#2973 = ORIENTED_EDGE ( 'NONE', *, *, #6150, .F. ) ;
#2974 = AXIS2_PLACEMENT_3D ( 'NONE', #908, #3201, #7117 ) ;
#2975 = DIRECTION ( 'NONE',  ( 1.000000000000000000, 1.460453498191029983E-15, -3.871126758398984851E-33 ) ) ;
#2976 = EDGE_CURVE ( 'NONE', #10262, #9888, #5568, .T. ) ;
#2977 = CARTESIAN_POINT ( 'NONE',  ( 5.367778755658163867E-06, 0.01968503937007875723, -0.3425196849284575795 ) ) ;
#2978 = LINE ( 'NONE', #2349, #5456 ) ;
#2979 = LINE ( 'NONE', #9343, #3295 ) ;
#2980 = ORIENTED_EDGE ( 'NONE', *, *, #5177, .T. ) ;
#2981 = AXIS2_PLACEMENT_3D ( 'NONE', #2563, #2423, #1736 ) ;
#2982 = VERTEX_POINT ( 'NONE', #3076 ) ;
#2983 = ORIENTED_EDGE ( 'NONE', *, *, #4375, .T. ) ;
#2984 = EDGE_CURVE ( 'NONE', #8682, #5515, #1662, .T. ) ;
#2985 = LINE ( 'NONE', #5423, #2931 ) ;
#2986 = DIRECTION ( 'NONE',  ( -2.350106380379509801E-14, -1.000000000000000000, -9.710695147376469965E-19 ) ) ;
#2987 = DIRECTION ( 'NONE',  ( 1.445602896647339035E-14, 1.000000000000000000, 0.000000000000000000 ) ) ;
#2988 = DIRECTION ( 'NONE',  ( 0.9999999991463190963, 9.657597179938122047E-15, 4.132023649192669967E-05 ) ) ;
#2989 = DIRECTION ( 'NONE',  ( 1.908195823574486226E-14, 0.000000000000000000, -1.000000000000000000 ) ) ;
#2990 = DIRECTION ( 'NONE',  ( 4.859181387252889900E-21, -1.000000000000000000, -1.175981019720059045E-16 ) ) ;
#2991 = DIRECTION ( 'NONE',  ( 1.000000000000000000, -1.608082204351299748E-16, 1.098777426433149983E-15 ) ) ;
#2992 = ORIENTED_EDGE ( 'NONE', *, *, #7853, .F. ) ;
#2993 = VECTOR ( 'NONE', #3522, 39.37007874015748143 ) ;
#2994 = VERTEX_POINT ( 'NONE', #10275 ) ;
#2995 = DIRECTION ( 'NONE',  ( -4.243938236919890636E-15, 1.000000000000000000, -1.753605317563625216E-19 ) ) ;
#2996 = ORIENTED_EDGE ( 'NONE', *, *, #1629, .F. ) ;
#2997 = ORIENTED_EDGE ( 'NONE', *, *, #9916, .F. ) ;
#2998 = CARTESIAN_POINT ( 'NONE',  ( -0.5531442385204589085, 0.4822834645669287768, -0.3202428644749966136 ) ) ;
#2999 = FACE_OUTER_BOUND ( 'NONE', #319, .T. ) ;
#3000 = DIRECTION ( 'NONE',  ( -4.078893220340669608E-32, 2.220446049250309876E-16, 1.000000000000000000 ) ) ;
#3001 = DIRECTION ( 'NONE',  ( 4.132023647507146230E-05, 8.413753075257441145E-17, -0.9999999991463190963 ) ) ;
#3002 = AXIS2_PLACEMENT_3D ( 'NONE', #6600, #9748, #5862 ) ;
#3003 = DIRECTION ( 'NONE',  ( 1.293016685864029896E-13, 1.000000000000000000, 9.958396954268648207E-17 ) ) ;
#3004 = CARTESIAN_POINT ( 'NONE',  ( 0.000000000000000000, 0.2421259842519683514, 0.000000000000000000 ) ) ;
#3005 = EDGE_CURVE ( 'NONE', #3161, #2439, #1401, .T. ) ;
#3006 = ORIENTED_EDGE ( 'NONE', *, *, #541, .F. ) ;
#3007 = ORIENTED_EDGE ( 'NONE', *, *, #2655, .T. ) ;
#3008 = VERTEX_POINT ( 'NONE', #3128 ) ;
#3009 = CARTESIAN_POINT ( 'NONE',  ( -0.5453808164726772212, 0.01968503937008316343, -2.253526432747729536E-05 ) ) ;
#3010 = EDGE_LOOP ( 'NONE', ( #371, #5664, #8530, #455, #5795, #3665, #9778, #2142 ) ) ;
#3011 = DIRECTION ( 'NONE',  ( 1.000000000000000000, 2.669637467189900051E-16, 5.551115123125779621E-17 ) ) ;
#3012 = LINE ( 'NONE', #6178, #9170 ) ;
#3013 = PLANE ( 'NONE',  #9096 ) ;
#3014 = PLANE ( 'NONE',  #2950 ) ;
#3015 = CARTESIAN_POINT ( 'NONE',  ( -0.4432141094286987104, 0.1240157480314862393, 0.01574803160697565291 ) ) ;
#3016 = CARTESIAN_POINT ( 'NONE',  ( -0.3956639235598342630, 0.007874015748028716927, 0.001968504047920685909 ) ) ;
#3017 = EDGE_CURVE ( 'NONE', #4837, #3434, #10170, .T. ) ;
#3018 = ORIENTED_EDGE ( 'NONE', *, *, #2698, .T. ) ;
#3019 = ORIENTED_EDGE ( 'NONE', *, *, #5579, .F. ) ;
#3020 = EDGE_CURVE ( 'NONE', #1201, #3624, #6186, .T. ) ;
#3021 = EDGE_CURVE ( 'NONE', #3678, #3973, #7211, .T. ) ;
#3022 = CARTESIAN_POINT ( 'NONE',  ( -0.3640216914657439240, 0.01377952755905360177, -0.2499976827835449777 ) ) ;
#3023 = CARTESIAN_POINT ( 'NONE',  ( -0.5649552621425060206, 0.4685861009001065502, 0.01377952766996799576 ) ) ;
#3024 = EDGE_LOOP ( 'NONE', ( #8079, #1754, #6941, #449 ) ) ;
#3025 = FACE_OUTER_BOUND ( 'NONE', #2683, .T. ) ;
#3026 = CARTESIAN_POINT ( 'NONE',  ( -0.5531442385204589085, 0.2480314960629948773, -0.3364685038260962213 ) ) ;
#3027 = EDGE_CURVE ( 'NONE', #8991, #7752, #7915, .T. ) ;
#3028 = DIRECTION ( 'NONE',  ( 8.466415384531759054E-16, -2.525497849326525195E-30, 1.000000000000000000 ) ) ;
#3029 = CARTESIAN_POINT ( 'NONE',  ( -0.3444885140486261266, 0.4074803149549243719, -0.01379376189920980371 ) ) ;
#3030 = EDGE_CURVE ( 'NONE', #5915, #4981, #2549, .T. ) ;
#3031 = ORIENTED_EDGE ( 'NONE', *, *, #1200, .F. ) ;
#3032 = VECTOR ( 'NONE', #1949, 39.37007874015748143 ) ;
#3033 = EDGE_CURVE ( 'NONE', #1669, #1803, #3420, .T. ) ;
#3034 = ORIENTED_EDGE ( 'NONE', *, *, #1200, .T. ) ;
#3035 = VERTEX_POINT ( 'NONE', #243 ) ;
#3036 = CARTESIAN_POINT ( 'NONE',  ( -0.04527022277243138854, 0.01968503937007739374, -0.3287401573694012646 ) ) ;
#3037 = DIRECTION ( 'NONE',  ( 0.000000000000000000, 1.000000000000000000, -2.220446049351462798E-16 ) ) ;
#3038 = CARTESIAN_POINT ( 'NONE',  ( -0.1161363645047174403, -0.1156854393858063462, -0.3169291337473547632 ) ) ;
#3039 = FACE_OUTER_BOUND ( 'NONE', #8344, .T. ) ;
#3040 = DIRECTION ( 'NONE',  ( -3.816391647148786281E-14, 1.000000000000000000, 5.421010862427254081E-17 ) ) ;
#3041 = PLANE ( 'NONE',  #5549 ) ;
#3043 = ORIENTED_EDGE ( 'NONE', *, *, #4748, .T. ) ;
#3042 = VECTOR ( 'NONE', #2073, 39.37007874015748143 ) ;
#3044 = AXIS2_PLACEMENT_3D ( 'NONE', #2382, #918, #5606 ) ;
#3045 = EDGE_CURVE ( 'NONE', #4541, #9666, #9397, .T. ) ;
#3046 = ORIENTED_EDGE ( 'NONE', *, *, #3175, .F. ) ;
#3047 = VECTOR ( 'NONE', #338, 39.37007874015748143 ) ;
#3049 = DIRECTION ( 'NONE',  ( 0.9999999991463190963, 3.082923038283585257E-21, 4.132023647999850388E-05 ) ) ;
#3048 = AXIS2_PLACEMENT_3D ( 'NONE', #6793, #2834, #4298 ) ;
#3050 = ORIENTED_EDGE ( 'NONE', *, *, #1225, .F. ) ;
#3051 = ORIENTED_EDGE ( 'NONE', *, *, #7335, .F. ) ;
#3052 = DIRECTION ( 'NONE',  ( 4.857225732735061127E-14, -1.000000000000000000, 0.000000000000000000 ) ) ;
#3053 = CARTESIAN_POINT ( 'NONE',  ( -0.5529303401249746619, 0.02925843802800622007, -0.3364685038260959438 ) ) ;
#3054 = FACE_OUTER_BOUND ( 'NONE', #1382, .T. ) ;
#3055 = CARTESIAN_POINT ( 'NONE',  ( -0.04493248089200173323, 0.4294716001481418410, 0.01574803160697565291 ) ) ;
#3056 = DIRECTION ( 'NONE',  ( -1.836940358395759803E-16, 1.000000000000000000, -7.590281009527410650E-21 ) ) ;
#3057 = CARTESIAN_POINT ( 'NONE',  ( -0.5511810154746042967, 0.09834559032574947957, -0.002114173117433575458 ) ) ;
#3058 = ORIENTED_EDGE ( 'NONE', *, *, #6708, .T. ) ;
#3059 = VECTOR ( 'NONE', #2218, 39.37007874015748143 ) ;
#3060 = AXIS2_PLACEMENT_3D ( 'NONE', #534, #3706, #2094 ) ;
#3061 = ORIENTED_EDGE ( 'NONE', *, *, #1480, .T. ) ;
#3062 = LINE ( 'NONE', #6232, #5252 ) ;
#3063 = ORIENTED_EDGE ( 'NONE', *, *, #9281, .T. ) ;
#3064 = CARTESIAN_POINT ( 'NONE',  ( -0.3458482281720611784, 0.1766903569713492161, 0.001968504047920685909 ) ) ;
#3065 = DIRECTION ( 'NONE',  ( -1.956239355474899994E-14, 0.000000000000000000, 1.000000000000000000 ) ) ;
#3066 = CIRCLE ( 'NONE', #66, 0.003937007874015747977 ) ;
#3067 = CARTESIAN_POINT ( 'NONE',  ( -0.4084218461458226646, -0.1156854394007178766, -0.3405511809914378851 ) ) ;
#3068 = VECTOR ( 'NONE', #9737, 39.37007874015748143 ) ;
#3069 = DIRECTION ( 'NONE',  ( 1.000000000000000000, 0.000000000000000000, 0.000000000000000000 ) ) ;
#3070 = VECTOR ( 'NONE', #249, 39.37007874015748143 ) ;
#3071 = DIRECTION ( 'NONE',  ( 1.098777426433149983E-15, -2.220446049250329844E-16, -1.000000000000000000 ) ) ;
#3072 = CARTESIAN_POINT ( 'NONE',  ( -0.5236087071931873060, 0.2421259842519683514, -0.3228562815805118280 ) ) ;
#3073 = ORIENTED_EDGE ( 'NONE', *, *, #6825, .T. ) ;
#3074 = ORIENTED_EDGE ( 'NONE', *, *, #10226, .T. ) ;
#3075 = CIRCLE ( 'NONE', #5883, 0.01181102362204724567 ) ;
#3076 = CARTESIAN_POINT ( 'NONE',  ( -0.1338534686177145216, 0.01377952756953897996, -0.1161472632379161596 ) ) ;
#3077 = DIRECTION ( 'NONE',  ( 0.000000000000000000, 3.644747806515189682E-13, -1.000000000000000000 ) ) ;
#3078 = ORIENTED_EDGE ( 'NONE', *, *, #10235, .F. ) ;
#3079 = DIRECTION ( 'NONE',  ( -0.2503272437885709634, -0.2503272437886539525, 0.9352392966692498755 ) ) ;
#3080 = FACE_OUTER_BOUND ( 'NONE', #5785, .T. ) ;
#3081 = DIRECTION ( 'NONE',  ( -1.457076419989340155E-13, 1.000000000000000000, 3.642691049973474585E-13 ) ) ;
#3082 = CARTESIAN_POINT ( 'NONE',  ( -0.4173231596493444662, 0.1653543307150614206, -0.01379677144399227631 ) ) ;
#3083 = ORIENTED_EDGE ( 'NONE', *, *, #7779, .T. ) ;
#3084 = CIRCLE ( 'NONE', #8897, 0.01181102362204724567 ) ;
#3085 = EDGE_CURVE ( 'NONE', #3702, #5910, #4156, .T. ) ;
#3086 = ORIENTED_EDGE ( 'NONE', *, *, #6145, .F. ) ;
#3087 = EDGE_CURVE ( 'NONE', #7937, #216, #7428, .T. ) ;
#3088 = ORIENTED_EDGE ( 'NONE', *, *, #4094, .T. ) ;
#3089 = LINE ( 'NONE', #9508, #7421 ) ;
#3090 = LINE ( 'NONE', #3189, #1935 ) ;
#3091 = CARTESIAN_POINT ( 'NONE',  ( -0.4547190416700650495, 0.1476377952755860423, 0.01574803160697565291 ) ) ;
#3092 = LINE ( 'NONE', #7983, #1792 ) ;
#3093 = CARTESIAN_POINT ( 'NONE',  ( -0.4468450259220339005, 0.1240157480314881405, -0.3543307085505046361 ) ) ;
#3094 = EDGE_CURVE ( 'NONE', #5069, #10028, #192, .T. ) ;
#3095 = VERTEX_POINT ( 'NONE', #6543 ) ;
#3096 = ORIENTED_EDGE ( 'NONE', *, *, #6552, .T. ) ;
#3097 = EDGE_CURVE ( 'NONE', #1838, #3693, #9744, .T. ) ;
#3098 = VECTOR ( 'NONE', #4191, 39.37007874015748143 ) ;
#3099 = ORIENTED_EDGE ( 'NONE', *, *, #9141, .F. ) ;
#3100 = ORIENTED_EDGE ( 'NONE', *, *, #7354, .T. ) ;
#3101 = LINE ( 'NONE', #4814, #8087 ) ;
#3102 = DIRECTION ( 'NONE',  ( 1.000000000000000000, -1.437166293563720158E-14, 2.220446049248289653E-16 ) ) ;
#3103 = ADVANCED_FACE ( 'NONE', ( #9049 ), #8164, .F. ) ;
#3104 = CARTESIAN_POINT ( 'NONE',  ( -0.5527505377330569347, 0.2696028754788729609, -0.3405511809914502086 ) ) ;
#3105 = DIRECTION ( 'NONE',  ( 0.000000000000000000, 0.000000000000000000, 1.000000000000000000 ) ) ;
#3106 = CYLINDRICAL_SURFACE ( 'NONE', #4571, 0.02952755905511810289 ) ;
#3107 = DIRECTION ( 'NONE',  ( 1.320822031358179910E-15, -2.123990403742230127E-31, -1.000000000000000000 ) ) ;
#3108 = ORIENTED_EDGE ( 'NONE', *, *, #3384, .T. ) ;
#3109 = VECTOR ( 'NONE', #1220, 39.37007874015748143 ) ;
#3110 = VECTOR ( 'NONE', #9809, 39.37007874015748854 ) ;
#3111 = EDGE_LOOP ( 'NONE', ( #10260, #8637 ) ) ;
#3112 = CARTESIAN_POINT ( 'NONE',  ( -0.4547190416700650495, 0.1318897637795195810, -0.3543307085505046361 ) ) ;
#3113 = ORIENTED_EDGE ( 'NONE', *, *, #3204, .F. ) ;
#3114 = DIRECTION ( 'NONE',  ( 4.132023647999850388E-05, -1.946770541011490804E-14, -0.9999999991463190963 ) ) ;
#3115 = VECTOR ( 'NONE', #2459, 39.37007874015748143 ) ;
#3116 = CARTESIAN_POINT ( 'NONE',  ( -0.5413332148984112413, 0.03149606299212852345, 0.001968504047920685909 ) ) ;
#3117 = AXIS2_PLACEMENT_3D ( 'NONE', #7769, #5363, #9501 ) ;
#3118 = EDGE_CURVE ( 'NONE', #10324, #2751, #9794, .T. ) ;
#3119 = DIRECTION ( 'NONE',  ( 1.000000000000000000, 6.123638448986479919E-17, -6.245969335281450904E-16 ) ) ;
#3120 = FACE_OUTER_BOUND ( 'NONE', #6015, .T. ) ;
#3121 = DIRECTION ( 'NONE',  ( 1.000000000000000000, 2.669637467189900051E-16, 5.551115123125779621E-17 ) ) ;
#3122 = CARTESIAN_POINT ( 'NONE',  ( -0.4665300652921126612, -0.1156854393858063462, -0.3287401573694023194 ) ) ;
#3123 = VERTEX_POINT ( 'NONE', #4254 ) ;
#3124 = ORIENTED_EDGE ( 'NONE', *, *, #8248, .T. ) ;
#3125 = AXIS2_PLACEMENT_3D ( 'NONE', #9734, #3412, #1171 ) ;
#3126 = VECTOR ( 'NONE', #9202, 39.37007874015748143 ) ;
#3127 = ORIENTED_EDGE ( 'NONE', *, *, #3924, .T. ) ;
#3128 = CARTESIAN_POINT ( 'NONE',  ( 5.367778755111793735E-06, 0.01968503937007875723, -0.1299067771272219007 ) ) ;
#3129 = PLANE ( 'NONE',  #6396 ) ;
#3130 = ORIENTED_EDGE ( 'NONE', *, *, #9174, .T. ) ;
#3131 = DIRECTION ( 'NONE',  ( -1.000000000000000000, -4.625929289008769985E-16, 1.069961089345456021E-31 ) ) ;
#3132 = CARTESIAN_POINT ( 'NONE',  ( -0.4270405767649864681, 0.1555118110236194118, 0.01574803160697565291 ) ) ;
#3133 = CIRCLE ( 'NONE', #290, 0.08562992125984252023 ) ;
#3134 = AXIS2_PLACEMENT_3D ( 'NONE', #7655, #2084, #1254 ) ;
#3135 = CARTESIAN_POINT ( 'NONE',  ( -0.4665300652921126612, -0.02604684404437779266, -0.009842519574126349854 ) ) ;
#3136 = LINE ( 'NONE', #9503, #3300 ) ;
#3137 = ORIENTED_EDGE ( 'NONE', *, *, #4354, .T. ) ;
#3138 = VECTOR ( 'NONE', #211, 39.37007874015748854 ) ;
#3139 = VERTEX_POINT ( 'NONE', #2489 ) ;
#3140 = VERTEX_POINT ( 'NONE', #3273 ) ;
#3141 = CARTESIAN_POINT ( 'NONE',  ( -0.4074749471818807645, -0.1082677165354372639, 0.01258466267188125716 ) ) ;
#3142 = CARTESIAN_POINT ( 'NONE',  ( -0.001493912307339043989, 0.4707607254245708139, 0.01560037826746982909 ) ) ;
#3143 = CARTESIAN_POINT ( 'NONE',  ( -0.5137741597803013871, 0.2480314960629948773, -0.002114173117433575458 ) ) ;
#3144 = DIRECTION ( 'NONE',  ( 0.000000000000000000, -1.000000000000000000, -7.812564189785108689E-16 ) ) ;
#3145 = VECTOR ( 'NONE', #840, 39.37007874015748143 ) ;
#3146 = EDGE_LOOP ( 'NONE', ( #867, #4215, #1513, #9745 ) ) ;
#3147 = EDGE_CURVE ( 'NONE', #166, #654, #5924, .T. ) ;
#3148 = ORIENTED_EDGE ( 'NONE', *, *, #3978, .T. ) ;
#3149 = VERTEX_POINT ( 'NONE', #4107 ) ;
#3150 = EDGE_CURVE ( 'NONE', #1649, #4152, #4432, .T. ) ;
#3151 = EDGE_CURVE ( 'NONE', #9075, #5988, #5239, .T. ) ;
#3152 = ORIENTED_EDGE ( 'NONE', *, *, #2498, .T. ) ;
#3153 = ORIENTED_EDGE ( 'NONE', *, *, #7341, .T. ) ;
#3154 = DIRECTION ( 'NONE',  ( 0.9999999991463190963, 0.000000000000000000, 4.132023648021667246E-05 ) ) ;
#3155 = CARTESIAN_POINT ( 'NONE',  ( -0.1299109296919778167, 0.1062992126077747096, -0.2716589114708499730 ) ) ;
#3156 = CARTESIAN_POINT ( 'NONE',  ( -0.05746769132637358224, -0.1135259968720672419, -0.3287401573694007095 ) ) ;
#3157 = DIRECTION ( 'NONE',  ( -1.224695389915768000E-16, 1.000000000000000000, 1.175930417024713606E-16 ) ) ;
#3158 = CARTESIAN_POINT ( 'NONE',  ( -0.5511810154746042967, 0.2480314960629948773, -0.002114173117433575458 ) ) ;
#3159 = LINE ( 'NONE', #7994, #3470 ) ;
#3160 = LINE ( 'NONE', #2514, #383 ) ;
#3161 = VERTEX_POINT ( 'NONE', #6857 ) ;
#3162 = EDGE_CURVE ( 'NONE', #515, #7622, #4462, .T. ) ;
#3164 = ORIENTED_EDGE ( 'NONE', *, *, #2658, .T. ) ;
#3163 = ADVANCED_FACE ( 'NONE', ( #5188 ), #563, .F. ) ;
#3165 = DIRECTION ( 'NONE',  ( -1.000000000000000000, -2.669637467189900051E-16, -5.551115123125779621E-17 ) ) ;
#3166 = ORIENTED_EDGE ( 'NONE', *, *, #1626, .T. ) ;
#3167 = CARTESIAN_POINT ( 'NONE',  ( -0.1161363645047149701, -0.05466976174329647720, -0.3135386051237546989 ) ) ;
#3168 = DIRECTION ( 'NONE',  ( 2.439775995528935424E-31, 1.000000000000000000, -2.220446049250329844E-16 ) ) ;
#3169 = FACE_OUTER_BOUND ( 'NONE', #7887, .T. ) ;
#3170 = CARTESIAN_POINT ( 'NONE',  ( -0.04723872670943112667, 0.4239038302175392459, -0.3543307085505043585 ) ) ;
#3171 = CARTESIAN_POINT ( 'NONE',  ( 0.1456746591693076909, 0.3937007868976374891, -0.1299212597316068141 ) ) ;
#3172 = CARTESIAN_POINT ( 'NONE',  ( -0.3562858729722800377, 0.01181102361377390705, 2.755989334384274202E-10 ) ) ;
#3173 = VERTEX_POINT ( 'NONE', #8374 ) ;
#3174 = AXIS2_PLACEMENT_3D ( 'NONE', #8481, #5144, #5971 ) ;
#3176 = EDGE_LOOP ( 'NONE', ( #4587, #3733, #927, #5555, #1491, #10070, #4292, #5630, #4231, #2696, #6335, #1452 ) ) ;
#3175 = EDGE_CURVE ( 'NONE', #1576, #560, #1236, .T. ) ;
#3177 = CARTESIAN_POINT ( 'NONE',  ( -0.4665300652921121061, -0.1106761335620543574, 0.01338123933726530386 ) ) ;
#3178 = PLANE ( 'NONE',  #3245 ) ;
#3179 = VERTEX_POINT ( 'NONE', #2902 ) ;
#3180 = DIRECTION ( 'NONE',  ( 0.000000000000000000, 0.000000000000000000, -1.000000000000000000 ) ) ;
#3181 = DIRECTION ( 'NONE',  ( -1.000000000000000000, -6.123638448986479919E-17, 6.245969335281450904E-16 ) ) ;
#3182 = CARTESIAN_POINT ( 'NONE',  ( -0.4547190416700650495, 0.1318897637795195810, 0.01574803160697565291 ) ) ;
#3183 = CARTESIAN_POINT ( 'NONE',  ( -2.921034899684365572E-16, 0.3464566924999992747, -0.1299212597316068141 ) ) ;
#3184 = ORIENTED_EDGE ( 'NONE', *, *, #7041, .F. ) ;
#3185 = AXIS2_PLACEMENT_3D ( 'NONE', #8208, #86, #1069 ) ;
#3186 = ORIENTED_EDGE ( 'NONE', *, *, #43, .T. ) ;
#3187 = EDGE_CURVE ( 'NONE', #1120, #515, #4309, .T. ) ;
#3188 = VERTEX_POINT ( 'NONE', #9265 ) ;
#3189 = CARTESIAN_POINT ( 'NONE',  ( -0.04493248089200118506, 0.4294716001481418410, -0.3425196849284575795 ) ) ;
#3190 = DIRECTION ( 'NONE',  ( -1.098777426433149983E-15, 2.220446049250329844E-16, 1.000000000000000000 ) ) ;
#3191 = LINE ( 'NONE', #5484, #9631 ) ;
#3192 = AXIS2_PLACEMENT_3D ( 'NONE', #656, #1671, #10088 ) ;
#3193 = ORIENTED_EDGE ( 'NONE', *, *, #4130, .F. ) ;
#3194 = VERTEX_POINT ( 'NONE', #7529 ) ;
#3195 = LINE ( 'NONE', #1681, #2275 ) ;
#3196 = LINE ( 'NONE', #3155, #6526 ) ;
#3197 = CARTESIAN_POINT ( 'NONE',  ( -0.04493248089200173323, 0.4294716001481418410, -0.3543307085505035259 ) ) ;
#3198 = CIRCLE ( 'NONE', #4532, 0.007874015748031516770 ) ;
#3199 = CARTESIAN_POINT ( 'NONE',  ( -0.4783410889141597178, 0.01968503937007875723, 0.001968504047920685909 ) ) ;
#3200 = FACE_OUTER_BOUND ( 'NONE', #8223, .T. ) ;
#3201 = DIRECTION ( 'NONE',  ( 1.000000000000000000, -1.259585646868319844E-15, 1.098777426433149983E-15 ) ) ;
#3202 = CARTESIAN_POINT ( 'NONE',  ( -0.5137741597803013871, 0.2696028754788729609, -0.3405511809914502086 ) ) ;
#3203 = VERTEX_POINT ( 'NONE', #9159 ) ;
#3204 = EDGE_CURVE ( 'NONE', #6349, #9931, #3574, .T. ) ;
#3205 = ORIENTED_EDGE ( 'NONE', *, *, #5169, .T. ) ;
#3206 = AXIS2_PLACEMENT_3D ( 'NONE', #5409, #8647, #3957 ) ;
#3207 = AXIS2_PLACEMENT_3D ( 'NONE', #7063, #8628, #2319 ) ;
#3208 = EDGE_CURVE ( 'NONE', #10300, #7759, #1343, .T. ) ;
#3209 = CARTESIAN_POINT ( 'NONE',  ( -0.5531442385204589085, 0.2460629921259527841, -0.3149606298103474478 ) ) ;
#3210 = VERTEX_POINT ( 'NONE', #7581 ) ;
#3211 = CARTESIAN_POINT ( 'NONE',  ( -0.03542770308738736607, 0.01968503937007875723, 0.01574803160697565291 ) ) ;
#3212 = LINE ( 'NONE', #2282, #8983 ) ;
#3213 = DIRECTION ( 'NONE',  ( -1.000000000000000000, -6.123638448986479919E-17, 6.245969335281450904E-16 ) ) ;
#3214 = DIRECTION ( 'NONE',  ( 2.220446049247779851E-16, -3.552713678803200411E-15, -1.000000000000000000 ) ) ;
#3215 = CYLINDRICAL_SURFACE ( 'NONE', #9226, 0.01181102362204724046 ) ;
#3216 = CARTESIAN_POINT ( 'NONE',  ( -0.03936194480172658383, 0.01968503937007875723, -0.1968520203137001934 ) ) ;
#3217 = CIRCLE ( 'NONE', #9554, 0.01181102362204724567 ) ;
#3218 = ORIENTED_EDGE ( 'NONE', *, *, #3997, .F. ) ;
#3219 = AXIS2_PLACEMENT_3D ( 'NONE', #1675, #3242, #8963 ) ;
#3220 = EDGE_CURVE ( 'NONE', #2806, #3502, #6804, .T. ) ;
#3221 = ORIENTED_EDGE ( 'NONE', *, *, #6531, .T. ) ;
#3222 = ADVANCED_FACE ( 'NONE', ( #4516 ), #5294, .F. ) ;
#3223 = AXIS2_PLACEMENT_3D ( 'NONE', #4050, #5661, #5562 ) ;
#3224 = DIRECTION ( 'NONE',  ( 4.132023649070880181E-05, 0.000000000000000000, -0.9999999991463189852 ) ) ;
#3225 = VECTOR ( 'NONE', #1860, 39.37007874015748143 ) ;
#3226 = DIRECTION ( 'NONE',  ( -0.7071067811865240360, -0.7071067811865709984, 0.000000000000000000 ) ) ;
#3227 = ORIENTED_EDGE ( 'NONE', *, *, #7107, .F. ) ;
#3228 = CARTESIAN_POINT ( 'NONE',  ( -0.4074749471818818747, -0.05466976172584406268, -0.01323304816954574276 ) ) ;
#3229 = CARTESIAN_POINT ( 'NONE',  ( 5.367778755658163867E-06, 0.4675598519649055707, -0.3543307085505032483 ) ) ;
#3230 = CARTESIAN_POINT ( 'NONE',  ( -0.04133175016350736086, -0.1003936897637803943, -0.1653559573484574274 ) ) ;
#3231 = EDGE_CURVE ( 'NONE', #8824, #3919, #2956, .T. ) ;
#3232 = CARTESIAN_POINT ( 'NONE',  ( -0.5492072306464430564, 0.4822834645669287768, -0.1633858266607427501 ) ) ;
#3233 = ORIENTED_EDGE ( 'NONE', *, *, #5156, .F. ) ;
#3234 = AXIS2_PLACEMENT_3D ( 'NONE', #1396, #3165, #10261 ) ;
#3235 = AXIS2_PLACEMENT_3D ( 'NONE', #1685, #4862, #6520 ) ;
#3236 = ORIENTED_EDGE ( 'NONE', *, *, #1892, .F. ) ;
#3237 = CARTESIAN_POINT ( 'NONE',  ( -0.4665300652921126612, -0.08706252210712646378, -0.01323304814137110132 ) ) ;
#3238 = CIRCLE ( 'NONE', #7388, 0.01181102362204724046 ) ;
#3239 = CARTESIAN_POINT ( 'NONE',  ( -0.5626815607781990858, 0.4933233929664675999, -0.3149606298103029833 ) ) ;
#3240 = LINE ( 'NONE', #8665, #5266 ) ;
#3241 = EDGE_CURVE ( 'NONE', #9259, #8179, #6018, .T. ) ;
#3242 = DIRECTION ( 'NONE',  ( 1.000000000000000000, 4.828410956175699721E-14, -5.551115123130319885E-17 ) ) ;
#3243 = ADVANCED_FACE ( 'NONE', ( #2067 ), #7480, .T. ) ;
#3244 = LINE ( 'NONE', #9664, #5119 ) ;
#3245 = AXIS2_PLACEMENT_3D ( 'NONE', #1710, #4890, #8120 ) ;
#3246 = EDGE_LOOP ( 'NONE', ( #5311, #4090, #9493, #10118, #7276, #4968, #6770 ) ) ;
#3247 = ORIENTED_EDGE ( 'NONE', *, *, #6395, .T. ) ;
#3248 = LINE ( 'NONE', #4668, #3945 ) ;
#3249 = FACE_OUTER_BOUND ( 'NONE', #7397, .T. ) ;
#3250 = VECTOR ( 'NONE', #4577, 39.37007874015748143 ) ;
#3251 = FACE_OUTER_BOUND ( 'NONE', #6489, .T. ) ;
#3252 = DIRECTION ( 'NONE',  ( -8.466415384531749193E-16, 9.958396954279598582E-17, -1.000000000000000000 ) ) ;
#3253 = DIRECTION ( 'NONE',  ( 1.246852041328156122E-14, 0.8576492836772560135, 0.5142350690179440242 ) ) ;
#3254 = DIRECTION ( 'NONE',  ( 4.892451711081009382E-32, 1.000000000000000000, 7.832974272616329547E-17 ) ) ;
#3255 = ORIENTED_EDGE ( 'NONE', *, *, #3546, .T. ) ;
#3256 = ORIENTED_EDGE ( 'NONE', *, *, #8126, .T. ) ;
#3257 = ORIENTED_EDGE ( 'NONE', *, *, #4362, .T. ) ;
#3258 = CARTESIAN_POINT ( 'NONE',  ( -2.731847993664263218E-16, 0.01968503937007875723, -0.3228450628684350066 ) ) ;
#3259 = VERTEX_POINT ( 'NONE', #6694 ) ;
#3260 = CARTESIAN_POINT ( 'NONE',  ( -0.1161363645047152615, -0.05466976173548994400, -0.3135386051284354547 ) ) ;
#3261 = CARTESIAN_POINT ( 'NONE',  ( -0.04133053007778472732, 0.1104810150649237765, -0.1948835163783728952 ) ) ;
#3262 = LINE ( 'NONE', #1654, #1114 ) ;
#3263 = CARTESIAN_POINT ( 'NONE',  ( -0.5563184498856693638, 0.4980314960629921295, -0.01022864639047604829 ) ) ;
#3264 = CARTESIAN_POINT ( 'NONE',  ( -0.2795195062627255922, 0.01377952755905360177, -0.1948934397405789332 ) ) ;
#3265 = AXIS2_PLACEMENT_3D ( 'NONE', #8919, #2559, #1782 ) ;
#3266 = DIRECTION ( 'NONE',  ( -1.000000000000000000, 0.000000000000000000, -1.734723475976807726E-14 ) ) ;
#3267 = EDGE_LOOP ( 'NONE', ( #4474, #6271, #3789, #2869, #7006 ) ) ;
#3268 = EDGE_LOOP ( 'NONE', ( #145, #10104 ) ) ;
#3269 = EDGE_CURVE ( 'NONE', #6415, #9210, #2396, .T. ) ;
#3270 = ORIENTED_EDGE ( 'NONE', *, *, #7460, .F. ) ;
#3271 = VERTEX_POINT ( 'NONE', #1965 ) ;
#3272 = CIRCLE ( 'NONE', #5601, 0.01968503937007875723 ) ;
#3273 = CARTESIAN_POINT ( 'NONE',  ( -0.5531442385204589085, 0.2480314960629948773, -0.3364685038260962213 ) ) ;
#3274 = EDGE_CURVE ( 'NONE', #6843, #8320, #8322, .T. ) ;
#3275 = DIRECTION ( 'NONE',  ( 2.439775995528935424E-31, 1.000000000000000000, -2.220446049250329844E-16 ) ) ;
#3276 = ORIENTED_EDGE ( 'NONE', *, *, #3361, .F. ) ;
#3277 = EDGE_CURVE ( 'NONE', #7632, #7686, #2225, .T. ) ;
#3278 = LINE ( 'NONE', #6448, #4153 ) ;
#3279 = DIRECTION ( 'NONE',  ( 1.098777426433149983E-15, -2.220446049250329844E-16, -1.000000000000000000 ) ) ;
#3280 = CARTESIAN_POINT ( 'NONE',  ( -0.3759788841897500622, 0.2224409448818800150, -0.3543307085505046361 ) ) ;
#3281 = DIRECTION ( 'NONE',  ( -0.3713906763540319456, -3.908910232534744761E-13, 0.9284766908852879475 ) ) ;
#3282 = ORIENTED_EDGE ( 'NONE', *, *, #9584, .F. ) ;
#3283 = AXIS2_PLACEMENT_3D ( 'NONE', #9254, #1333, #552 ) ;
#3284 = VECTOR ( 'NONE', #4972, 39.37007874015748143 ) ;
#3285 = EDGE_CURVE ( 'NONE', #3502, #4268, #7905, .T. ) ;
#3286 = ORIENTED_EDGE ( 'NONE', *, *, #7290, .T. ) ;
#3287 = EDGE_CURVE ( 'NONE', #4563, #6454, #8686, .T. ) ;
#3288 = LINE ( 'NONE', #8080, #1192 ) ;
#3289 = AXIS2_PLACEMENT_3D ( 'NONE', #522, #6878, #3644 ) ;
#3290 = B_SPLINE_CURVE_WITH_KNOTS ( 'NONE', 3,
 ( #9706, #6459, #1723, #2547, #3239, #4022 ),
 .UNSPECIFIED., .F., .F.,
 ( 4, 2, 4 ),
 ( 0.000000000000000000, 0.5000000000000000000, 1.000000000000000000 ),
 .UNSPECIFIED. ) ;
#3291 = DIRECTION ( 'NONE',  ( 6.123638448986479919E-17, -1.000000000000000000, -9.958396954279598582E-17 ) ) ;
#3292 = CARTESIAN_POINT ( 'NONE',  ( -0.5314938663831122456, 0.000000000000000000, -0.05317156779685370399 ) ) ;
#3293 = VECTOR ( 'NONE', #7362, 39.37007874015748143 ) ;
#3294 = FACE_OUTER_BOUND ( 'NONE', #6172, .T. ) ;
#3295 = VECTOR ( 'NONE', #2191, 39.37007874015748143 ) ;
#3296 = ORIENTED_EDGE ( 'NONE', *, *, #7400, .T. ) ;
#3297 = EDGE_CURVE ( 'NONE', #8918, #5617, #6709, .T. ) ;
#3298 = ORIENTED_EDGE ( 'NONE', *, *, #4322, .T. ) ;
#3299 = LINE ( 'NONE', #5541, #9927 ) ;
#3300 = VECTOR ( 'NONE', #7922, 39.37007874015748143 ) ;
#3301 = CARTESIAN_POINT ( 'NONE',  ( -0.01377415978030067413, 0.4862204724409451839, -0.3169291337473613135 ) ) ;
#3302 = CARTESIAN_POINT ( 'NONE',  ( -0.03936812663661882344, 0.4842519685039369803, -0.04724409421258921049 ) ) ;
#3303 = CARTESIAN_POINT ( 'NONE',  ( -0.1279473881267603752, 0.007874015748028716927, -0.3405511809914474886 ) ) ;
#3304 = CARTESIAN_POINT ( 'NONE',  ( -0.03345122730298927261, 0.2201297255488997295, -0.01970781430357190084 ) ) ;
#3305 = DIRECTION ( 'NONE',  ( -1.000000000000000000, 1.105633362946382197E-14, -1.843992577158445299E-14 ) ) ;
#3306 = ORIENTED_EDGE ( 'NONE', *, *, #999, .T. ) ;
#3307 = ORIENTED_EDGE ( 'NONE', *, *, #1434, .F. ) ;
#3308 = DIRECTION ( 'NONE',  ( 1.000000000000000000, 0.000000000000000000, 0.000000000000000000 ) ) ;
#3309 = ORIENTED_EDGE ( 'NONE', *, *, #6395, .F. ) ;
#3310 = CARTESIAN_POINT ( 'NONE',  ( -0.4035379393078605825, 0.1543307086614156831, 0.01377952766996799576 ) ) ;
#3311 = LINE ( 'NONE', #2574, #2009 ) ;
#3312 = EDGE_CURVE ( 'NONE', #6771, #3259, #7073, .T. ) ;
#3313 = CARTESIAN_POINT ( 'NONE',  ( -0.4551685378474741861, 0.1555118110236194118, 0.01096626023947874784 ) ) ;
#3314 = FACE_OUTER_BOUND ( 'NONE', #6561, .T. ) ;
#3315 = CARTESIAN_POINT ( 'NONE',  ( -0.3877899078117976184, 0.02165354330708013295, -0.3543307085505046361 ) ) ;
#3316 = DIRECTION ( 'NONE',  ( 5.994938444065381097E-15, 1.000000000000000000, 2.477122744674905164E-19 ) ) ;
#3317 = VERTEX_POINT ( 'NONE', #1503 ) ;
#3318 = ORIENTED_EDGE ( 'NONE', *, *, #9900, .T. ) ;
#3319 = VECTOR ( 'NONE', #9697, 39.37007874015748143 ) ;
#3320 = VERTEX_POINT ( 'NONE', #6970 ) ;
#3321 = DIRECTION ( 'NONE',  ( 4.132023648018220161E-05, 0.000000000000000000, -0.9999999991463189852 ) ) ;
#3322 = FACE_OUTER_BOUND ( 'NONE', #10089, .T. ) ;
#3323 = EDGE_LOOP ( 'NONE', ( #5895, #146 ) ) ;
#3324 = DIRECTION ( 'NONE',  ( 1.000000000000000000, 4.879703635931580299E-31, -6.245969335281450904E-16 ) ) ;
#3325 = DIRECTION ( 'NONE',  ( -4.132023650062314628E-05, 5.097186442927820260E-21, 0.9999999991463189852 ) ) ;
#3326 = CARTESIAN_POINT ( 'NONE',  ( -0.4975276919558053734, 0.01968503937007875723, -0.3405511809914499310 ) ) ;
#3327 = DIRECTION ( 'NONE',  ( 1.578983857244669950E-15, 0.000000000000000000, -1.000000000000000000 ) ) ;
#3328 = VERTEX_POINT ( 'NONE', #5457 ) ;
#3329 = EDGE_CURVE ( 'NONE', #5591, #6843, #3998, .T. ) ;
#3330 = EDGE_CURVE ( 'NONE', #5401, #4742, #3843, .T. ) ;
#3331 = VERTEX_POINT ( 'NONE', #6380 ) ;
#3332 = EDGE_CURVE ( 'NONE', #3747, #2580, #10315, .T. ) ;
#3333 = LINE ( 'NONE', #6503, #189 ) ;
#3334 = EDGE_CURVE ( 'NONE', #4700, #9597, #7721, .T. ) ;
#3335 = DIRECTION ( 'NONE',  ( 1.000000000000000000, 0.000000000000000000, 0.000000000000000000 ) ) ;
#3336 = DIRECTION ( 'NONE',  ( -1.098777426433149983E-15, 2.220446049250329844E-16, 1.000000000000000000 ) ) ;
#3337 = DIRECTION ( 'NONE',  ( 0.000000000000000000, -7.452763270214839996E-16, 1.000000000000000000 ) ) ;
#3338 = EDGE_CURVE ( 'NONE', #2390, #6909, #9483, .T. ) ;
#3339 = VECTOR ( 'NONE', #6337, 39.37007874015748854 ) ;
#3340 = ORIENTED_EDGE ( 'NONE', *, *, #10087, .F. ) ;
#3341 = EDGE_LOOP ( 'NONE', ( #9628, #8296, #1728, #2610, #5552 ) ) ;
#3342 = DIRECTION ( 'NONE',  ( 2.150054361609390458E-14, 0.5142350736279881485, -0.8576492809131350814 ) ) ;
#3343 = VECTOR ( 'NONE', #5049, 39.37007874015748143 ) ;
#3344 = LINE ( 'NONE', #9621, #7197 ) ;
#3345 = CARTESIAN_POINT ( 'NONE',  ( -0.03937007870655141739, 0.4803149606216512435, -1.626689096470153121E-06 ) ) ;
#3346 = DIRECTION ( 'NONE',  ( -0.9999999991463190963, -1.836940359963920373E-16, -4.132023649231340748E-05 ) ) ;
#3347 = DIRECTION ( 'NONE',  ( -1.000000000000000000, 1.608082204351659665E-16, -1.578983857244669950E-15 ) ) ;
#3348 = CARTESIAN_POINT ( 'NONE',  ( -0.4665300652921126612, -0.1035381541744156558, 0.01041691224497222519 ) ) ;
#3349 = EDGE_CURVE ( 'NONE', #9045, #5318, #6175, .T. ) ;
#3350 = VERTEX_POINT ( 'NONE', #5503 ) ;
#3351 = CIRCLE ( 'NONE', #8186, 0.02362204724409449133 ) ;
#3352 = ORIENTED_EDGE ( 'NONE', *, *, #6509, .F. ) ;
#3353 = DIRECTION ( 'NONE',  ( -1.000000000000000000, 0.000000000000000000, 8.466415384531750179E-16 ) ) ;
#3354 = ORIENTED_EDGE ( 'NONE', *, *, #1052, .T. ) ;
#3355 = LINE ( 'NONE', #1012, #3878 ) ;
#3356 =( BOUNDED_CURVE ( )  B_SPLINE_CURVE ( 3, ( #8937, #4195, #9784, #5960 ),
 .UNSPECIFIED., .F., .F. ) 
 B_SPLINE_CURVE_WITH_KNOTS ( ( 4, 4 ),
 ( 4.666853728816138691, 4.712388980384691450 ),
 .UNSPECIFIED. ) 
 CURVE ( )  GEOMETRIC_REPRESENTATION_ITEM ( )  RATIONAL_B_SPLINE_CURVE ( ( 1.000000000000000000, 0.9998272192025325911, 0.9998272192025325911, 1.000000000000000000 ) ) 
 REPRESENTATION_ITEM ( '' )  );
#3357 = DIRECTION ( 'NONE',  ( -1.098777426433149983E-15, 2.220446049250329844E-16, 1.000000000000000000 ) ) ;
#3358 = DIRECTION ( 'NONE',  ( 4.078893220340669608E-32, -2.220446049250309876E-16, -1.000000000000000000 ) ) ;
#3359 = CARTESIAN_POINT ( 'NONE',  ( -0.4114119550558916760, 0.1240157480314867805, -0.3425196849284575795 ) ) ;
#3360 = CARTESIAN_POINT ( 'NONE',  ( -0.4271520147045647642, 0.09055118109409331095, 2.756013921016217094E-10 ) ) ;
#3361 = EDGE_CURVE ( 'NONE', #3149, #10272, #3896, .T. ) ;
#3362 = CARTESIAN_POINT ( 'NONE',  ( -0.5314959760867368210, 0.2027559055163418722, -0.002114173117433575458 ) ) ;
#3363 = ORIENTED_CLOSED_SHELL ( 'NONE', *, #7098, .F. );
#3364 = ORIENTED_EDGE ( 'NONE', *, *, #9061, .F. ) ;
#3365 = VECTOR ( 'NONE', #2631, 39.37007874015748143 ) ;
#3366 = AXIS2_PLACEMENT_3D ( 'NONE', #6806, #1745, #8739 ) ;
#3367 = ORIENTED_EDGE ( 'NONE', *, *, #4898, .F. ) ;
#3368 = EDGE_LOOP ( 'NONE', ( #3086, #2416, #3184, #6391, #3460 ) ) ;
#3369 = DIRECTION ( 'NONE',  ( 2.812918684041535140E-30, 9.958396954277208580E-17, -1.000000000000000000 ) ) ;
#3370 = ORIENTED_EDGE ( 'NONE', *, *, #1851, .F. ) ;
#3371 = DIRECTION ( 'NONE',  ( 1.000000000000000000, 0.000000000000000000, -8.131516293641262547E-16 ) ) ;
#3372 = VERTEX_POINT ( 'NONE', #4677 ) ;
#3373 = CARTESIAN_POINT ( 'NONE',  ( -0.1161363645047149701, 0.2480314960629948773, -0.3287401573694269108 ) ) ;
#3374 = AXIS2_PLACEMENT_3D ( 'NONE', #2424, #7995, #9675 ) ;
#3375 = VECTOR ( 'NONE', #1832, 39.37007874015748143 ) ;
#3376 = LINE ( 'NONE', #7235, #8436 ) ;
#3377 = DIRECTION ( 'NONE',  ( 1.578983857244669950E-15, 0.000000000000000000, -1.000000000000000000 ) ) ;
#3378 = CARTESIAN_POINT ( 'NONE',  ( -0.4075055539863698950, -0.1096117967702591317, 0.0002871963339947274161 ) ) ;
#3379 = ORIENTED_EDGE ( 'NONE', *, *, #3731, .F. ) ;
#3380 = ORIENTED_EDGE ( 'NONE', *, *, #7237, .T. ) ;
#3381 = VECTOR ( 'NONE', #117, 39.37007874015748143 ) ;
#3382 = LINE ( 'NONE', #7294, #9177 ) ;
#3383 = PLANE ( 'NONE',  #436 ) ;
#3384 = EDGE_CURVE ( 'NONE', #10154, #482, #9484, .T. ) ;
#3385 = DIRECTION ( 'NONE',  ( 0.000000000000000000, 0.8576492831063499134, -0.5142350699701100369 ) ) ;
#3386 = DIRECTION ( 'NONE',  ( 1.734723475976807726E-14, 0.000000000000000000, -1.000000000000000000 ) ) ;
#3387 = LINE ( 'NONE', #7447, #2463 ) ;
#3388 = AXIS2_PLACEMENT_3D ( 'NONE', #3671, #2004, #9203 ) ;
#3389 = ORIENTED_EDGE ( 'NONE', *, *, #675, .F. ) ;
#3390 = ADVANCED_FACE ( 'NONE', ( #7016 ), #1599, .F. ) ;
#3391 = ORIENTED_EDGE ( 'NONE', *, *, #562, .T. ) ;
#3392 = VECTOR ( 'NONE', #2168, 39.37007874015748854 ) ;
#3393 = EDGE_LOOP ( 'NONE', ( #6130, #1779, #8165, #1228, #5412, #8076, #5124, #7747, #5238, #9005, #836, #5614, #3421 ) ) ;
#3394 = LINE ( 'NONE', #4283, #3595 ) ;
#3395 = EDGE_CURVE ( 'NONE', #643, #8997, #2174, .T. ) ;
#3396 = ADVANCED_FACE ( 'NONE', ( #7751 ), #615, .T. ) ;
#3397 = CYLINDRICAL_SURFACE ( 'NONE', #4712, 0.01181102362204724046 ) ;
#3398 = LINE ( 'NONE', #7349, #8620 ) ;
#3399 = CARTESIAN_POINT ( 'NONE',  ( -0.3366144983073159902, 0.4074803149549243719, -0.01379343654301728311 ) ) ;
#3400 = DIRECTION ( 'NONE',  ( -1.000000000000000000, -2.086055281271199913E-27, -1.929231152724250301E-14 ) ) ;
#3401 = CARTESIAN_POINT ( 'NONE',  ( -0.4448825401001202384, 0.1653543307150613373, -0.005923894449357531081 ) ) ;
#3402 = ORIENTED_EDGE ( 'NONE', *, *, #8827, .F. ) ;
#3403 = AXIS2_PLACEMENT_3D ( 'NONE', #6816, #578, #6872 ) ;
#3404 = ORIENTED_EDGE ( 'NONE', *, *, #3274, .T. ) ;
#3405 = EDGE_CURVE ( 'NONE', #7579, #3913, #3062, .T. ) ;
#3406 = ORIENTED_EDGE ( 'NONE', *, *, #7876, .T. ) ;
#3407 = EDGE_CURVE ( 'NONE', #8513, #633, #7216, .T. ) ;
#3408 = DIRECTION ( 'NONE',  ( 8.431192517898690107E-32, 1.000000000000000000, 9.958396954279598582E-17 ) ) ;
#3409 = ORIENTED_EDGE ( 'NONE', *, *, #3532, .T. ) ;
#3410 = CARTESIAN_POINT ( 'NONE',  ( -0.5527505377330569347, 0.2480314960629948773, -0.3287401573694138657 ) ) ;
#3411 = DIRECTION ( 'NONE',  ( 1.000000000000000000, 0.000000000000000000, 0.000000000000000000 ) ) ;
#3412 = DIRECTION ( 'NONE',  ( 4.078893220340669608E-32, -2.220446049250309876E-16, -1.000000000000000000 ) ) ;
#3413 = CARTESIAN_POINT ( 'NONE',  ( -0.1496015814385949771, 0.01968503937007875723, -0.1161479139536627792 ) ) ;
#3414 = LINE ( 'NONE', #2577, #2397 ) ;
#3415 = CARTESIAN_POINT ( 'NONE',  ( -0.3169294589540417317, 0.4074803149549243719, -0.01379262315253539095 ) ) ;
#3416 = ORIENTED_EDGE ( 'NONE', *, *, #10161, .T. ) ;
#3417 = VERTEX_POINT ( 'NONE', #1693 ) ;
#3418 = ORIENTED_EDGE ( 'NONE', *, *, #3649, .T. ) ;
#3419 = EDGE_CURVE ( 'NONE', #10037, #2650, #1793, .T. ) ;
#3420 = LINE ( 'NONE', #99, #8213 ) ;
#3421 = ORIENTED_EDGE ( 'NONE', *, *, #4798, .F. ) ;
#3422 = CARTESIAN_POINT ( 'NONE',  ( -0.3956639235598288229, 0.1543307086614156831, 0.001968504047920685909 ) ) ;
#3423 = ORIENTED_EDGE ( 'NONE', *, *, #848, .T. ) ;
#3424 = VECTOR ( 'NONE', #266, 39.37007874015748854 ) ;
#3425 = DIRECTION ( 'NONE',  ( -0.9999999991463190963, -3.082923038283490841E-21, -4.132023647999851065E-05 ) ) ;
#3426 = DIRECTION ( 'NONE',  ( -0.9284766908852637446, 0.000000000000000000, -0.3713906763540927858 ) ) ;
#3427 = CARTESIAN_POINT ( 'NONE',  ( -0.4547190416700650495, 0.1318897637795195810, 0.02755905522902296276 ) ) ;
#3428 = DIRECTION ( 'NONE',  ( 1.000000000000000000, -2.982960006829620341E-15, -8.466415384531759054E-16 ) ) ;
#3429 = DIRECTION ( 'NONE',  ( 0.000000000000000000, -0.8576492805176875178, -0.5142350742875216874 ) ) ;
#3430 = EDGE_LOOP ( 'NONE', ( #4062, #1018 ) ) ;
#3431 = VECTOR ( 'NONE', #3480, 39.37007874015748143 ) ;
#3432 = VECTOR ( 'NONE', #6664, 39.37007874015748143 ) ;
#3433 = ORIENTED_EDGE ( 'NONE', *, *, #7107, .T. ) ;
#3434 = VERTEX_POINT ( 'NONE', #8980 ) ;
#3435 = LINE ( 'NONE', #360, #9690 ) ;
#3436 = DIRECTION ( 'NONE',  ( -1.000000000000000000, 5.238529448733259625E-32, 5.551115123125759899E-17 ) ) ;
#3437 = AXIS2_PLACEMENT_3D ( 'NONE', #5162, #2150, #6778 ) ;
#3438 = CARTESIAN_POINT ( 'NONE',  ( -0.4975276919558053734, 0.01968503937007875723, -0.3287401573694021528 ) ) ;
#3439 = VECTOR ( 'NONE', #5866, 39.37007874015748143 ) ;
#3440 = CARTESIAN_POINT ( 'NONE',  ( -0.4665300652921126612, -0.1082677165354328924, -0.3262529570661548139 ) ) ;
#3441 = CARTESIAN_POINT ( 'NONE',  ( -0.4448685501376358209, 0.1653543307003916552, -0.01574803122046423628 ) ) ;
#3442 = ORIENTED_EDGE ( 'NONE', *, *, #9900, .F. ) ;
#3443 = CIRCLE ( 'NONE', #3782, 0.02362204724409448092 ) ;
#3444 = VERTEX_POINT ( 'NONE', #8789 ) ;
#3445 = ORIENTED_EDGE ( 'NONE', *, *, #7100, .T. ) ;
#3446 = DIRECTION ( 'NONE',  ( -1.000000000000000000, 0.000000000000000000, -1.559456281198720078E-15 ) ) ;
#3447 = DIRECTION ( 'NONE',  ( 0.000000000000000000, 1.000000000000000000, -2.356961244533705420E-16 ) ) ;
#3448 = EDGE_CURVE ( 'NONE', #4919, #10301, #6429, .T. ) ;
#3449 = DIRECTION ( 'NONE',  ( 1.000000000000000000, -1.608082204351299748E-16, 0.000000000000000000 ) ) ;
#3450 = CARTESIAN_POINT ( 'NONE',  ( -0.4448822147439288610, 0.1653543307150614206, -0.01379791019066692499 ) ) ;
#3451 = VECTOR ( 'NONE', #2561, 39.37007874015748854 ) ;
#3452 = FACE_OUTER_BOUND ( 'NONE', #820, .T. ) ;
#3453 = FACE_OUTER_BOUND ( 'NONE', #5886, .T. ) ;
#3454 = ORIENTED_EDGE ( 'NONE', *, *, #7733, .T. ) ;
#3455 = EDGE_CURVE ( 'NONE', #9914, #5344, #4918, .T. ) ;
#3456 = EDGE_CURVE ( 'NONE', #9494, #8419, #5796, .T. ) ;
#3457 = ORIENTED_EDGE ( 'NONE', *, *, #4473, .F. ) ;
#3458 = AXIS2_PLACEMENT_3D ( 'NONE', #1484, #698, #9459 ) ;
#3459 = DIRECTION ( 'NONE',  ( 1.000000000000000000, 0.000000000000000000, 0.000000000000000000 ) ) ;
#3460 = ORIENTED_EDGE ( 'NONE', *, *, #7815, .F. ) ;
#3461 = DIRECTION ( 'NONE',  ( -1.000000000000000000, 9.634711363903441210E-15, -1.929231152724350329E-14 ) ) ;
#3462 = ADVANCED_FACE ( 'NONE', ( #2478 ), #7359, .F. ) ;
#3463 = LINE ( 'NONE', #6637, #4020 ) ;
#3464 = ADVANCED_FACE ( 'NONE', ( #8054 ), #4242, .F. ) ;
#3465 = DIRECTION ( 'NONE',  ( 1.000000000000000000, 6.123638448986479919E-17, -6.245969335281450904E-16 ) ) ;
#3466 = DIRECTION ( 'NONE',  ( -4.298990847548506380E-16, 1.000000000000000000, 0.000000000000000000 ) ) ;
#3467 = DIRECTION ( 'NONE',  ( -1.000000000000000000, 9.634711363903441210E-15, -1.929231152724350329E-14 ) ) ;
#3468 = CARTESIAN_POINT ( 'NONE',  ( -0.5511811018916714655, 0.02497537278566981309, -2.277493349287061455E-05 ) ) ;
#3469 = ORIENTED_EDGE ( 'NONE', *, *, #3859, .T. ) ;
#3470 = VECTOR ( 'NONE', #7306, 39.37007874015748854 ) ;
#3471 = ADVANCED_FACE ( 'NONE', ( #83 ), #8100, .T. ) ;
#3472 = ORIENTED_EDGE ( 'NONE', *, *, #975, .T. ) ;
#3473 = EDGE_LOOP ( 'NONE', ( #6652, #7002, #2417, #4175 ) ) ;
#3474 = CARTESIAN_POINT ( 'NONE',  ( -2.840271190764237682E-16, 0.3018906090828292754, -0.2114245097321215960 ) ) ;
#3475 = VERTEX_POINT ( 'NONE', #3258 ) ;
#3476 = DIRECTION ( 'NONE',  ( 0.9999999991463190963, -4.090247231947211102E-15, 4.132023649192669967E-05 ) ) ;
#3477 = EDGE_LOOP ( 'NONE', ( #5159, #4460 ) ) ;
#3478 = AXIS2_PLACEMENT_3D ( 'NONE', #1324, #2933, #3823 ) ;
#3479 = CARTESIAN_POINT ( 'NONE',  ( -0.5531442385204589085, 0.03149606299212852345, 0.007874015858944203791 ) ) ;
#3480 = DIRECTION ( 'NONE',  ( 1.460453498191029983E-15, -1.000000000000000000, 0.000000000000000000 ) ) ;
#3481 = LINE ( 'NONE', #1185, #5926 ) ;
#3482 = CARTESIAN_POINT ( 'NONE',  ( -0.4448685501376358209, 0.1200787401492105638, 2.755981239372299547E-10 ) ) ;
#3483 = CARTESIAN_POINT ( 'NONE',  ( -0.5531442385204589085, 0.4822834645669287768, -0.3202428644749966136 ) ) ;
#3484 = ORIENTED_EDGE ( 'NONE', *, *, #8769, .F. ) ;
#3485 = EDGE_CURVE ( 'NONE', #4645, #7209, #8834, .T. ) ;
#3486 = ORIENTED_EDGE ( 'NONE', *, *, #9981, .F. ) ;
#3487 = VERTEX_POINT ( 'NONE', #180 ) ;
#3488 = CARTESIAN_POINT ( 'NONE',  ( -0.5314960625374112180, 0.2421259842519683514, -2.196154301066040838E-05 ) ) ;
#3489 = DIRECTION ( 'NONE',  ( 1.000000000000000000, 0.000000000000000000, 1.929231152724370208E-14 ) ) ;
#3490 = LINE ( 'NONE', #5052, #6871 ) ;
#3491 = FACE_OUTER_BOUND ( 'NONE', #806, .T. ) ;
#3492 = DIRECTION ( 'NONE',  ( -1.098777426433149983E-15, 2.220446049250329844E-16, 1.000000000000000000 ) ) ;
#3493 = EDGE_CURVE ( 'NONE', #1937, #2527, #5908, .T. ) ;
#3494 = ORIENTED_EDGE ( 'NONE', *, *, #8930, .T. ) ;
#3495 = EDGE_LOOP ( 'NONE', ( #7886, #10299, #4253, #1706 ) ) ;
#3496 = CARTESIAN_POINT ( 'NONE',  ( 0.1456746591693080239, 0.2755905511811020947, -0.1299212597316068418 ) ) ;
#3497 = DIRECTION ( 'NONE',  ( -1.000000000000000000, -2.669637467189900051E-16, -5.551115123125779621E-17 ) ) ;
#3498 = DIRECTION ( 'NONE',  ( -1.956239355474899994E-14, 0.000000000000000000, 1.000000000000000000 ) ) ;
#3499 = DIRECTION ( 'NONE',  ( 1.000000000000000000, -9.634711363903441210E-15, 1.929231152724350329E-14 ) ) ;
#3500 = CARTESIAN_POINT ( 'NONE',  ( -0.4074749471818818747, -0.07086614189580381362, 0.01377952766995460890 ) ) ;
#3501 = FACE_OUTER_BOUND ( 'NONE', #4916, .T. ) ;
#3502 = VERTEX_POINT ( 'NONE', #4043 ) ;
#3503 = EDGE_LOOP ( 'NONE', ( #9630, #4053, #4527, #1758 ) ) ;
#3504 = FACE_OUTER_BOUND ( 'NONE', #4213, .T. ) ;
#3505 = ORIENTED_EDGE ( 'NONE', *, *, #2962, .F. ) ;
#3506 = CARTESIAN_POINT ( 'NONE',  ( -0.4507820337960491974, 0.1070866141732248061, -0.3287401573694028745 ) ) ;
#3507 = DIRECTION ( 'NONE',  ( -1.159153069243169994E-14, 0.5142350693104760229, 0.8576492835018578731 ) ) ;
#3508 = LINE ( 'NONE', #7470, #10285 ) ;
#3509 = CARTESIAN_POINT ( 'NONE',  ( 5.368377180409042315E-06, 0.2755905511811019282, -0.1299212597315823337 ) ) ;
#3510 = LINE ( 'NONE', #9786, #3068 ) ;
#3511 = ADVANCED_FACE ( 'NONE', ( #916 ), #4089, .T. ) ;
#3512 = CARTESIAN_POINT ( 'NONE',  ( 5.367778755658163867E-06, 0.01968503937007875723, 0.02755905522902296276 ) ) ;
#3513 = ORIENTED_EDGE ( 'NONE', *, *, #6084, .T. ) ;
#3514 = VECTOR ( 'NONE', #3353, 39.37007874015748143 ) ;
#3515 = VERTEX_POINT ( 'NONE', #1010 ) ;
#3516 = EDGE_CURVE ( 'NONE', #6330, #7634, #230, .T. ) ;
#3517 = EDGE_LOOP ( 'NONE', ( #276, #6828, #5280, #1984, #2818 ) ) ;
#3518 = CARTESIAN_POINT ( 'NONE',  ( -0.4114119550558916760, 0.1240157480314862393, -0.3425196849284575795 ) ) ;
#3519 = ORIENTED_EDGE ( 'NONE', *, *, #2395, .T. ) ;
#3520 = DIRECTION ( 'NONE',  ( -0.3713906763540202882, 3.932039878881027636E-13, -0.9284766908852926104 ) ) ;
#3521 = ORIENTED_EDGE ( 'NONE', *, *, #7344, .F. ) ;
#3522 = DIRECTION ( 'NONE',  ( 1.000000000000000000, 2.086055281271199913E-27, 1.929231152724250301E-14 ) ) ;
#3523 = CARTESIAN_POINT ( 'NONE',  ( 0.01181639140080453440, 0.4693058186810391552, -0.3478076603241551656 ) ) ;
#3524 = DIRECTION ( 'NONE',  ( -4.132023649128441152E-05, -7.221721796191270938E-17, 0.9999999991463190963 ) ) ;
#3525 = EDGE_CURVE ( 'NONE', #1504, #3095, #9680, .T. ) ;
#3526 = CARTESIAN_POINT ( 'NONE',  ( -0.5531442385204589085, 0.03148492744317251540, -0.3346547613131487520 ) ) ;
#3528 = VECTOR ( 'NONE', #3081, 39.37007874015748143 ) ;
#3527 = DIRECTION ( 'NONE',  ( 0.9999996298403813766, -0.0002426064928955201086, 0.0008255066261800507845 ) ) ;
#3529 = ORIENTED_EDGE ( 'NONE', *, *, #5467, .T. ) ;
#3530 = VECTOR ( 'NONE', #8480, 39.37007874015748143 ) ;
#3531 = ORIENTED_EDGE ( 'NONE', *, *, #9717, .T. ) ;
#3532 = EDGE_CURVE ( 'NONE', #6065, #4655, #1743, .T. ) ;
#3533 = VECTOR ( 'NONE', #725, 39.37007874015748143 ) ;
#3534 = VECTOR ( 'NONE', #9933, 39.37007874015748854 ) ;
#3535 = CARTESIAN_POINT ( 'NONE',  ( -0.5527505377330569347, 0.4862204724409451839, 0.01377952766996799576 ) ) ;
#3536 = ORIENTED_EDGE ( 'NONE', *, *, #4676, .T. ) ;
#3537 = CARTESIAN_POINT ( 'NONE',  ( -0.4783410889141597178, 0.01968503937007875723, -0.3287401573694028745 ) ) ;
#3538 = ADVANCED_FACE ( 'NONE', ( #9581 ), #6527, .F. ) ;
#3539 = PLANE ( 'NONE',  #2597 ) ;
#3540 = CARTESIAN_POINT ( 'NONE',  ( -0.5531442385204589085, 0.4862204724409451839, 0.01377952766996799576 ) ) ;
#3541 = DIRECTION ( 'NONE',  ( 1.000000000000000000, 6.123638448986479919E-17, -6.245969335281450904E-16 ) ) ;
#3542 = CIRCLE ( 'NONE', #214, 0.08405511769685078405 ) ;
#3543 = VECTOR ( 'NONE', #3190, 39.37007874015748143 ) ;
#3544 = ORIENTED_EDGE ( 'NONE', *, *, #4362, .F. ) ;
#3545 = VERTEX_POINT ( 'NONE', #4824 ) ;
#3546 = EDGE_CURVE ( 'NONE', #2712, #9018, #492, .T. ) ;
#3547 = AXIS2_PLACEMENT_3D ( 'NONE', #2742, #8478, #7691 ) ;
#3548 = EDGE_CURVE ( 'NONE', #7053, #8682, #2103, .T. ) ;
#3549 = VECTOR ( 'NONE', #5905, 39.37007874015748143 ) ;
#3550 = VECTOR ( 'NONE', #4524, 39.37007874015748854 ) ;
#3551 = ORIENTED_EDGE ( 'NONE', *, *, #9789, .F. ) ;
#3552 = CARTESIAN_POINT ( 'NONE',  ( 0.1456746591693079684, 0.3937007868976381553, -0.1299212597316068141 ) ) ;
#3553 = DIRECTION ( 'NONE',  ( 1.000000000000000000, -1.259585646868319844E-15, 0.000000000000000000 ) ) ;
#3554 = DIMENSIONAL_EXPONENTS ( 1.000000000000000000, 0.000000000000000000, 0.000000000000000000, 0.000000000000000000, 0.000000000000000000, 0.000000000000000000, 0.000000000000000000 ) ;
#3555 = CARTESIAN_POINT ( 'NONE',  ( -0.5157346918699158289, 0.4803149606216517986, 2.755994798080261856E-10 ) ) ;
#3556 = DIRECTION ( 'NONE',  ( 0.000000000000000000, 0.000000000000000000, 1.000000000000000000 ) ) ;
#3557 = CARTESIAN_POINT ( 'NONE',  ( -0.5137741597803013871, 0.01968503937007875723, 0.001968504047920685909 ) ) ;
#3558 = CARTESIAN_POINT ( 'NONE',  ( -0.03936788255224559635, 0.4645669291338582196, -0.05315123303480008554 ) ) ;
#3559 = VERTEX_POINT ( 'NONE', #9826 ) ;
#3560 = CIRCLE ( 'NONE', #8559, 0.007874015748031624323 ) ;
#3561 = VERTEX_POINT ( 'NONE', #4394 ) ;
#3562 = DIRECTION ( 'NONE',  ( 8.466415384531749193E-16, -9.958396954279598582E-17, 1.000000000000000000 ) ) ;
#3563 = EDGE_LOOP ( 'NONE', ( #7333, #2780, #5331, #1744, #2087, #6895 ) ) ;
#3564 = CARTESIAN_POINT ( 'NONE',  ( -0.03345122730298927261, 0.4803149606216496337, -0.04724409421258921049 ) ) ;
#3565 = CARTESIAN_POINT ( 'NONE',  ( -0.5531442385204589085, 0.2480314960629948773, 2.755989334384274202E-10 ) ) ;
#3566 = LINE ( 'NONE', #2628, #8934 ) ;
#3567 = VECTOR ( 'NONE', #2361, 39.37007874015748854 ) ;
#3568 = FACE_OUTER_BOUND ( 'NONE', #2519, .T. ) ;
#3569 = CARTESIAN_POINT ( 'NONE',  ( -0.05708124639447897247, -0.02604684405930297528, -0.3405511809914504862 ) ) ;
#3570 = FACE_OUTER_BOUND ( 'NONE', #7373, .T. ) ;
#3571 = ORIENTED_EDGE ( 'NONE', *, *, #9479, .T. ) ;
#3572 = ORIENTED_EDGE ( 'NONE', *, *, #7162, .F. ) ;
#3573 = ORIENTED_EDGE ( 'NONE', *, *, #2007, .F. ) ;
#3574 = LINE ( 'NONE', #4406, #5214 ) ;
#3575 = VERTEX_POINT ( 'NONE', #8257 ) ;
#3576 = CARTESIAN_POINT ( 'NONE',  ( -0.03935673911400978942, 0.2585301837187601315, 2.755989334384274202E-10 ) ) ;
#3577 = CARTESIAN_POINT ( 'NONE',  ( -0.5511677622877699800, 0.4842519685039369803, -0.3228574203271863396 ) ) ;
#3578 = CARTESIAN_POINT ( 'NONE',  ( -0.4665300652921126612, -0.07086614183904474396, -0.3405511809914336108 ) ) ;
#3579 = CARTESIAN_POINT ( 'NONE',  ( -0.4664994584876268058, -0.1096117967702547602, -0.3270588496554706626 ) ) ;
#3580 = DIRECTION ( 'NONE',  ( 2.932814061292065175E-31, 1.000000000000000000, -2.220446049250329844E-16 ) ) ;
#3581 = LINE ( 'NONE', #5148, #3635 ) ;
#3582 = EDGE_CURVE ( 'NONE', #5264, #7475, #4500, .T. ) ;
#3583 = VERTEX_POINT ( 'NONE', #6056 ) ;
#3584 = EDGE_LOOP ( 'NONE', ( #5468, #5434, #4562, #5913 ) ) ;
#3585 = EDGE_CURVE ( 'NONE', #1608, #10154, #8397, .T. ) ;
#3586 = EDGE_CURVE ( 'NONE', #158, #8139, #331, .T. ) ;
#3587 = CARTESIAN_POINT ( 'NONE',  ( -0.1476244556650251338, 0.2927188405899626145, -0.05708661389753051651 ) ) ;
#3588 = ORIENTED_EDGE ( 'NONE', *, *, #2265, .T. ) ;
#3589 = ORIENTED_EDGE ( 'NONE', *, *, #8636, .F. ) ;
#3590 = CARTESIAN_POINT ( 'NONE',  ( -0.3877899078117976184, 0.02165354330708013295, 0.01574803160697565291 ) ) ;
#3591 = CARTESIAN_POINT ( 'NONE',  ( -0.5452702227724276485, 0.02165354330708013295, 0.007874015858944203791 ) ) ;
#3592 = DIRECTION ( 'NONE',  ( 0.000000000000000000, -7.452763270214839996E-16, 1.000000000000000000 ) ) ;
#3593 = CARTESIAN_POINT ( 'NONE',  ( -0.5157346918699158289, 0.2834645669208611940, -0.01970781430357135613 ) ) ;
#3594 = ADVANCED_FACE ( 'NONE', ( #4340 ), #10036, .F. ) ;
#3595 = VECTOR ( 'NONE', #4179, 39.37007874015748143 ) ;
#3596 = AXIS2_PLACEMENT_3D ( 'NONE', #8504, #7723, #161 ) ;
#3597 = VERTEX_POINT ( 'NONE', #1218 ) ;
#3598 = ADVANCED_FACE ( 'NONE', ( #3504 ), #3664, .T. ) ;
#3599 = VERTEX_POINT ( 'NONE', #9195 ) ;
#3600 = VECTOR ( 'NONE', #9558, 39.37007874015748143 ) ;
#3601 = VECTOR ( 'NONE', #4987, 39.37007874015748143 ) ;
#3602 = ORIENTED_EDGE ( 'NONE', *, *, #340, .T. ) ;
#3603 = DIRECTION ( 'NONE',  ( 4.078893220340669608E-32, -2.220446049250309876E-16, -1.000000000000000000 ) ) ;
#3604 = LINE ( 'NONE', #7667, #9555 ) ;
#3605 = CARTESIAN_POINT ( 'NONE',  ( 0.01181639140080340163, 0.2755905511811020947, -0.2509842518575910453 ) ) ;
#3606 = LINE ( 'NONE', #4440, #1901 ) ;
#3607 = DIRECTION ( 'NONE',  ( 1.929231152724350329E-14, -2.220446049250560093E-16, -1.000000000000000000 ) ) ;
#3608 = DIRECTION ( 'NONE',  ( 4.132023647563090384E-05, 3.384826294588890461E-16, -0.9999999991463189852 ) ) ;
#3609 = VERTEX_POINT ( 'NONE', #8358 ) ;
#3610 = VECTOR ( 'NONE', #8593, 39.37007874015748143 ) ;
#3611 = EDGE_CURVE ( 'NONE', #6500, #4055, #4350, .T. ) ;
#3612 = ORIENTED_EDGE ( 'NONE', *, *, #8748, .F. ) ;
#3613 = CARTESIAN_POINT ( 'NONE',  ( -0.4665300652921126612, 0.1766903569713492161, 0.001968504047920685909 ) ) ;
#3614 = VERTEX_POINT ( 'NONE', #4447 ) ;
#3615 = DIRECTION ( 'NONE',  ( -1.000000000000000000, -4.828410956175699721E-14, 5.551115123130319885E-17 ) ) ;
#3616 = AXIS2_PLACEMENT_3D ( 'NONE', #1641, #906, #4817 ) ;
#3617 = DIRECTION ( 'NONE',  ( 0.000000000000000000, -0.3162277660168301141, 0.9486832980505163215 ) ) ;
#3618 = VECTOR ( 'NONE', #6094, 39.37007874015748143 ) ;
#3619 = DIRECTION ( 'NONE',  ( -8.431192517898690107E-32, -1.000000000000000000, -9.958396954279598582E-17 ) ) ;
#3620 = CARTESIAN_POINT ( 'NONE',  ( -0.5531442385204589085, 0.4862204724409451839, 0.01377952766996799576 ) ) ;
#3621 = DIRECTION ( 'NONE',  ( 1.320806235146370919E-15, -4.397721761243334397E-15, -1.000000000000000000 ) ) ;
#3622 = DIRECTION ( 'NONE',  ( -2.982960006829620341E-15, -1.000000000000000000, 0.000000000000000000 ) ) ;
#3623 = ORIENTED_EDGE ( 'NONE', *, *, #6573, .F. ) ;
#3624 = VERTEX_POINT ( 'NONE', #7569 ) ;
#3625 = AXIS2_PLACEMENT_3D ( 'NONE', #5831, #3492, #1726 ) ;
#3626 = ORIENTED_EDGE ( 'NONE', *, *, #9097, .T. ) ;
#3627 = EDGE_LOOP ( 'NONE', ( #2144, #9887, #6524 ) ) ;
#3628 = EDGE_CURVE ( 'NONE', #10008, #5465, #8514, .T. ) ;
#3629 = CARTESIAN_POINT ( 'NONE',  ( -2.801839640950032143E-16, 0.3595526524910128696, -0.1467885638890552569 ) ) ;
#3630 = ORIENTED_EDGE ( 'NONE', *, *, #8622, .T. ) ;
#3631 = LINE ( 'NONE', #7809, #44 ) ;
#3632 = DIRECTION ( 'NONE',  ( -4.078893220340669608E-32, 2.220446049250309876E-16, 1.000000000000000000 ) ) ;
#3633 = CARTESIAN_POINT ( 'NONE',  ( -0.003931640095259656201, 0.4704724409448823308, -0.3425196849284575795 ) ) ;
#3634 = FACE_OUTER_BOUND ( 'NONE', #2330, .T. ) ;
#3635 = VECTOR ( 'NONE', #1142, 39.37007874015748143 ) ;
#3636 = LINE ( 'NONE', #3482, #7545 ) ;
#3637 = CARTESIAN_POINT ( 'NONE',  ( -0.3523684603070162957, 0.01968503937007875723, -0.05711068789771941295 ) ) ;
#3638 = ORIENTED_EDGE ( 'NONE', *, *, #8373, .T. ) ;
#3639 = VERTEX_POINT ( 'NONE', #6790 ) ;
#3640 = FACE_OUTER_BOUND ( 'NONE', #3341, .T. ) ;
#3641 = VERTEX_POINT ( 'NONE', #547 ) ;
#3642 = DIRECTION ( 'NONE',  ( 1.320820481978657157E-15, 0.000000000000000000, -1.000000000000000000 ) ) ;
#3643 = DIRECTION ( 'NONE',  ( 0.000000000000000000, 0.000000000000000000, 1.000000000000000000 ) ) ;
#3644 = DIRECTION ( 'NONE',  ( 0.000000000000000000, 1.000000000000000000, -2.220446041624741809E-16 ) ) ;
#3645 = CARTESIAN_POINT ( 'NONE',  ( -0.1161363645047149701, -0.07086614183904474396, -0.3405511809914336108 ) ) ;
#3646 = EDGE_CURVE ( 'NONE', #3188, #760, #2779, .T. ) ;
#3647 = EDGE_CURVE ( 'NONE', #5465, #2680, #6634, .T. ) ;
#3648 = ORIENTED_EDGE ( 'NONE', *, *, #9551, .T. ) ;
#3649 = EDGE_CURVE ( 'NONE', #122, #9418, #5845, .T. ) ;
#3650 = ORIENTED_EDGE ( 'NONE', *, *, #2506, .F. ) ;
#3651 = EDGE_CURVE ( 'NONE', #4853, #4873, #5680, .T. ) ;
#3652 = EDGE_LOOP ( 'NONE', ( #1161, #6364, #1205, #7528 ) ) ;
#3653 = ORIENTED_EDGE ( 'NONE', *, *, #3334, .F. ) ;
#3654 = CARTESIAN_POINT ( 'NONE',  ( -0.5157346918699158289, 0.4803149606216496337, -0.04724409421258921049 ) ) ;
#3655 = CARTESIAN_POINT ( 'NONE',  ( -0.5527505377330569347, 0.2480314960629948773, 0.009696850504613734392 ) ) ;
#3656 = FACE_OUTER_BOUND ( 'NONE', #4914, .T. ) ;
#3657 = FACE_OUTER_BOUND ( 'NONE', #7121, .T. ) ;
#3658 = EDGE_CURVE ( 'NONE', #9942, #6069, #7624, .T. ) ;
#3659 = PRODUCT_CONTEXT ( 'NONE', #6539, 'mechanical' ) ;
#3660 = DIRECTION ( 'NONE',  ( -1.000000000000000000, 1.259585646868319844E-15, -1.320822031358179910E-15 ) ) ;
#3661 = ORIENTED_EDGE ( 'NONE', *, *, #9815, .T. ) ;
#3662 = ORIENTED_EDGE ( 'NONE', *, *, #5940, .T. ) ;
#3663 = EDGE_CURVE ( 'NONE', #2594, #8751, #1165, .T. ) ;
#3664 = PLANE ( 'NONE',  #1531 ) ;
#3665 = ORIENTED_EDGE ( 'NONE', *, *, #9863, .T. ) ;
#3666 = DIRECTION ( 'NONE',  ( -1.956239355474899994E-14, 0.000000000000000000, 1.000000000000000000 ) ) ;
#3667 = PLANE ( 'NONE',  #8864 ) ;
#3668 = EDGE_CURVE ( 'NONE', #9209, #1637, #439, .T. ) ;
#3669 = CARTESIAN_POINT ( 'NONE',  ( -0.05510997628355818884, 0.02755905511742041611, -0.1968526710260860568 ) ) ;
#3670 = CYLINDRICAL_SURFACE ( 'NONE', #1789, 0.01181102362204724046 ) ;
#3671 = CARTESIAN_POINT ( 'NONE',  ( -0.3503833704376210778, 0.09251968504941254778, -0.2500144781371633762 ) ) ;
#3672 = FACE_OUTER_BOUND ( 'NONE', #8017, .T. ) ;
#3673 = ORIENTED_EDGE ( 'NONE', *, *, #175, .F. ) ;
#3674 = EDGE_LOOP ( 'NONE', ( #9485, #9918, #8398, #2487, #2161, #3772 ) ) ;
#3675 = VERTEX_POINT ( 'NONE', #4612 ) ;
#3676 = EDGE_LOOP ( 'NONE', ( #4664, #6104, #4977, #1488, #5153 ) ) ;
#3677 = DIRECTION ( 'NONE',  ( -1.000000000000000000, 1.233581139564489825E-16, 0.000000000000000000 ) ) ;
#3678 = VERTEX_POINT ( 'NONE', #2159 ) ;
#3679 = FACE_BOUND ( 'NONE', #5797, .T. ) ;
#3680 = ADVANCED_FACE ( 'NONE', ( #112 ), #10145, .F. ) ;
#3681 = LINE ( 'NONE', #9950, #4166 ) ;
#3682 = DIRECTION ( 'NONE',  ( 1.159153067844610328E-14, -0.5142350699701101480, -0.8576492831063500244 ) ) ;
#3683 = FACE_OUTER_BOUND ( 'NONE', #2173, .T. ) ;
#3684 = CIRCLE ( 'NONE', #2516, 0.08405511769685078405 ) ;
#3685 = DIRECTION ( 'NONE',  ( 1.098777426433149983E-15, -2.220446049250329844E-16, -1.000000000000000000 ) ) ;
#3686 = CARTESIAN_POINT ( 'NONE',  ( -0.5413332148984189018, 0.01968503937008121707, 0.001968504047920685909 ) ) ;
#3687 = CARTESIAN_POINT ( 'NONE',  ( -0.3521982252995886076, 0.06492174763989645714, -0.2500349119059154801 ) ) ;
#3688 = ORIENTED_EDGE ( 'NONE', *, *, #2714, .T. ) ;
#3689 = EDGE_LOOP ( 'NONE', ( #3623, #4726, #7502, #666 ) ) ;
#3690 = VECTOR ( 'NONE', #10225, 39.37007874015748143 ) ;
#3691 = CARTESIAN_POINT ( 'NONE',  ( -0.3582629985728645883, 0.02755905513139873461, -0.1161565358927705849 ) ) ;
#3692 = CARTESIAN_POINT ( 'NONE',  ( -0.003931640095258836544, 0.01968503937007875723, -0.3543307085505035259 ) ) ;
#3693 = VERTEX_POINT ( 'NONE', #8859 ) ;
#3694 = DIRECTION ( 'NONE',  ( 0.8094901083381372819, 0.5871335150565931693, 1.391996226770678842E-16 ) ) ;
#3695 = AXIS2_PLACEMENT_3D ( 'NONE', #2227, #1453, #1398 ) ;
#3696 = CARTESIAN_POINT ( 'NONE',  ( -0.5531442385204589085, 0.4980314960629916299, -0.01022864639047606217 ) ) ;
#3697 = CYLINDRICAL_SURFACE ( 'NONE', #636, 0.01181102362204740353 ) ;
#3698 = LINE ( 'NONE', #7713, #1639 ) ;
#3699 = ORIENTED_EDGE ( 'NONE', *, *, #9467, .T. ) ;
#3700 = AXIS2_PLACEMENT_3D ( 'NONE', #4569, #8681, #2273 ) ;
#3701 = ORIENTED_EDGE ( 'NONE', *, *, #8956, .T. ) ;
#3702 = VERTEX_POINT ( 'NONE', #4021 ) ;
#3703 = EDGE_CURVE ( 'NONE', #7053, #10028, #3288, .T. ) ;
#3704 = ORIENTED_EDGE ( 'NONE', *, *, #3788, .T. ) ;
#3705 = DIRECTION ( 'NONE',  ( 0.000000000000000000, -1.000000000000000000, 3.906641262108729963E-13 ) ) ;
#3706 = DIRECTION ( 'NONE',  ( 1.000000000000000000, 6.123638448986479919E-17, -6.245969335281450904E-16 ) ) ;
#3707 = CIRCLE ( 'NONE', #5200, 0.01968503937007882662 ) ;
#3708 = CYLINDRICAL_SURFACE ( 'NONE', #3969, 0.02952755905511810289 ) ;
#3709 = VECTOR ( 'NONE', #9184, 39.37007874015748143 ) ;
#3710 = DIRECTION ( 'NONE',  ( 2.669666355814922914E-16, -1.000000000000000000, 0.000000000000000000 ) ) ;
#3711 = CARTESIAN_POINT ( 'NONE',  ( -0.05510997628355818884, 0.01377952755905360177, -0.1968526710260860568 ) ) ;
#3712 = EDGE_LOOP ( 'NONE', ( #8298, #2155, #6213, #6580, #1912, #1391 ) ) ;
#3713 = ADVANCED_FACE ( 'NONE', ( #5675 ), #2266, .F. ) ;
#3714 = ORIENTED_EDGE ( 'NONE', *, *, #5874, .T. ) ;
#3715 = VECTOR ( 'NONE', #9428, 39.37007874015748143 ) ;
#3716 = VECTOR ( 'NONE', #1407, 39.37007874015748854 ) ;
#3717 = VECTOR ( 'NONE', #6194, 39.37007874015748143 ) ;
#3718 = EDGE_CURVE ( 'NONE', #310, #3179, #3684, .T. ) ;
#3719 = ADVANCED_FACE ( 'NONE', ( #8762 ), #9416, .F. ) ;
#3720 = LINE ( 'NONE', #1627, #863 ) ;
#3721 = ORIENTED_EDGE ( 'NONE', *, *, #5722, .T. ) ;
#3722 = ORIENTED_EDGE ( 'NONE', *, *, #4111, .T. ) ;
#3723 = LINE ( 'NONE', #2887, #2100 ) ;
#3724 = CARTESIAN_POINT ( 'NONE',  ( 5.367778756867358457E-06, 0.4823497078636405089, -0.1299067771285908335 ) ) ;
#3725 = FACE_OUTER_BOUND ( 'NONE', #7025, .T. ) ;
#3726 = CARTESIAN_POINT ( 'NONE',  ( -0.2795253626741990294, 0.2421259842519683514, -0.05316115639868240067 ) ) ;
#3727 = DIRECTION ( 'NONE',  ( -1.098777426433149983E-15, 2.220446049250329844E-16, 1.000000000000000000 ) ) ;
#3728 = DIRECTION ( 'NONE',  ( 4.132023647999849710E-05, 0.000000000000000000, -0.9999999991463189852 ) ) ;
#3729 = VECTOR ( 'NONE', #2380, 39.37007874015748854 ) ;
#3730 = ORIENTED_EDGE ( 'NONE', *, *, #1242, .F. ) ;
#3731 = EDGE_CURVE ( 'NONE', #5870, #8658, #3720, .T. ) ;
#3732 = VECTOR ( 'NONE', #7115, 39.37007874015748143 ) ;
#3733 = ORIENTED_EDGE ( 'NONE', *, *, #3922, .F. ) ;
#3735 = VERTEX_POINT ( 'NONE', #8812 ) ;
#3734 = EDGE_CURVE ( 'NONE', #2037, #3173, #4901, .T. ) ;
#3736 = ORIENTED_EDGE ( 'NONE', *, *, #10193, .T. ) ;
#3737 = AXIS2_PLACEMENT_3D ( 'NONE', #4528, #1354, #8438 ) ;
#3738 = CARTESIAN_POINT ( 'NONE',  ( -2.804055133465536797E-16, 0.3562285652185189777, -0.1588657946023043777 ) ) ;
#3739 = ORIENTED_EDGE ( 'NONE', *, *, #8562, .F. ) ;
#3740 = CARTESIAN_POINT ( 'NONE',  ( -0.4664142756647708943, -0.1114812042603220005, -0.3281797214647583227 ) ) ;
#3741 = FACE_OUTER_BOUND ( 'NONE', #5620, .T. ) ;
#3742 = PLANE ( 'NONE',  #4779 ) ;
#3743 = CARTESIAN_POINT ( 'NONE',  ( -0.1161363645047174403, -0.1096117967702594093, -0.3270588496554712177 ) ) ;
#3744 = DIRECTION ( 'NONE',  ( 1.000000000000000000, 0.000000000000000000, 0.000000000000000000 ) ) ;
#3745 = DIRECTION ( 'NONE',  ( 2.220446049248259824E-16, -2.220446049250319983E-16, -1.000000000000000000 ) ) ;
#3746 = DIRECTION ( 'NONE',  ( -1.929231152724370208E-14, -1.421085471520169922E-14, 1.000000000000000000 ) ) ;
#3747 = VERTEX_POINT ( 'NONE', #6898 ) ;
#3748 = VECTOR ( 'NONE', #4205, 39.37007874015748143 ) ;
#3750 = ORIENTED_EDGE ( 'NONE', *, *, #4234, .T. ) ;
#3749 = ADVANCED_FACE ( 'NONE', ( #7978 ), #843, .F. ) ;
#3751 = LINE ( 'NONE', #2027, #8067 ) ;
#3752 = CARTESIAN_POINT ( 'NONE',  ( -0.4960607955489905185, 0.01377952755905360177, -0.05317010369398561531 ) ) ;
#3753 = ORIENTED_EDGE ( 'NONE', *, *, #1252, .T. ) ;
#3754 = DIRECTION ( 'NONE',  ( 8.273561048187222871E-28, -2.323290369603525277E-16, -1.000000000000000000 ) ) ;
#3755 = ADVANCED_FACE ( 'NONE', ( #5332 ), #2939, .T. ) ;
#3756 = CARTESIAN_POINT ( 'NONE',  ( 0.07284001377324608728, 0.2755905511811020947, -0.1299212597316068418 ) ) ;
#3757 = DIRECTION ( 'NONE',  ( 1.156482317317871291E-14, 1.000000000000000000, 0.000000000000000000 ) ) ;
#3758 = DIRECTION ( 'NONE',  ( -1.000000000000000000, -4.828410956175700353E-14, 5.551115123130319885E-17 ) ) ;
#3759 = ORIENTED_EDGE ( 'NONE', *, *, #7671, .F. ) ;
#3760 = ORIENTED_EDGE ( 'NONE', *, *, #4994, .F. ) ;
#3761 = VERTEX_POINT ( 'NONE', #9610 ) ;
#3762 = ORIENTED_EDGE ( 'NONE', *, *, #1100, .T. ) ;
#3763 = DIRECTION ( 'NONE',  ( 1.000000000000000000, 0.000000000000000000, 0.000000000000000000 ) ) ;
#3764 = AXIS2_PLACEMENT_3D ( 'NONE', #5129, #2781, #2730 ) ;
#3765 = CARTESIAN_POINT ( 'NONE',  ( -0.4507820337960491974, 0.1543307086614156831, -0.3287401573694028745 ) ) ;
#3766 = AXIS2_PLACEMENT_3D ( 'NONE', #4424, #7550, #3489 ) ;
#3767 = CARTESIAN_POINT ( 'NONE',  ( -0.3956639235598288229, 0.4685861009001065502, 0.01377952766996799576 ) ) ;
#3768 = CARTESIAN_POINT ( 'NONE',  ( 0.01181639140080324030, 0.4895731408084721403, 0.005321172415452327803 ) ) ;
#3769 = ORIENTED_EDGE ( 'NONE', *, *, #8733, .T. ) ;
#3770 = VECTOR ( 'NONE', #9919, 39.37007874015748854 ) ;
#3771 = CIRCLE ( 'NONE', #620, 0.01181102362204740353 ) ;
#3772 = ORIENTED_EDGE ( 'NONE', *, *, #2010, .F. ) ;
#3773 = EDGE_CURVE ( 'NONE', #2686, #8761, #1381, .T. ) ;
#3774 = LINE ( 'NONE', #7789, #1362 ) ;
#3775 = ORIENTED_EDGE ( 'NONE', *, *, #6563, .F. ) ;
#3776 = ORIENTED_EDGE ( 'NONE', *, *, #2556, .F. ) ;
#3777 = CARTESIAN_POINT ( 'NONE',  ( -0.05708124639447888921, -0.1106761335620595060, -0.3401528926587453761 ) ) ;
#3778 = CYLINDRICAL_SURFACE ( 'NONE', #3207, 0.1181102357165354499 ) ;
#3779 = FACE_BOUND ( 'NONE', #6357, .T. ) ;
#3780 = DIRECTION ( 'NONE',  ( 0.000000000000000000, 0.000000000000000000, 1.000000000000000000 ) ) ;
#3781 = DIRECTION ( 'NONE',  ( 1.000000000000000000, 2.947193223346190172E-16, -5.551115123125779621E-17 ) ) ;
#3782 = AXIS2_PLACEMENT_3D ( 'NONE', #9637, #827, #6384 ) ;
#3783 = CARTESIAN_POINT ( 'NONE',  ( 5.367778755658163867E-06, 0.01968503937007875723, -0.3543307085505043585 ) ) ;
#3784 = VECTOR ( 'NONE', #3836, 39.37007874015748143 ) ;
#3785 = ORIENTED_EDGE ( 'NONE', *, *, #1837, .T. ) ;
#3786 = ADVANCED_FACE ( 'NONE', ( #1435 ), #2499, .F. ) ;
#3787 = ORIENTED_EDGE ( 'NONE', *, *, #7537, .F. ) ;
#3788 = EDGE_CURVE ( 'NONE', #6086, #6837, #5598, .T. ) ;
#3789 = ORIENTED_EDGE ( 'NONE', *, *, #1934, .T. ) ;
#3790 = VECTOR ( 'NONE', #4135, 39.37007874015748143 ) ;
#3791 = EDGE_CURVE ( 'NONE', #10085, #9153, #3774, .T. ) ;
#3792 = VECTOR ( 'NONE', #258, 39.37007874015748143 ) ;
#3793 = EDGE_CURVE ( 'NONE', #3179, #310, #3866, .T. ) ;
#3794 = CARTESIAN_POINT ( 'NONE',  ( -0.4448796932334350140, 0.1653543307150614206, -0.07482153218581670540 ) ) ;
#3795 = ORIENTED_EDGE ( 'NONE', *, *, #5565, .T. ) ;
#3796 = DIRECTION ( 'NONE',  ( -2.669637467189900051E-16, 1.000000000000000000, 0.000000000000000000 ) ) ;
#3797 = DIRECTION ( 'NONE',  ( 0.000000000000000000, -1.000000000000000000, 2.220446049250309876E-16 ) ) ;
#3798 = CARTESIAN_POINT ( 'NONE',  ( -0.4468450259220339005, 0.1318897637795195810, 0.01574803160697565291 ) ) ;
#3799 = CARTESIAN_POINT ( 'NONE',  ( 5.367778755658163867E-06, 0.4771046188544103006, -0.3228346455583919195 ) ) ;
#3800 = DIRECTION ( 'NONE',  ( 0.8094901083381379481, -0.5871335150565922811, 2.111027406656869490E-16 ) ) ;
#3801 = CARTESIAN_POINT ( 'NONE',  ( -0.1476244556650246065, 0.01968503937007875723, -0.05708661389753079407 ) ) ;
#3802 = EDGE_CURVE ( 'NONE', #5929, #8001, #7494, .T. ) ;
#3803 = ORIENTED_EDGE ( 'NONE', *, *, #6502, .F. ) ;
#3804 = AXIS2_PLACEMENT_3D ( 'NONE', #5260, #9292, #8447 ) ;
#3805 = ORIENTED_EDGE ( 'NONE', *, *, #2947, .F. ) ;
#3806 = DIRECTION ( 'NONE',  ( 2.982960006829620341E-15, 1.000000000000000000, 9.958396954279348366E-17 ) ) ;
#3807 = DIRECTION ( 'NONE',  ( 0.9999999991463189852, 1.839859384064334738E-16, 4.132023649224605142E-05 ) ) ;
#3808 = VERTEX_POINT ( 'NONE', #5877 ) ;
#3809 = VECTOR ( 'NONE', #8710, 39.37007874015748143 ) ;
#3810 = CARTESIAN_POINT ( 'NONE',  ( -0.1476244556650207762, 0.01968503937007875723, -0.01970781430357135613 ) ) ;
#3811 = DIRECTION ( 'NONE',  ( 1.000000000000000000, -2.509709826253690432E-15, 7.829672019396359999E-16 ) ) ;
#3812 = DIRECTION ( 'NONE',  ( -1.000000000000000000, 1.437166293563760232E-14, 0.000000000000000000 ) ) ;
#3813 = EDGE_CURVE ( 'NONE', #6661, #4088, #2705, .T. ) ;
#3814 = CARTESIAN_POINT ( 'NONE',  ( -0.2657480312607967687, 0.2421259842519683514, -0.01970781430357135613 ) ) ;
#3815 = ORIENTED_EDGE ( 'NONE', *, *, #4130, .T. ) ;
#3816 = VECTOR ( 'NONE', #3400, 39.37007874015748143 ) ;
#3817 = ORIENTED_EDGE ( 'NONE', *, *, #9431, .F. ) ;
#3818 = VERTEX_POINT ( 'NONE', #4995 ) ;
#3819 = CYLINDRICAL_SURFACE ( 'NONE', #6259, 0.03149606299212598381 ) ;
#3820 = CARTESIAN_POINT ( 'NONE',  ( -0.1161363645047157889, -0.08706252217157894879, -0.3135386052364666498 ) ) ;
#3821 = DIRECTION ( 'NONE',  ( 1.000000000000000000, 0.000000000000000000, -8.466415384531750179E-16 ) ) ;
#3822 = LINE ( 'NONE', #7885, #7072 ) ;
#3823 = DIRECTION ( 'NONE',  ( 2.891205805630489746E-16, -1.000000000000000000, 0.000000000000000000 ) ) ;
#3824 = PLANE ( 'NONE',  #218 ) ;
#3825 = ORIENTED_EDGE ( 'NONE', *, *, #2962, .T. ) ;
#3826 = ORIENTED_EDGE ( 'NONE', *, *, #8786, .T. ) ;
#3827 = EDGE_CURVE ( 'NONE', #9556, #5344, #9808, .T. ) ;
#3828 = CIRCLE ( 'NONE', #8149, 0.1141732283464567260 ) ;
#3829 = ORIENTED_EDGE ( 'NONE', *, *, #8692, .F. ) ;
#3830 = CARTESIAN_POINT ( 'NONE',  ( -2.731847993664263218E-16, 0.2755905511811020947, -0.1299212597316068418 ) ) ;
#3831 = ORIENTED_EDGE ( 'NONE', *, *, #7337, .T. ) ;
#3832 = ORIENTED_EDGE ( 'NONE', *, *, #5068, .F. ) ;
#3833 = CARTESIAN_POINT ( 'NONE',  ( -0.3169157942321225163, 0.4527559055035352831, -0.01574803122046369158 ) ) ;
#3834 = LINE ( 'NONE', #708, #3375 ) ;
#3835 = FACE_BOUND ( 'NONE', #5900, .T. ) ;
#3836 = DIRECTION ( 'NONE',  ( 1.000000000000000000, -1.447273983916409882E-16, -4.824246613056129008E-17 ) ) ;
#3837 = VECTOR ( 'NONE', #4465, 39.37007874015748854 ) ;
#3838 = DIRECTION ( 'NONE',  ( 4.857225732735061127E-14, -1.000000000000000000, 0.000000000000000000 ) ) ;
#3839 = LINE ( 'NONE', #3057, #4711 ) ;
#3840 = ORIENTED_EDGE ( 'NONE', *, *, #4617, .F. ) ;
#3841 = EDGE_LOOP ( 'NONE', ( #1339, #452, #8994, #101, #9984 ) ) ;
#3842 = VERTEX_POINT ( 'NONE', #2652 ) ;
#3843 = LINE ( 'NONE', #7168, #3729 ) ;
#3844 = EDGE_LOOP ( 'NONE', ( #7345, #3416, #7326, #548, #3298, #8989, #3454, #9311, #6991, #4241, #1234, #94, #8418, #9837, #5952, #2474, #6745, #6298 ) ) ;
#3845 = CARTESIAN_POINT ( 'NONE',  ( -0.5531442385204589085, 0.03149606299212852345, -0.3246574802040486096 ) ) ;
#3846 = ADVANCED_FACE ( 'NONE', ( #1040 ), #5826, .T. ) ;
#3847 = FACE_OUTER_BOUND ( 'NONE', #8639, .T. ) ;
#3848 = DIRECTION ( 'NONE',  ( 8.466415384531749193E-16, -9.958396954279598582E-17, 1.000000000000000000 ) ) ;
#3849 = LINE ( 'NONE', #6862, #4781 ) ;
#3850 = DIRECTION ( 'NONE',  ( 0.000000000000000000, 0.000000000000000000, -1.000000000000000000 ) ) ;
#3851 = DIRECTION ( 'NONE',  ( -1.000000000000000000, 0.000000000000000000, 6.245969335281450904E-16 ) ) ;
#3852 = ORIENTED_EDGE ( 'NONE', *, *, #9467, .F. ) ;
#3853 = EDGE_CURVE ( 'NONE', #4919, #1803, #8289, .T. ) ;
#3854 = ORIENTED_EDGE ( 'NONE', *, *, #9526, .T. ) ;
#3855 = DIRECTION ( 'NONE',  ( -2.982960006829620341E-15, -1.000000000000000000, -9.958396954279338505E-17 ) ) ;
#3856 = CARTESIAN_POINT ( 'NONE',  ( 5.367778756477718219E-06, 0.4980314960629916299, -0.009842519574121433648 ) ) ;
#3857 = VECTOR ( 'NONE', #9908, 39.37007874015748143 ) ;
#3858 = EDGE_LOOP ( 'NONE', ( #8947, #4984, #8451, #6924, #2813, #9234 ) ) ;
#3859 = EDGE_CURVE ( 'NONE', #3444, #6164, #4170, .T. ) ;
#3860 = PLANE ( 'NONE',  #4001 ) ;
#3861 = CARTESIAN_POINT ( 'NONE',  ( -0.5413332148984112413, 0.03149606299212852345, -0.3364685038260956662 ) ) ;
#3862 = CARTESIAN_POINT ( 'NONE',  ( -0.1161363645047149701, -0.03212048659237076720, -0.3270588496959782043 ) ) ;
#3863 = CARTESIAN_POINT ( 'NONE',  ( -0.4035379393078605825, 0.1070866141732248061, 0.001968504047920685909 ) ) ;
#3864 = ORIENTED_EDGE ( 'NONE', *, *, #305, .T. ) ;
#3865 = EDGE_CURVE ( 'NONE', #7914, #3932, #4120, .T. ) ;
#3866 = CIRCLE ( 'NONE', #8341, 0.08405511769685078405 ) ;
#3867 = ORIENTED_EDGE ( 'NONE', *, *, #7027, .F. ) ;
#3868 = EDGE_CURVE ( 'NONE', #1576, #7262, #1146, .T. ) ;
#3869 = ORIENTED_EDGE ( 'NONE', *, *, #8511, .F. ) ;
#3870 = PLANE ( 'NONE',  #1930 ) ;
#3871 = DIRECTION ( 'NONE',  ( 9.051760982578240415E-15, 1.000000000000000000, 1.770741107047169706E-28 ) ) ;
#3872 = DIRECTION ( 'NONE',  ( 1.445602896647339035E-14, 1.000000000000000000, 0.000000000000000000 ) ) ;
#3873 = CARTESIAN_POINT ( 'NONE',  ( -0.03936788255224559635, 0.4803149606216496337, -0.05315123303480008554 ) ) ;
#3874 = CARTESIAN_POINT ( 'NONE',  ( -0.1161363645047149701, -0.08098887952763200726, -0.3236683211421771400 ) ) ;
#3875 = CARTESIAN_POINT ( 'NONE',  ( 0.000000000000000000, 0.000000000000000000, 0.000000000000000000 ) ) ;
#3877 = ORIENTED_EDGE ( 'NONE', *, *, #4685, .T. ) ;
#3876 = AXIS2_PLACEMENT_3D ( 'NONE', #1847, #6742, #9039 ) ;
#3878 = VECTOR ( 'NONE', #5749, 39.37007874015748143 ) ;
#3879 = EDGE_CURVE ( 'NONE', #4993, #8557, #1093, .T. ) ;
#3880 = EDGE_LOOP ( 'NONE', ( #7481, #5832, #7005, #437 ) ) ;
#3881 = EDGE_CURVE ( 'NONE', #4088, #2900, #3435, .T. ) ;
#3882 = AXIS2_PLACEMENT_3D ( 'NONE', #8877, #5599, #3993 ) ;
#3883 = VECTOR ( 'NONE', #4669, 39.37007874015748143 ) ;
#3884 = ORIENTED_EDGE ( 'NONE', *, *, #1815, .T. ) ;
#3885 = ORIENTED_EDGE ( 'NONE', *, *, #147, .T. ) ;
#3886 = DIRECTION ( 'NONE',  ( 4.132023648018220838E-05, 7.221721796416451283E-17, -0.9999999991463190963 ) ) ;
#3887 = CARTESIAN_POINT ( 'NONE',  ( -0.4074749471818763791, -0.07086614183904502151, -0.3405511809914324450 ) ) ;
#3888 = DIRECTION ( 'NONE',  ( 1.000000000000000000, -1.259585646868319844E-15, 0.000000000000000000 ) ) ;
#3889 = LINE ( 'NONE', #7065, #1464 ) ;
#3890 = DIRECTION ( 'NONE',  ( -4.132023647999850388E-05, 1.970775364982130185E-14, 0.9999999991463190963 ) ) ;
#3891 = CARTESIAN_POINT ( 'NONE',  ( -0.3522106327303787254, 0.01377952755905360177, -0.2500349221483356144 ) ) ;
#3892 = VERTEX_POINT ( 'NONE', #3537 ) ;
#3893 = VECTOR ( 'NONE', #7207, 39.37007874015748143 ) ;
#3894 = AXIS2_PLACEMENT_3D ( 'NONE', #3038, #8564, #8615 ) ;
#3895 = ORIENTED_EDGE ( 'NONE', *, *, #5480, .F. ) ;
#3896 = LINE ( 'NONE', #3112, #9576 ) ;
#3897 = VERTEX_POINT ( 'NONE', #4219 ) ;
#3898 = PLANE ( 'NONE',  #8027 ) ;
#3899 = DIRECTION ( 'NONE',  ( -0.9999999991463189852, -3.268435635769366220E-34, -4.132023648018928958E-05 ) ) ;
#3900 = VECTOR ( 'NONE', #9947, 39.37007874015748854 ) ;
#3901 = CARTESIAN_POINT ( 'NONE',  ( -0.4665300652921126612, -0.03819412915420820204, 0.01041691232375571707 ) ) ;
#3902 = VECTOR ( 'NONE', #5879, 39.37007874015748143 ) ;
#3903 = CARTESIAN_POINT ( 'NONE',  ( -0.05314879201135646464, 0.2421259842519683514, -0.01970781430357135613 ) ) ;
#3904 = CIRCLE ( 'NONE', #4889, 0.01181102362204740353 ) ;
#3905 = DIRECTION ( 'NONE',  ( -1.000000000000000000, 3.035766082959409654E-15, 0.000000000000000000 ) ) ;
#3906 = LINE ( 'NONE', #8596, #3550 ) ;
#3907 = ORIENTED_EDGE ( 'NONE', *, *, #6036, .F. ) ;
#3908 = VERTEX_POINT ( 'NONE', #4270 ) ;
#3909 = ORIENTED_EDGE ( 'NONE', *, *, #8012, .F. ) ;
#3910 = CIRCLE ( 'NONE', #9735, 0.01181102362204724567 ) ;
#3911 = DIRECTION ( 'NONE',  ( 4.132023648018220161E-05, 0.000000000000000000, -0.9999999991463189852 ) ) ;
#3912 = LINE ( 'NONE', #579, #7731 ) ;
#3913 = VERTEX_POINT ( 'NONE', #2599 ) ;
#3914 = DIRECTION ( 'NONE',  ( 4.132023648036969404E-05, 2.565063676368144781E-16, -0.9999999991463189852 ) ) ;
#3915 = EDGE_CURVE ( 'NONE', #6771, #10008, #5352, .T. ) ;
#3916 = CARTESIAN_POINT ( 'NONE',  ( -0.4263697415529981161, 0.1240157480314905969, -0.3448272500895504522 ) ) ;
#3917 = DIRECTION ( 'NONE',  ( 0.000000000000000000, -1.000000000000000000, 2.220446049250309876E-16 ) ) ;
#3918 = DIRECTION ( 'NONE',  ( 0.9999999991463190963, 0.000000000000000000, 4.132023648021667246E-05 ) ) ;
#3919 = VERTEX_POINT ( 'NONE', #6612 ) ;
#3920 = AXIS2_PLACEMENT_3D ( 'NONE', #6929, #2971, #1193 ) ;
#3921 = EDGE_CURVE ( 'NONE', #4407, #4102, #207, .T. ) ;
#3922 = EDGE_CURVE ( 'NONE', #4502, #1164, #5728, .T. ) ;
#3923 = EDGE_LOOP ( 'NONE', ( #10249, #5058, #4199, #8345 ) ) ;
#3924 = EDGE_CURVE ( 'NONE', #7878, #4775, #7387, .T. ) ;
#3925 = ORIENTED_EDGE ( 'NONE', *, *, #8239, .T. ) ;
#3926 = DIRECTION ( 'NONE',  ( -0.000000000000000000, -0.000000000000000000, -1.000000000000000000 ) ) ;
#3927 = DIRECTION ( 'NONE',  ( 1.000000000000000000, -1.437166293563720158E-14, 2.220446049248289899E-16 ) ) ;
#3928 = DIRECTION ( 'NONE',  ( 0.000000000000000000, 1.000000000000000000, -2.168404344971008868E-16 ) ) ;
#3929 = DIRECTION ( 'NONE',  ( 1.000000000000000000, 0.000000000000000000, 0.000000000000000000 ) ) ;
#3930 = EDGE_CURVE ( 'NONE', #988, #7137, #3382, .T. ) ;
#3931 = ORIENTED_EDGE ( 'NONE', *, *, #6696, .T. ) ;
#3932 = VERTEX_POINT ( 'NONE', #160 ) ;
#3933 = VERTEX_POINT ( 'NONE', #941 ) ;
#3934 = ORIENTED_EDGE ( 'NONE', *, *, #4654, .F. ) ;
#3935 = CARTESIAN_POINT ( 'NONE',  ( -0.1161363645047152615, -0.1082677165354372639, -0.3262529570661548139 ) ) ;
#3936 = CARTESIAN_POINT ( 'NONE',  ( -0.2755838811438846014, 0.000000000000000000, -0.1614287101635928923 ) ) ;
#3937 = PLANE ( 'NONE',  #3616 ) ;
#3938 = FACE_OUTER_BOUND ( 'NONE', #188, .T. ) ;
#3939 = CARTESIAN_POINT ( 'NONE',  ( -0.5531442385204589085, 0.02165354330708013295, -0.3346456691804258754 ) ) ;
#3940 = CARTESIAN_POINT ( 'NONE',  ( -0.4665300652921126612, -0.06074340428933645147, -0.003103332228540317192 ) ) ;
#3941 = DIRECTION ( 'NONE',  ( 1.000000000000000000, 2.669637467189900051E-16, 5.551115123125779621E-17 ) ) ;
#3942 = EDGE_CURVE ( 'NONE', #2642, #4657, #3333, .T. ) ;
#3943 = EDGE_LOOP ( 'NONE', ( #8725, #2531, #6188, #3994 ) ) ;
#3944 = ORIENTED_EDGE ( 'NONE', *, *, #1148, .F. ) ;
#3945 = VECTOR ( 'NONE', #5644, 39.37007874015748143 ) ;
#3946 = AXIS2_PLACEMENT_3D ( 'NONE', #5729, #6410, #8860 ) ;
#3947 = ORIENTED_EDGE ( 'NONE', *, *, #8838, .T. ) ;
#3948 = CARTESIAN_POINT ( 'NONE',  ( -0.3956639235598288229, 0.2696028754788729609, -0.3405511809914502086 ) ) ;
#3949 = ORIENTED_EDGE ( 'NONE', *, *, #4933, .F. ) ;
#3950 = CARTESIAN_POINT ( 'NONE',  ( 1.323815116335336576E-05, 0.4789277238225540523, -0.3203793656595176897 ) ) ;
#3951 = AXIS2_PLACEMENT_3D ( 'NONE', #9182, #5374, #3763 ) ;
#3952 = DIRECTION ( 'NONE',  ( 0.000000000000000000, 1.000000000000000000, 0.000000000000000000 ) ) ;
#3953 = AXIS2_PLACEMENT_3D ( 'NONE', #4360, #3524, #2801 ) ;
#3954 = CARTESIAN_POINT ( 'NONE',  ( -0.5531442385204589085, 0.4921259842519686845, 1.109127553579697145E-10 ) ) ;
#3955 = CARTESIAN_POINT ( 'NONE',  ( -0.4655831663320439406, -0.1156854393858060687, 0.001968504047920685909 ) ) ;
#3956 = DIRECTION ( 'NONE',  ( 2.824670172274429892E-14, 1.000000000000000000, 9.958396954277208580E-17 ) ) ;
#3957 = DIRECTION ( 'NONE',  ( 0.000000000000000000, 0.000000000000000000, 1.000000000000000000 ) ) ;
#3958 = ORIENTED_EDGE ( 'NONE', *, *, #9560, .F. ) ;
#3959 = CIRCLE ( 'NONE', #4787, 0.01181102362204724567 ) ;
#3960 = VECTOR ( 'NONE', #1957, 39.37007874015748143 ) ;
#3961 = ADVANCED_FACE ( 'NONE', ( #8961 ), #8909, .T. ) ;
#3962 = ORIENTED_EDGE ( 'NONE', *, *, #4835, .T. ) ;
#3963 = CARTESIAN_POINT ( 'NONE',  ( -0.5531442385204589085, 0.4803560425763845898, 0.0009842520793873531584 ) ) ;
#3964 = DIRECTION ( 'NONE',  ( -1.000000000000000000, -6.123638448986479919E-17, 6.245969335281450904E-16 ) ) ;
#3965 = ORIENTED_EDGE ( 'NONE', *, *, #1162, .T. ) ;
#3966 =( BOUNDED_CURVE ( )  B_SPLINE_CURVE ( 3, ( #995, #4074, #7246, #1825 ),
 .UNSPECIFIED., .F., .F. ) 
 B_SPLINE_CURVE_WITH_KNOTS ( ( 4, 4 ),
 ( 1.570796327727550068, 3.141592653591808393 ),
 .UNSPECIFIED. ) 
 CURVE ( )  GEOMETRIC_REPRESENTATION_ITEM ( )  RATIONAL_B_SPLINE_CURVE ( ( 1.000000000000000000, 0.8047378543437184728, 0.8047378543437184728, 1.000000000000000000 ) ) 
 REPRESENTATION_ITEM ( '' )  );
#3967 = LINE ( 'NONE', #4841, #6473 ) ;
#3968 = DIRECTION ( 'NONE',  ( 0.000000000000000000, 3.642919299551245421E-13, -1.000000000000000000 ) ) ;
#3969 = AXIS2_PLACEMENT_3D ( 'NONE', #9185, #486, #6207 ) ;
#3970 = CIRCLE ( 'NONE', #6952, 0.02952755905511813758 ) ;
#3971 = FACE_OUTER_BOUND ( 'NONE', #6826, .T. ) ;
#3972 = DIRECTION ( 'NONE',  ( -1.000000000000000000, 0.000000000000000000, 0.000000000000000000 ) ) ;
#3973 = VERTEX_POINT ( 'NONE', #2858 ) ;
#3974 = VECTOR ( 'NONE', #1875, 39.37007874015748143 ) ;
#3975 = EDGE_LOOP ( 'NONE', ( #7580, #10108, #9852, #2249, #2365, #1479, #394, #2479 ) ) ;
#3976 = CARTESIAN_POINT ( 'NONE',  ( -0.3877899078117976184, 0.03346456692912580522, -0.3425196849284575795 ) ) ;
#3977 = CARTESIAN_POINT ( 'NONE',  ( 5.368377182510269324E-06, 0.3596456688779528510, -0.1299212597316068141 ) ) ;
#3978 = EDGE_CURVE ( 'NONE', #4167, #5421, #1019, .T. ) ;
#3979 = DIRECTION ( 'NONE',  ( -1.098777426433149983E-15, 1.384004275438106301E-30, 1.000000000000000000 ) ) ;
#3980 = CARTESIAN_POINT ( 'NONE',  ( -0.3641670495274880737, -0.1299572652927009631, -0.1161568083188101036 ) ) ;
#3981 = VECTOR ( 'NONE', #6423, 39.37007874015748143 ) ;
#3982 = EDGE_CURVE ( 'NONE', #781, #3808, #8177, .T. ) ;
#3983 = ORIENTED_EDGE ( 'NONE', *, *, #7427, .T. ) ;
#3984 = VECTOR ( 'NONE', #7000, 39.37007874015748143 ) ;
#3985 = ORIENTED_EDGE ( 'NONE', *, *, #3859, .F. ) ;
#3986 = PLANE ( 'NONE',  #7251 ) ;
#3987 = EDGE_CURVE ( 'NONE', #8672, #2927, #10013, .T. ) ;
#3988 = CARTESIAN_POINT ( 'NONE',  ( 5.367778755658163867E-06, 0.4744094488188976277, 0.001968504047920685909 ) ) ;
#3989 = LINE ( 'NONE', #6468, #6118 ) ;
#3990 = CARTESIAN_POINT ( 'NONE',  ( -0.5531442385204589085, 0.4685861009001065502, 0.001968504047920685909 ) ) ;
#3991 = CARTESIAN_POINT ( 'NONE',  ( -0.5413332148984112413, 0.03149606299212852345, -0.3405511809914499310 ) ) ;
#3992 = CARTESIAN_POINT ( 'NONE',  ( -0.4551685378474698007, 0.1555118110236172191, -0.3377379135609491767 ) ) ;
#3993 = DIRECTION ( 'NONE',  ( 0.9999999991463190963, 0.000000000000000000, 4.132023648029411838E-05 ) ) ;
#3994 = ORIENTED_EDGE ( 'NONE', *, *, #7894, .T. ) ;
#3995 = ADVANCED_FACE ( 'NONE', ( #7548 ), #2809, .F. ) ;
#3996 = ORIENTED_EDGE ( 'NONE', *, *, #5403, .F. ) ;
#3997 = EDGE_CURVE ( 'NONE', #749, #4810, #3351, .T. ) ;
#3998 = LINE ( 'NONE', #8638, #5559 ) ;
#3999 = ORIENTED_EDGE ( 'NONE', *, *, #3338, .T. ) ;
#4000 = DIRECTION ( 'NONE',  ( 1.000000000000000000, 0.000000000000000000, 1.084202172485501673E-15 ) ) ;
#4001 = AXIS2_PLACEMENT_3D ( 'NONE', #4792, #7972, #6246 ) ;
#4002 = DIRECTION ( 'NONE',  ( -0.7071067811865709984, 0.7071067811865240360, -9.339622151139843760E-16 ) ) ;
#4003 = CARTESIAN_POINT ( 'NONE',  ( -0.3523197177531628976, 0.01968503937007875723, -0.1161562900341221866 ) ) ;
#4004 = CARTESIAN_POINT ( 'NONE',  ( -0.5627127337224313575, 0.4931584888623601892, -0.01175908136478159838 ) ) ;
#4005 = DIRECTION ( 'NONE',  ( -4.132023650871864673E-05, -2.590038523190529735E-16, 0.9999999991463189852 ) ) ;
#4006 = DIRECTION ( 'NONE',  ( 0.000000000000000000, 0.000000000000000000, 1.000000000000000000 ) ) ;
#4007 = ORIENTED_EDGE ( 'NONE', *, *, #3329, .F. ) ;
#4008 = VERTEX_POINT ( 'NONE', #1251 ) ;
#4009 = EDGE_CURVE ( 'NONE', #785, #2022, #4531, .T. ) ;
#4010 = EDGE_CURVE ( 'NONE', #7987, #3561, #5981, .T. ) ;
#4011 = CARTESIAN_POINT ( 'NONE',  ( -0.2952676190836082126, 0.01377952755905360177, -0.1948940904563258025 ) ) ;
#4012 = DIRECTION ( 'NONE',  ( 4.132023648018220838E-05, 1.946778533464020538E-16, -0.9999999991463190963 ) ) ;
#4013 = ORIENTED_EDGE ( 'NONE', *, *, #4683, .T. ) ;
#4014 = CARTESIAN_POINT ( 'NONE',  ( -0.003680734523838187847, 0.4707233465163094821, 0.01574002836445075049 ) ) ;
#4015 = DIRECTION ( 'NONE',  ( -1.098777426433149983E-15, 2.220446049250329844E-16, 1.000000000000000000 ) ) ;
#4016 = CARTESIAN_POINT ( 'NONE',  ( -0.5118030519583994797, 0.01377952756429656408, -0.1949030377516246526 ) ) ;
#4017 = CARTESIAN_POINT ( 'NONE',  ( 1.333960390283828660E-05, 0.4842519685039369803, -0.3228346453936932203 ) ) ;
#4018 = ORIENTED_EDGE ( 'NONE', *, *, #4641, .F. ) ;
#4019 = ORIENTED_EDGE ( 'NONE', *, *, #2732, .F. ) ;
#4020 = VECTOR ( 'NONE', #9829, 39.37007874015748143 ) ;
#4021 = CARTESIAN_POINT ( 'NONE',  ( -0.4586560495440809571, 0.1149606299212581617, 0.001968504047920685909 ) ) ;
#4022 = CARTESIAN_POINT ( 'NONE',  ( -0.5633728850218842066, 0.4921259842520297467, -0.3149606298103029833 ) ) ;
#4023 = DIRECTION ( 'NONE',  ( -1.608082204351659665E-16, -1.000000000000000000, -2.539135841793694919E-31 ) ) ;
#4024 = FACE_OUTER_BOUND ( 'NONE', #6891, .T. ) ;
#4025 = DIRECTION ( 'NONE',  ( -1.098777426433149983E-15, 2.220446049250329844E-16, 1.000000000000000000 ) ) ;
#4026 = VECTOR ( 'NONE', #3408, 39.37007874015748143 ) ;
#4027 = ORIENTED_EDGE ( 'NONE', *, *, #6877, .F. ) ;
#4028 = VERTEX_POINT ( 'NONE', #10174 ) ;
#4029 = DIRECTION ( 'NONE',  ( -1.000000000000000000, -2.669637467189900051E-16, -5.551115123125779621E-17 ) ) ;
#4030 = CARTESIAN_POINT ( 'NONE',  ( -0.5314827233659782380, 0.2421259842519683514, -0.01970781430357135613 ) ) ;
#4031 = ADVANCED_FACE ( 'NONE', ( #6818 ), #2029, .T. ) ;
#4032 = CARTESIAN_POINT ( 'NONE',  ( 5.368377180347230933E-06, 0.2755905511811020947, -0.1299212597316068418 ) ) ;
#4033 = CIRCLE ( 'NONE', #8698, 0.1210629921259842451 ) ;
#4034 = CARTESIAN_POINT ( 'NONE',  ( -0.3169297843102350520, 0.4350393700730353919, -0.005918607411225690861 ) ) ;
#4035 = DIRECTION ( 'NONE',  ( -1.000000000000000000, 0.000000000000000000, -1.320822031358179910E-15 ) ) ;
#4036 = CARTESIAN_POINT ( 'NONE',  ( -0.4507820337960491974, 0.1555118110236218543, 1.109127553579697145E-10 ) ) ;
#4037 = CARTESIAN_POINT ( 'NONE',  ( 5.368377182532709768E-06, 0.3766732278877971685, -0.1299212597316068418 ) ) ;
#4038 = EDGE_LOOP ( 'NONE', ( #8784, #7376, #7040, #3227, #3061 ) ) ;
#4039 = ADVANCED_FACE ( 'NONE', ( #10071 ), #6763, .F. ) ;
#4040 = EDGE_CURVE ( 'NONE', #4008, #6621, #4479, .T. ) ;
#4041 = ORIENTED_EDGE ( 'NONE', *, *, #3269, .T. ) ;
#4042 = CIRCLE ( 'NONE', #5695, 0.02755905514163688175 ) ;
#4043 = CARTESIAN_POINT ( 'NONE',  ( -0.5314960625374112180, 0.2480314960629924070, -2.196154301066040838E-05 ) ) ;
#4044 = ORIENTED_EDGE ( 'NONE', *, *, #9967, .F. ) ;
#4045 = CARTESIAN_POINT ( 'NONE',  ( -0.08660880544959710658, -0.1082677165354372639, -0.3287401573694009871 ) ) ;
#4046 = FACE_OUTER_BOUND ( 'NONE', #10147, .T. ) ;
#4047 = EDGE_CURVE ( 'NONE', #9608, #5823, #9339, .T. ) ;
#4048 = CARTESIAN_POINT ( 'NONE',  ( -0.4448685501376358209, 0.1653543307003916552, 2.755981138840293237E-10 ) ) ;
#4049 = CARTESIAN_POINT ( 'NONE',  ( -0.03542770308738736607, 0.01968503937007875723, -0.3425196849284575795 ) ) ;
#4050 = CARTESIAN_POINT ( 'NONE',  ( -0.04723872670943303487, 0.03149606299212852345, -0.3543307085505043585 ) ) ;
#4051 = LINE ( 'NONE', #972, #50 ) ;
#4052 = VECTOR ( 'NONE', #5449, 39.37007874015748143 ) ;
#4053 = ORIENTED_EDGE ( 'NONE', *, *, #947, .T. ) ;
#4054 = EDGE_CURVE ( 'NONE', #8420, #988, #9777, .T. ) ;
#4055 = VERTEX_POINT ( 'NONE', #7710 ) ;
#4056 = VERTEX_POINT ( 'NONE', #5312 ) ;
#4057 = VECTOR ( 'NONE', #5716, 39.37007874015748143 ) ;
#4058 = VECTOR ( 'NONE', #2963, 39.37007874015748143 ) ;
#4059 = CARTESIAN_POINT ( 'NONE',  ( -0.4586560495440809571, 0.1149606299212581617, 0.001968504047920685909 ) ) ;
#4060 = AXIS2_PLACEMENT_3D ( 'NONE', #1474, #4594, #4649 ) ;
#4061 = DIRECTION ( 'NONE',  ( -0.9999999991463189852, 0.000000000000000000, -4.132023648018220161E-05 ) ) ;
#4062 = ORIENTED_EDGE ( 'NONE', *, *, #4773, .T. ) ;
#4063 = FACE_OUTER_BOUND ( 'NONE', #4936, .T. ) ;
#4064 = CARTESIAN_POINT ( 'NONE',  ( -0.3444884332977559693, 0.4074803149549243719, -0.01574803122046369158 ) ) ;
#4065 = DIRECTION ( 'NONE',  ( 2.023844055306275469E-14, 0.000000000000000000, -1.000000000000000000 ) ) ;
#4066 = VERTEX_POINT ( 'NONE', #634 ) ;
#4067 = ADVANCED_FACE ( 'NONE', ( #3025 ), #2138, .F. ) ;
#4068 = CIRCLE ( 'NONE', #1581, 0.01181102362204724046 ) ;
#4069 = ORIENTED_EDGE ( 'NONE', *, *, #1563, .F. ) ;
#4070 = CARTESIAN_POINT ( 'NONE',  ( -0.03936992790143464122, 0.2532499511187679686, -0.003651293990540558330 ) ) ;
#4071 = AXIS2_PLACEMENT_3D ( 'NONE', #7085, #9228, #2080 ) ;
#4072 = DIRECTION ( 'NONE',  ( 1.000000000000000000, -1.608082204351299748E-16, 1.098777426433149983E-15 ) ) ;
#4073 = CARTESIAN_POINT ( 'NONE',  ( -0.4114119550558916760, 0.1555118110236194118, 0.01574803160697565291 ) ) ;
#4074 = CARTESIAN_POINT ( 'NONE',  ( 5.368377182512635934E-06, 0.3612204723942629148, -0.1800821063461806593 ) ) ;
#4075 = DIRECTION ( 'NONE',  ( 1.000000000000000000, 6.123638448986479919E-17, -6.245969335281450904E-16 ) ) ;
#4076 = ORIENTED_EDGE ( 'NONE', *, *, #9409, .T. ) ;
#4077 = AXIS2_PLACEMENT_3D ( 'NONE', #5667, #5, #1613 ) ;
#4078 = EDGE_CURVE ( 'NONE', #6874, #4066, #5204, .T. ) ;
#4079 = ORIENTED_EDGE ( 'NONE', *, *, #3456, .T. ) ;
#4080 = EDGE_LOOP ( 'NONE', ( #203, #3714, #3776, #7227 ) ) ;
#4081 = CARTESIAN_POINT ( 'NONE',  ( -0.4665300652921126612, 0.007874015748028716927, -0.3405511809914488208 ) ) ;
#4082 = LINE ( 'NONE', #8193, #10035 ) ;
#4083 = CARTESIAN_POINT ( 'NONE',  ( -0.05719703602182042018, -0.1114812042603246234, -0.3281797214647572125 ) ) ;
#4084 = LINE ( 'NONE', #9720, #9403 ) ;
#4085 = CARTESIAN_POINT ( 'NONE',  ( -0.4074749471818807645, -0.1082677165354353488, -0.0005186962563780522740 ) ) ;
#4086 = CARTESIAN_POINT ( 'NONE',  ( -0.5531442385204589085, 0.4685861008999645527, -0.3405511809914499310 ) ) ;
#4087 = EDGE_LOOP ( 'NONE', ( #1315, #6319 ) ) ;
#4088 = VERTEX_POINT ( 'NONE', #5256 ) ;
#4089 = CYLINDRICAL_SURFACE ( 'NONE', #4692, 0.01181102362204724046 ) ;
#4090 = ORIENTED_EDGE ( 'NONE', *, *, #8995, .F. ) ;
#4091 = CARTESIAN_POINT ( 'NONE',  ( -0.4507820337960491974, 0.1543307086614156831, -0.3405511809914499310 ) ) ;
#4092 = LINE ( 'NONE', #7268, #5607 ) ;
#4093 = CYLINDRICAL_SURFACE ( 'NONE', #4944, 0.01181102362204724567 ) ;
#4094 = EDGE_CURVE ( 'NONE', #3908, #4502, #8442, .T. ) ;
#4095 = DIRECTION ( 'NONE',  ( -1.000000000000000000, -1.836970198721029688E-16, 0.000000000000000000 ) ) ;
#4096 = EDGE_CURVE ( 'NONE', #4201, #8055, #2364, .T. ) ;
#4097 = B_SPLINE_CURVE_WITH_KNOTS ( 'NONE', 3,
 ( #4727, #9682, #2333, #5556 ),
 .UNSPECIFIED., .F., .F.,
 ( 4, 4 ),
 ( 5.999477014172521708E-18, 5.695173575707217117E-06 ),
 .UNSPECIFIED. ) ;
#4098 = LINE ( 'NONE', #6438, #2536 ) ;
#4099 = AXIS2_PLACEMENT_3D ( 'NONE', #6310, #645, #5481 ) ;
#4100 = ORIENTED_EDGE ( 'NONE', *, *, #5937, .F. ) ;
#4101 = EDGE_CURVE ( 'NONE', #9541, #2637, #7857, .T. ) ;
#4102 = VERTEX_POINT ( 'NONE', #3228 ) ;
#4103 = ADVANCED_FACE ( 'NONE', ( #5473, #4063 ), #7087, .T. ) ;
#4104 = ORIENTED_EDGE ( 'NONE', *, *, #1927, .T. ) ;
#4105 = VECTOR ( 'NONE', #7724, 39.37007874015748143 ) ;
#4106 = VECTOR ( 'NONE', #5193, 39.37007874015748854 ) ;
#4107 = CARTESIAN_POINT ( 'NONE',  ( -0.4547190416700650495, 0.1318897637795195810, -0.3543307085505046361 ) ) ;
#4108 = DIRECTION ( 'NONE',  ( -0.9999999991463189852, 0.000000000000000000, -4.132023648018220161E-05 ) ) ;
#4109 = ORIENTED_EDGE ( 'NONE', *, *, #1310, .T. ) ;
#4110 = PLANE ( 'NONE',  #8821 ) ;
#4111 = EDGE_CURVE ( 'NONE', #1021, #889, #6400, .T. ) ;
#4112 = CARTESIAN_POINT ( 'NONE',  ( -0.04723872670943467245, 0.03149606299212852345, -0.3543307085505043585 ) ) ;
#4113 = LINE ( 'NONE', #2539, #1054 ) ;
#4114 = CARTESIAN_POINT ( 'NONE',  ( -0.4074749471818807645, -0.1082677165354353488, -0.0005186962563780522740 ) ) ;
#4115 = ORIENTED_EDGE ( 'NONE', *, *, #4722, .T. ) ;
#4116 = VECTOR ( 'NONE', #3619, 39.37007874015748143 ) ;
#4117 = AXIS2_PLACEMENT_3D ( 'NONE', #9831, #4400, #285 ) ;
#4118 = ORIENTED_EDGE ( 'NONE', *, *, #5580, .T. ) ;
#4119 = PRESENTATION_LAYER_ASSIGNMENT (  '', '', ( #8113 ) ) ;
#4120 = LINE ( 'NONE', #7336, #2681 ) ;
#4121 = VECTOR ( 'NONE', #3028, 39.37007874015748143 ) ;
#4122 = ADVANCED_FACE ( 'NONE', ( #5521 ), #2401, .T. ) ;
#4123 = FACE_OUTER_BOUND ( 'NONE', #730, .T. ) ;
#4124 = CARTESIAN_POINT ( 'NONE',  ( -0.5531442385204589085, 0.2460629921259527841, -0.3267716534323946709 ) ) ;
#4125 = CARTESIAN_POINT ( 'NONE',  ( -0.5157346918699158289, 0.4803149606216496337, 2.755997529928255166E-10 ) ) ;
#4126 = B_SPLINE_CURVE_WITH_KNOTS ( 'NONE', 3,
 ( #2783, #1123, #3724, #7680 ),
 .UNSPECIFIED., .F., .F.,
 ( 4, 4 ),
 ( 0.000000000000000000, 1.000000000000000000 ),
 .UNSPECIFIED. ) ;
#4127 = VERTEX_POINT ( 'NONE', #9599 ) ;
#4128 = AXIS2_PLACEMENT_3D ( 'NONE', #3143, #6461, #7834 ) ;
#4129 = EDGE_LOOP ( 'NONE', ( #6985, #4674, #4079, #10066 ) ) ;
#4130 = EDGE_CURVE ( 'NONE', #1999, #5111, #2446, .T. ) ;
#4131 = ORIENTED_EDGE ( 'NONE', *, *, #3287, .F. ) ;
#4132 = FACE_OUTER_BOUND ( 'NONE', #8174, .T. ) ;
#4133 = VECTOR ( 'NONE', #10281, 39.37007874015748143 ) ;
#4134 = DIRECTION ( 'NONE',  ( 0.000000000000000000, -0.3162277660169219295, 0.9486832980504856794 ) ) ;
#4135 = DIRECTION ( 'NONE',  ( -1.000000000000000000, -6.123638448986479919E-17, 6.245969335281450904E-16 ) ) ;
#4136 = PLANE ( 'NONE',  #577 ) ;
#4137 = DIRECTION ( 'NONE',  ( -1.000000000000000000, 0.000000000000000000, 8.466415384531750179E-16 ) ) ;
#4138 =( BOUNDED_CURVE ( )  B_SPLINE_CURVE ( 3, ( #7243, #4171, #1770, #9755 ),
 .UNSPECIFIED., .F., .F. ) 
 B_SPLINE_CURVE_WITH_KNOTS ( ( 4, 4 ),
 ( 1.570796326794894782, 1.616331578363576771 ),
 .UNSPECIFIED. ) 
 CURVE ( )  GEOMETRIC_REPRESENTATION_ITEM ( )  RATIONAL_B_SPLINE_CURVE ( ( 1.000000000000000000, 0.9998272192025314808, 0.9998272192025314808, 1.000000000000000000 ) ) 
 REPRESENTATION_ITEM ( '' )  );
#4139 = CARTESIAN_POINT ( 'NONE',  ( -0.1023488650982646714, 0.1062992125901537493, -0.01574803122046314341 ) ) ;
#4140 = EDGE_LOOP ( 'NONE', ( #8353, #3826, #9222, #4597 ) ) ;
#4141 = AXIS2_PLACEMENT_3D ( 'NONE', #1266, #9410, #9305 ) ;
#4142 = ORIENTED_EDGE ( 'NONE', *, *, #6648, .F. ) ;
#4143 = DIRECTION ( 'NONE',  ( 0.9999996298403813766, -0.0002426064928955201086, 0.0008255066261800503508 ) ) ;
#4144 = ORIENTED_EDGE ( 'NONE', *, *, #9072, .F. ) ;
#4145 = CARTESIAN_POINT ( 'NONE',  ( -0.4074749471818763791, -0.1156854394007205827, -0.3169291337473427173 ) ) ;
#4146 = DIRECTION ( 'NONE',  ( 1.000000000000000000, 0.000000000000000000, -8.466415384531750179E-16 ) ) ;
#4147 = CARTESIAN_POINT ( 'NONE',  ( 5.367778756204533153E-06, 0.01968503937007875723, -0.3543307085505032483 ) ) ;
#4148 = CARTESIAN_POINT ( 'NONE',  ( -0.5639686886166402902, 0.4910077461703575841, -0.01174663806428078404 ) ) ;
#4149 = CARTESIAN_POINT ( 'NONE',  ( 0.04557623434267699114, 0.2047244098622048314, -0.1299212597316068418 ) ) ;
#4150 = DIRECTION ( 'NONE',  ( 4.892451711081009382E-32, 1.000000000000000000, 7.832974272616329547E-17 ) ) ;
#4151 = ORIENTED_EDGE ( 'NONE', *, *, #1994, .T. ) ;
#4152 = VERTEX_POINT ( 'NONE', #4743 ) ;
#4153 = VECTOR ( 'NONE', #3914, 39.37007874015748854 ) ;
#4155 = ORIENTED_EDGE ( 'NONE', *, *, #4291, .T. ) ;
#4154 = EDGE_CURVE ( 'NONE', #2879, #2584, #704, .T. ) ;
#4156 = LINE ( 'NONE', #4059, #4057 ) ;
#4157 = ORIENTED_EDGE ( 'NONE', *, *, #6911, .T. ) ;
#4158 = LINE ( 'NONE', #2399, #5411 ) ;
#4159 = ORIENTED_EDGE ( 'NONE', *, *, #3658, .F. ) ;
#4160 = CARTESIAN_POINT ( 'NONE',  ( -0.5529303401249746619, 0.02925843802800676477, 0.009696850504613734392 ) ) ;
#4161 = CARTESIAN_POINT ( 'NONE',  ( -0.1023488650982646714, 0.1515748031413348407, 2.756008356788223648E-10 ) ) ;
#4162 = CARTESIAN_POINT ( 'NONE',  ( -0.4665300652921126612, -0.08706252210712646378, -0.01323304814137110132 ) ) ;
#4163 = DIRECTION ( 'NONE',  ( -2.150054361481918740E-14, -0.5142350742875216874, 0.8576492805176875178 ) ) ;
#4164 = ADVANCED_FACE ( 'NONE', ( #1615 ), #3860, .F. ) ;
#4165 = EDGE_LOOP ( 'NONE', ( #5500, #8089, #680, #5956 ) ) ;
#4166 = VECTOR ( 'NONE', #5297, 39.37007874015748854 ) ;
#4167 = VERTEX_POINT ( 'NONE', #837 ) ;
#4168 = EDGE_CURVE ( 'NONE', #1608, #157, #4694, .T. ) ;
#4169 = EDGE_CURVE ( 'NONE', #7786, #9058, #3967, .T. ) ;
#4170 = LINE ( 'NONE', #4325, #3857 ) ;
#4171 = CARTESIAN_POINT ( 'NONE',  ( -0.4665300652921121061, -0.1087159368699702339, -0.0002499493191801885339 ) ) ;
#4172 = LINE ( 'NONE', #7194, #8380 ) ;
#4173 = CARTESIAN_POINT ( 'NONE',  ( -0.4507820337960491974, 0.1149606299212581617, -0.3405511809914499310 ) ) ;
#4174 = ADVANCED_FACE ( 'NONE', ( #8018 ), #738, .T. ) ;
#4175 = ORIENTED_EDGE ( 'NONE', *, *, #621, .T. ) ;
#4176 = EDGE_CURVE ( 'NONE', #1598, #7737, #1506, .T. ) ;
#4177 = ORIENTED_EDGE ( 'NONE', *, *, #3384, .F. ) ;
#4178 = VERTEX_POINT ( 'NONE', #49 ) ;
#4179 = DIRECTION ( 'NONE',  ( 1.259585646868319844E-15, 1.000000000000000000, -2.220446049250309876E-16 ) ) ;
#4180 = VECTOR ( 'NONE', #2211, 39.37007874015748143 ) ;
#4181 = DIRECTION ( 'NONE',  ( -1.000000000000000000, 0.000000000000000000, 6.245969335281450904E-16 ) ) ;
#4182 = CARTESIAN_POINT ( 'NONE',  ( -0.5314952491133210222, 0.01968503937007875723, -0.01970781430357135613 ) ) ;
#4183 = DIRECTION ( 'NONE',  ( -4.132023649231340070E-05, 0.000000000000000000, 0.9999999991463189852 ) ) ;
#4184 = DIRECTION ( 'NONE',  ( -1.233581139564489825E-16, -1.000000000000000000, 0.000000000000000000 ) ) ;
#4185 = DIRECTION ( 'NONE',  ( -1.437166293563720158E-14, -1.000000000000000000, 0.000000000000000000 ) ) ;
#4186 = ORIENTED_EDGE ( 'NONE', *, *, #6512, .F. ) ;
#4187 = EDGE_CURVE ( 'NONE', #7061, #7044, #842, .T. ) ;
#4188 = AXIS2_PLACEMENT_3D ( 'NONE', #7032, #102, #5573 ) ;
#4189 = ORIENTED_EDGE ( 'NONE', *, *, #8452, .F. ) ;
#4191 = DIRECTION ( 'NONE',  ( 0.000000000000000000, 0.3162277660168259508, 0.9486832980505177648 ) ) ;
#4190 = AXIS2_PLACEMENT_3D ( 'NONE', #3422, #5190, #5860 ) ;
#4192 = ORIENTED_EDGE ( 'NONE', *, *, #223, .F. ) ;
#4193 = DIRECTION ( 'NONE',  ( 0.9999999991463189852, 1.774150120342360036E-16, 4.132023652281984117E-05 ) ) ;
#4194 = CARTESIAN_POINT ( 'NONE',  ( -0.4975276919558053734, 0.01968503937007875723, -0.3364685038260962213 ) ) ;
#4195 = CARTESIAN_POINT ( 'NONE',  ( -0.4074851512130997500, -0.1091640410387059168, -0.3267903812883810044 ) ) ;
#4196 = DIRECTION ( 'NONE',  ( -1.000000000000000000, 3.035766082959409654E-15, 0.000000000000000000 ) ) ;
#4197 = CARTESIAN_POINT ( 'NONE',  ( -0.01377415978030012769, 0.4822834645669287768, -0.3248031494954345400 ) ) ;
#4198 = CARTESIAN_POINT ( 'NONE',  ( -0.5452702227724276485, 0.2342519685039300692, 0.007874015858944203791 ) ) ;
#4199 = ORIENTED_EDGE ( 'NONE', *, *, #7549, .F. ) ;
#4200 = AXIS2_PLACEMENT_3D ( 'NONE', #9518, #7739, #6959 ) ;
#4201 = VERTEX_POINT ( 'NONE', #685 ) ;
#4202 = ORIENTED_EDGE ( 'NONE', *, *, #6896, .T. ) ;
#4203 = CARTESIAN_POINT ( 'NONE',  ( -2.838523232689962965E-16, 0.3045132156350429109, -0.2105305520963253463 ) ) ;
#4204 = VERTEX_POINT ( 'NONE', #7867 ) ;
#4205 = DIRECTION ( 'NONE',  ( -1.000000000000000000, -2.669637467189900051E-16, -5.551115123125779621E-17 ) ) ;
#4206 = ORIENTED_EDGE ( 'NONE', *, *, #471, .T. ) ;
#4207 = DIRECTION ( 'NONE',  ( 1.000000000000000000, 0.000000000000000000, 0.000000000000000000 ) ) ;
#4208 = AXIS2_PLACEMENT_3D ( 'NONE', #2111, #555, #3728 ) ;
#4209 = VECTOR ( 'NONE', #5730, 39.37007874015748143 ) ;
#4210 = DIRECTION ( 'NONE',  ( -4.132023649486774714E-05, -2.567819324769244386E-16, 0.9999999991463189852 ) ) ;
#4211 = LINE ( 'NONE', #7381, #3070 ) ;
#4212 = CARTESIAN_POINT ( 'NONE',  ( -0.5498515811135862297, 0.4862168712783784819, -0.3165450860631808250 ) ) ;
#4213 = EDGE_LOOP ( 'NONE', ( #8244, #8878, #9260, #8160 ) ) ;
#4214 = VECTOR ( 'NONE', #8993, 39.37007874015748143 ) ;
#4215 = ORIENTED_EDGE ( 'NONE', *, *, #4040, .T. ) ;
#4216 = AXIS2_PLACEMENT_3D ( 'NONE', #5612, #3850, #10214 ) ;
#4217 = EDGE_CURVE ( 'NONE', #1153, #5433, #3278, .T. ) ;
#4218 = ORIENTED_EDGE ( 'NONE', *, *, #7102, .T. ) ;
#4219 = CARTESIAN_POINT ( 'NONE',  ( -0.4074749471818763791, -0.03819412916545330411, -0.3371885656384924213 ) ) ;
#4220 = LINE ( 'NONE', #8135, #7763 ) ;
#4221 = CARTESIAN_POINT ( 'NONE',  ( -0.5314827233659782380, 0.01181102361377390705, -0.04724409421259004316 ) ) ;
#4222 = DIRECTION ( 'NONE',  ( -1.000000000000000000, 0.000000000000000000, 0.000000000000000000 ) ) ;
#4223 = LINE ( 'NONE', #7393, #6126 ) ;
#4224 = VECTOR ( 'NONE', #7365, 39.37007874015748143 ) ;
#4225 = EDGE_CURVE ( 'NONE', #9370, #1979, #4827, .T. ) ;
#4226 = ADVANCED_FACE ( 'NONE', ( #9500, #6350 ), #2347, .F. ) ;
#4227 = EDGE_CURVE ( 'NONE', #3561, #10272, #6646, .T. ) ;
#4228 = EDGE_LOOP ( 'NONE', ( #3409, #4665, #5976, #5808, #414 ) ) ;
#4229 = EDGE_CURVE ( 'NONE', #3475, #8687, #7284, .T. ) ;
#4230 = VECTOR ( 'NONE', #8508, 39.37007874015748143 ) ;
#4231 = ORIENTED_EDGE ( 'NONE', *, *, #743, .F. ) ;
#4232 = LINE ( 'NONE', #168, #5261 ) ;
#4233 = CARTESIAN_POINT ( 'NONE',  ( -0.5137741597803013871, 0.2480314960629948773, 0.01377952766996799576 ) ) ;
#4234 = EDGE_CURVE ( 'NONE', #9107, #4290, #3828, .T. ) ;
#4235 = CARTESIAN_POINT ( 'NONE',  ( -2.674775951350596912E-16, 0.3612204723576854515, -0.07976041330565854237 ) ) ;
#4236 = DIRECTION ( 'NONE',  ( 1.951563910473907350E-14, 0.000000000000000000, -1.000000000000000000 ) ) ;
#4237 = DIRECTION ( 'NONE',  ( 8.267803524841207511E-28, -2.323290369603518374E-16, -1.000000000000000000 ) ) ;
#4238 = CARTESIAN_POINT ( 'NONE',  ( -0.5196850389264352499, 0.2421259842519683514, -2.147350872166210880E-05 ) ) ;
#4239 = ORIENTED_EDGE ( 'NONE', *, *, #5632, .F. ) ;
#4240 = CIRCLE ( 'NONE', #7228, 0.01181102362204724567 ) ;
#4241 = ORIENTED_EDGE ( 'NONE', *, *, #8332, .T. ) ;
#4242 = CYLINDRICAL_SURFACE ( 'NONE', #5081, 0.01181102362204724046 ) ;
#4243 = VERTEX_POINT ( 'NONE', #4160 ) ;
#4244 = DIRECTION ( 'NONE',  ( 1.000000000000000000, 2.669637467189900051E-16, 0.000000000000000000 ) ) ;
#4245 = DIRECTION ( 'NONE',  ( 4.078893220340669608E-32, -2.220446049250309876E-16, -1.000000000000000000 ) ) ;
#4246 = EDGE_CURVE ( 'NONE', #7860, #7837, #4320, .T. ) ;
#4247 = PLANE ( 'NONE',  #3125 ) ;
#4248 = DIRECTION ( 'NONE',  ( -2.982960006829620341E-15, -1.000000000000000000, -9.958396954279348366E-17 ) ) ;
#4249 = CARTESIAN_POINT ( 'NONE',  ( -0.1736087076179499700, 0.07283464566101865989, -0.01970781430357135613 ) ) ;
#4250 = CARTESIAN_POINT ( 'NONE',  ( 1.311929898324474353E-05, 0.4842519685004647578, -0.3175029982805939732 ) ) ;
#4251 = ORIENTED_EDGE ( 'NONE', *, *, #4246, .F. ) ;
#4252 = ORIENTED_EDGE ( 'NONE', *, *, #6474, .F. ) ;
#4253 = ORIENTED_EDGE ( 'NONE', *, *, #6699, .F. ) ;
#4254 = CARTESIAN_POINT ( 'NONE',  ( -2.731847993664263218E-16, 0.2755905511811020947, -0.04429133862048779957 ) ) ;
#4255 = ORIENTED_EDGE ( 'NONE', *, *, #9072, .T. ) ;
#4256 = CARTESIAN_POINT ( 'NONE',  ( -0.4960509535241560686, 0.2755905511819907172, -0.2913590798686009342 ) ) ;
#4257 = VERTEX_POINT ( 'NONE', #1137 ) ;
#4258 = CIRCLE ( 'NONE', #10101, 0.01181102362204724046 ) ;
#4259 = DIRECTION ( 'NONE',  ( -5.551115123125759899E-17, -9.436895709313830594E-16, -1.000000000000000000 ) ) ;
#4260 = AXIS2_PLACEMENT_3D ( 'NONE', #4702, #7780, #6154 ) ;
#4261 = DIRECTION ( 'NONE',  ( 0.0008255066504744835694, 0.000000000000000000, -0.9999996592693269903 ) ) ;
#4262 = CARTESIAN_POINT ( 'NONE',  ( -0.5531442385204589085, 0.03149606299212852345, -0.3346456691804258754 ) ) ;
#4263 = CARTESIAN_POINT ( 'NONE',  ( -0.5521673488273216579, 0.4848891087573010128, -0.3174346061118418771 ) ) ;
#4264 = VERTEX_POINT ( 'NONE', #5035 ) ;
#4265 = ADVANCED_FACE ( 'NONE', ( #7379 ), #6547, .F. ) ;
#4266 = CIRCLE ( 'NONE', #10110, 0.04527559055118110520 ) ;
#4267 = VECTOR ( 'NONE', #5462, 39.37007874015748143 ) ;
#4268 = VERTEX_POINT ( 'NONE', #7327 ) ;
#4269 = ORIENTED_EDGE ( 'NONE', *, *, #1997, .F. ) ;
#4270 = CARTESIAN_POINT ( 'NONE',  ( -0.01377415978030094822, 0.01968503937007875723, 0.01377952766996799576 ) ) ;
#4271 = DIRECTION ( 'NONE',  ( -1.000000000000000000, 9.634711363903441210E-15, -1.929231152724350329E-14 ) ) ;
#4272 = CIRCLE ( 'NONE', #628, 0.02755905514025893885 ) ;
#4273 = DIRECTION ( 'NONE',  ( 1.000000000000000000, -2.982960006829620341E-15, 0.000000000000000000 ) ) ;
#4274 = AXIS2_PLACEMENT_3D ( 'NONE', #9164, #7434, #4261 ) ;
#4275 = CARTESIAN_POINT ( 'NONE',  ( -0.4468450259220339005, 0.1555118110236194118, 0.01574803160697565291 ) ) ;
#4276 = CARTESIAN_POINT ( 'NONE',  ( -0.03936812663661882344, 0.4645669291338582196, -0.04724409421258921049 ) ) ;
#4277 = B_SPLINE_CURVE_WITH_KNOTS ( 'NONE', 3,
 ( #1030, #4212, #8282, #6604, #5724, #5820, #4263, #7288, #1861, #3483 ),
 .UNSPECIFIED., .F., .F.,
 ( 4, 2, 2, 2, 4 ),
 ( 0.000000000000000000, 0.2500000000000041633, 0.3750000000000062172, 0.5000000000000083267, 1.000000000000000000 ),
 .UNSPECIFIED. ) ;
#4278 = VECTOR ( 'NONE', #1684, 39.37007874015748143 ) ;
#4279 = CIRCLE ( 'NONE', #6944, 0.01968503936870183782 ) ;
#4280 = ORIENTED_EDGE ( 'NONE', *, *, #5245, .F. ) ;
#4281 = EDGE_CURVE ( 'NONE', #8569, #8997, #9798, .T. ) ;
#4282 = ORIENTED_EDGE ( 'NONE', *, *, #7805, .F. ) ;
#4283 = CARTESIAN_POINT ( 'NONE',  ( -0.003931640095258290106, 0.2436224456674896122, -0.3543307085505032483 ) ) ;
#4284 = CARTESIAN_POINT ( 'NONE',  ( 0.04557623434267697032, 0.2755905511811020947, -0.1299212597316068418 ) ) ;
#4285 = CARTESIAN_POINT ( 'NONE',  ( -0.3503889014928985857, 0.01377952755905360177, -0.1161562105332166472 ) ) ;
#4286 = LINE ( 'NONE', #2562, #1064 ) ;
#4287 = AXIS2_PLACEMENT_3D ( 'NONE', #3814, #1983, #5158 ) ;
#4288 = CARTESIAN_POINT ( 'NONE',  ( -0.4551685378474741861, 0.1555118110236194118, 0.01096626023947874784 ) ) ;
#4289 = CARTESIAN_POINT ( 'NONE',  ( -0.4586560495440809571, 0.1149606299212581617, -0.3405511809914499310 ) ) ;
#4290 = VERTEX_POINT ( 'NONE', #7484 ) ;
#4291 = EDGE_CURVE ( 'NONE', #1268, #7688, #1857, .T. ) ;
#4292 = ORIENTED_EDGE ( 'NONE', *, *, #3668, .F. ) ;
#4293 = VECTOR ( 'NONE', #7206, 39.37007874015748143 ) ;
#4294 = EDGE_CURVE ( 'NONE', #2619, #9062, #7478, .T. ) ;
#4295 = CARTESIAN_POINT ( 'NONE',  ( -0.003847934001295536931, 0.4705561470388477385, 0.01574803160697579515 ) ) ;
#4296 = ORIENTED_EDGE ( 'NONE', *, *, #9281, .F. ) ;
#4297 = CARTESIAN_POINT ( 'NONE',  ( -0.2795253626741990294, 0.01377952755905360177, -0.05316115639868677217 ) ) ;
#4298 = DIRECTION ( 'NONE',  ( 0.000000000000000000, 1.000000000000000000, -2.220446049351462798E-16 ) ) ;
#4299 = FACE_OUTER_BOUND ( 'NONE', #5511, .T. ) ;
#4300 = LINE ( 'NONE', #1223, #3284 ) ;
#4301 = FACE_OUTER_BOUND ( 'NONE', #4038, .T. ) ;
#4302 = DIRECTION ( 'NONE',  ( -1.000000000000000000, 0.000000000000000000, 0.000000000000000000 ) ) ;
#4303 = ORIENTED_EDGE ( 'NONE', *, *, #7675, .T. ) ;
#4304 = EDGE_CURVE ( 'NONE', #7839, #9259, #298, .T. ) ;
#4305 = ORIENTED_EDGE ( 'NONE', *, *, #9850, .T. ) ;
#4307 = ORIENTED_EDGE ( 'NONE', *, *, #9433, .F. ) ;
#4306 = EDGE_CURVE ( 'NONE', #966, #2795, #4937, .T. ) ;
#4308 = ORIENTED_EDGE ( 'NONE', *, *, #6191, .F. ) ;
#4309 = LINE ( 'NONE', #6073, #1725 ) ;
#4310 = EDGE_LOOP ( 'NONE', ( #9324, #2363, #9029, #2445 ) ) ;
#4311 = CARTESIAN_POINT ( 'NONE',  ( -0.5531442385204589085, 0.4862204724409451839, -0.3248031494954397580 ) ) ;
#4312 = EDGE_LOOP ( 'NONE', ( #5056, #2996, #2175, #1182 ) ) ;
#4313 = LINE ( 'NONE', #3373, #2993 ) ;
#4314 = LINE ( 'NONE', #6601, #1279 ) ;
#4315 = DIRECTION ( 'NONE',  ( 6.123638448986479919E-17, -1.000000000000000000, -9.958396954279598582E-17 ) ) ;
#4316 = DIRECTION ( 'NONE',  ( 0.9999999991463190963, 3.082923038283490841E-21, 4.132023647999851065E-05 ) ) ;
#4317 = DIRECTION ( 'NONE',  ( 0.000000000000000000, 1.000000000000000000, -2.168404344971008868E-16 ) ) ;
#4318 = ORIENTED_EDGE ( 'NONE', *, *, #3865, .T. ) ;
#4319 = B_SPLINE_CURVE_WITH_KNOTS ( 'NONE', 3,
 ( #10057, #2907, #1457, #6861 ),
 .UNSPECIFIED., .F., .F.,
 ( 4, 4 ),
 ( 0.000000000000000000, 1.000000000000000000 ),
 .UNSPECIFIED. ) ;
#4320 = CIRCLE ( 'NONE', #4978, 0.02952755905511810289 ) ;
#4321 = ADVANCED_FACE ( 'NONE', ( #349, #8224 ), #5090, .F. ) ;
#4323 = VERTEX_POINT ( 'NONE', #1759 ) ;
#4322 = EDGE_CURVE ( 'NONE', #7953, #5898, #8278, .T. ) ;
#4324 = ORIENTED_EDGE ( 'NONE', *, *, #367, .T. ) ;
#4325 = CARTESIAN_POINT ( 'NONE',  ( -0.5531442385204589085, 0.2480314960629948773, -0.3405511809914502086 ) ) ;
#4326 = CARTESIAN_POINT ( 'NONE',  ( -0.3641794802528413588, 0.01968503937007875723, -0.05712043728564969447 ) ) ;
#4327 = FACE_OUTER_BOUND ( 'NONE', #2915, .T. ) ;
#4328 = DIRECTION ( 'NONE',  ( 0.000000000000000000, 1.000000000000000000, -2.356961244533705420E-16 ) ) ;
#4329 = VERTEX_POINT ( 'NONE', #7432 ) ;
#4330 = ORIENTED_EDGE ( 'NONE', *, *, #9257, .T. ) ;
#4331 = DIRECTION ( 'NONE',  ( 1.000000000000000000, 4.879703635931580299E-31, -6.245969335281450904E-16 ) ) ;
#4332 = FACE_OUTER_BOUND ( 'NONE', #3246, .T. ) ;
#4333 = CARTESIAN_POINT ( 'NONE',  ( -0.04133776837922725766, 0.2457884722556816504, -0.01970781430357135613 ) ) ;
#4334 = CARTESIAN_POINT ( 'NONE',  ( -0.1161363645047149701, 0.2696028754788729609, -0.3405511809914504862 ) ) ;
#4335 = LINE ( 'NONE', #225, #7461 ) ;
#4336 = CARTESIAN_POINT ( 'NONE',  ( -0.5374758135490458333, 0.09834559032574947957, 0.009696850504613734392 ) ) ;
#4337 = VERTEX_POINT ( 'NONE', #3479 ) ;
#4338 = EDGE_LOOP ( 'NONE', ( #780, #10311, #4142, #9297, #3309, #4762 ) ) ;
#4339 = ADVANCED_FACE ( 'NONE', ( #8122 ), #4110, .T. ) ;
#4340 = FACE_OUTER_BOUND ( 'NONE', #1461, .T. ) ;
#4341 = ORIENTED_EDGE ( 'NONE', *, *, #6443, .T. ) ;
#4342 = CARTESIAN_POINT ( 'NONE',  ( -0.5531442385204589085, 0.3279258747788634798, 0.01377952766996799576 ) ) ;
#4343 = CARTESIAN_POINT ( 'NONE',  ( -0.05708124639447951371, -0.1082677165354372639, -0.3270588496977320792 ) ) ;
#4344 = DIRECTION ( 'NONE',  ( -1.000000000000000000, 9.634711363903441210E-15, -1.929231152724350329E-14 ) ) ;
#4345 = CARTESIAN_POINT ( 'NONE',  ( -0.4975276919558053734, 0.01968503937007875723, 0.001968504047920685909 ) ) ;
#4346 = DIRECTION ( 'NONE',  ( 4.132023649202460990E-05, 2.166364731999629866E-16, -0.9999999991463190963 ) ) ;
#4347 = CARTESIAN_POINT ( 'NONE',  ( -0.5531442385204589085, 0.2342519685039071153, 0.01377952766996799576 ) ) ;
#4348 = ORIENTED_EDGE ( 'NONE', *, *, #5634, .F. ) ;
#4349 = EDGE_CURVE ( 'NONE', #7613, #7953, #4313, .T. ) ;
#4350 = CIRCLE ( 'NONE', #525, 0.01181102362204724046 ) ;
#4351 = EDGE_CURVE ( 'NONE', #6454, #158, #8978, .T. ) ;
#4352 = ORIENTED_EDGE ( 'NONE', *, *, #113, .T. ) ;
#4353 = EDGE_LOOP ( 'NONE', ( #9861, #7510, #2967, #2797, #4118, #1975 ) ) ;
#4354 = EDGE_CURVE ( 'NONE', #8981, #795, #8072, .T. ) ;
#4355 = DIRECTION ( 'NONE',  ( 0.000000000000000000, -3.645972412869020137E-13, 1.000000000000000000 ) ) ;
#4356 = VERTEX_POINT ( 'NONE', #7640 ) ;
#4357 = CARTESIAN_POINT ( 'NONE',  ( -0.4547190416700650495, 0.2342519685039251565, 0.02755905522902296276 ) ) ;
#4358 = LINE ( 'NONE', #9110, #5150 ) ;
#4359 = CARTESIAN_POINT ( 'NONE',  ( -0.5314960625374112180, 0.2421259842519683514, -2.196154301066040838E-05 ) ) ;
#4360 = CARTESIAN_POINT ( 'NONE',  ( -0.1417275656976786091, 0.02755905513139873461, -0.1161475885974698197 ) ) ;
#4361 = CARTESIAN_POINT ( 'NONE',  ( -0.03935673911401197517, 0.2421259842519683514, -1.626229768465824687E-06 ) ) ;
#4362 = EDGE_CURVE ( 'NONE', #3675, #7903, #4358, .T. ) ;
#4364 = VECTOR ( 'NONE', #1243, 39.37007874015748143 ) ;
#4363 = PLANE ( 'NONE',  #308 ) ;
#4365 = ORIENTED_EDGE ( 'NONE', *, *, #3793, .T. ) ;
#4366 = VECTOR ( 'NONE', #7852, 39.37007874015748143 ) ;
#4367 = EDGE_LOOP ( 'NONE', ( #1636, #8648, #1312, #6853, #2505, #516, #8218, #8714, #2832, #2886, #370 ) ) ;
#4368 = AXIS2_PLACEMENT_3D ( 'NONE', #2436, #1657, #6342 ) ;
#4369 = AXIS2_PLACEMENT_3D ( 'NONE', #10252, #9420, #660 ) ;
#4370 = DIRECTION ( 'NONE',  ( 0.000000000000000000, 1.000000000000000000, -9.436895709313830594E-16 ) ) ;
#4371 = VERTEX_POINT ( 'NONE', #6917 ) ;
#4372 = CARTESIAN_POINT ( 'NONE',  ( -0.04723872670943112667, 0.4239038302175392459, 0.01574803160697565291 ) ) ;
#4373 = CYLINDRICAL_SURFACE ( 'NONE', #7252, 0.02362204724409448092 ) ;
#4374 = DIRECTION ( 'NONE',  ( -1.000000000000000000, 1.259585646868319844E-15, -1.320822031358179910E-15 ) ) ;
#4375 = EDGE_CURVE ( 'NONE', #6714, #8408, #7695, .T. ) ;
#4376 = CARTESIAN_POINT ( 'NONE',  ( -0.5531442385204589085, 0.4921259842519686845, 1.109127553579697145E-10 ) ) ;
#4377 = ORIENTED_EDGE ( 'NONE', *, *, #4807, .F. ) ;
#4378 = VECTOR ( 'NONE', #1006, 39.37007874015748143 ) ;
#4379 = VECTOR ( 'NONE', #7561, 39.37007874015748143 ) ;
#4380 = ORIENTED_EDGE ( 'NONE', *, *, #7150, .T. ) ;
#4381 = EDGE_LOOP ( 'NONE', ( #7664, #9974, #7559, #1775 ) ) ;
#4382 = AXIS2_PLACEMENT_3D ( 'NONE', #6894, #7619, #10141 ) ;
#4383 = AXIS2_PLACEMENT_3D ( 'NONE', #9810, #2656, #8006 ) ;
#4384 = VERTEX_POINT ( 'NONE', #10003 ) ;
#4385 = LINE ( 'NONE', #10022, #7419 ) ;
#4386 = LINE ( 'NONE', #9243, #4379 ) ;
#4387 = CARTESIAN_POINT ( 'NONE',  ( -0.4035379393078605825, 0.1149606299212581617, 0.01377952766996799576 ) ) ;
#4388 = DIRECTION ( 'NONE',  ( 1.000000000000000000, 0.000000000000000000, 0.000000000000000000 ) ) ;
#4389 = DIRECTION ( 'NONE',  ( -4.132023648018220838E-05, -7.221721796416451283E-17, 0.9999999991463190963 ) ) ;
#4390 = DIRECTION ( 'NONE',  ( -1.000000000000000000, 1.437166293563720158E-14, -2.220446049248289653E-16 ) ) ;
#4391 = ORIENTED_EDGE ( 'NONE', *, *, #807, .T. ) ;
#4392 = VECTOR ( 'NONE', #9303, 39.37007874015748143 ) ;
#4393 = EDGE_LOOP ( 'NONE', ( #9793, #7923, #2242, #2465, #684, #644, #790, #665 ) ) ;
#4394 = CARTESIAN_POINT ( 'NONE',  ( -0.4468450259220339005, 0.1240157480314870719, -0.3425196849284575795 ) ) ;
#4395 = ORIENTED_EDGE ( 'NONE', *, *, #2197, .T. ) ;
#4396 = CARTESIAN_POINT ( 'NONE',  ( -0.003931640095261022295, 0.01968503937007875723, 0.01181102373296006453 ) ) ;
#4397 = CARTESIAN_POINT ( 'NONE',  ( -0.4157984591073162206, 0.1240157480314862393, -0.3534859450570232986 ) ) ;
#4398 = DIRECTION ( 'NONE',  ( -0.9999999991463190963, 5.994938449183140674E-15, -4.132023649070880859E-05 ) ) ;
#4399 = VECTOR ( 'NONE', #3807, 39.37007874015748854 ) ;
#4400 = DIRECTION ( 'NONE',  ( 1.259585646868319844E-15, 1.000000000000000000, -2.220446049250309876E-16 ) ) ;
#4401 = CARTESIAN_POINT ( 'NONE',  ( -0.4665300652921126612, -0.03212048659236530629, -0.3270588496959768721 ) ) ;
#4402 = DIRECTION ( 'NONE',  ( -0.7071067811865295871, -0.7071067811865652253, 7.565767418818986025E-32 ) ) ;
#4403 = ORIENTED_EDGE ( 'NONE', *, *, #2510, .F. ) ;
#4404 = ORIENTED_EDGE ( 'NONE', *, *, #6299, .T. ) ;
#4405 = ORIENTED_EDGE ( 'NONE', *, *, #2906, .T. ) ;
#4406 = CARTESIAN_POINT ( 'NONE',  ( -0.05314399386119541407, -0.1003936897637803943, -0.1358288863528355761 ) ) ;
#4407 = VERTEX_POINT ( 'NONE', #4580 ) ;
#4408 = EDGE_CURVE ( 'NONE', #7475, #5488, #8534, .T. ) ;
#4409 = CARTESIAN_POINT ( 'NONE',  ( -0.4074749471818807645, -0.1082677165354328924, -0.3262529570661537037 ) ) ;
#4410 = EDGE_CURVE ( 'NONE', #6219, #1564, #6133, .T. ) ;
#4411 = DIRECTION ( 'NONE',  ( 0.000000000000000000, 0.8576492837990757900, 0.5142350688147709903 ) ) ;
#4412 = CARTESIAN_POINT ( 'NONE',  ( -0.5314827233659782380, 0.01968503937007903132, -0.04724409421259004316 ) ) ;
#4413 = CARTESIAN_POINT ( 'NONE',  ( -0.5314827233659782380, 0.2480314960629924070, -0.04724409421259004316 ) ) ;
#4414 = FACE_OUTER_BOUND ( 'NONE', #5805, .T. ) ;
#4415 = CARTESIAN_POINT ( 'NONE',  ( -0.5531442385204589085, 0.02165354330708013295, 0.007874015858944203791 ) ) ;
#4416 = ORIENTED_EDGE ( 'NONE', *, *, #6896, .F. ) ;
#4417 = EDGE_CURVE ( 'NONE', #1649, #4056, #7532, .T. ) ;
#4418 = ADVANCED_FACE ( 'NONE', ( #3741 ), #9268, .T. ) ;
#4419 = ORIENTED_EDGE ( 'NONE', *, *, #8176, .F. ) ;
#4420 = CARTESIAN_POINT ( 'NONE',  ( -0.4074749471818818747, -0.08706252215412407791, -0.01323304811319372769 ) ) ;
#4421 = ORIENTED_EDGE ( 'NONE', *, *, #7824, .F. ) ;
#4422 = EDGE_CURVE ( 'NONE', #8598, #9468, #1183, .T. ) ;
#4423 = DIRECTION ( 'NONE',  ( 1.000000000000000000, -2.982960006829620341E-15, 0.000000000000000000 ) ) ;
#4424 = CARTESIAN_POINT ( 'NONE',  ( -0.1161363645047174403, -0.1377952755905554050, -0.3287401573694028745 ) ) ;
#4425 = CARTESIAN_POINT ( 'NONE',  ( -0.03935673911401197517, 0.01181102361377390705, -0.04724409421258948805 ) ) ;
#4426 = DIRECTION ( 'NONE',  ( 1.908195823574486226E-14, 0.000000000000000000, -1.000000000000000000 ) ) ;
#4427 = AXIS2_PLACEMENT_3D ( 'NONE', #7155, #9419, #1590 ) ;
#4428 = VECTOR ( 'NONE', #4599, 39.37007874015748143 ) ;
#4429 = ADVANCED_FACE ( 'NONE', ( #5242 ), #9326, .T. ) ;
#4430 = ORIENTED_EDGE ( 'NONE', *, *, #5693, .T. ) ;
#4431 = ADVANCED_FACE ( 'NONE', ( #566, #6021 ), #2905, .T. ) ;
#4432 = B_SPLINE_CURVE_WITH_KNOTS ( 'NONE', 3,
 ( #6445, #4980, #149, #2532, #1756, #5811, #1080, #294, #3474, #4203, #9838, #5858, #4934, #5666, #7323, #1909, #8014, #1709, #2586, #5763, #8069, #8949, #879, #1809, #929, #8274, #3738, #2013, #6129, #10052, #3629, #7637, #5968, #9323 ),
 .UNSPECIFIED., .F., .F.,
 ( 4, 1, 2, 2, 1, 2, 2, 2, 2, 2, 2, 2, 1, 2, 2, 1, 2, 2, 4 ),
 ( 0.000000000000000000, 0.06250000000000191513, 0.09375000000000249800, 0.1250000000000030809, 0.1875000000000051348, 0.2187500000000058842, 0.2500000000000066613, 0.3125000000000074940, 0.3750000000000083822, 0.5000000000000084377, 0.5625000000000077716, 0.6250000000000069944, 0.6875000000000063283, 0.7187500000000058842, 0.7500000000000055511, 0.8125000000000042188, 0.8437500000000034417, 0.8750000000000025535, 1.000000000000000000 ),
 .UNSPECIFIED. ) ;
#4433 = ORIENTED_EDGE ( 'NONE', *, *, #1893, .T. ) ;
#4434 = AXIS2_PLACEMENT_3D ( 'NONE', #6829, #591, #6888 ) ;
#4435 = CIRCLE ( 'NONE', #1103, 0.07086614131889723556 ) ;
#4436 = ORIENTED_EDGE ( 'NONE', *, *, #983, .T. ) ;
#4437 = LINE ( 'NONE', #6946, #2281 ) ;
#4438 = DIRECTION ( 'NONE',  ( -1.956239355474899994E-14, -2.368475785865020053E-15, 1.000000000000000000 ) ) ;
#4439 = DIRECTION ( 'NONE',  ( 4.336808708445713171E-16, -1.000000000000000000, 0.000000000000000000 ) ) ;
#4440 = CARTESIAN_POINT ( 'NONE',  ( -0.5452702227724276485, 0.2342519685039251565, 0.02755905522902296276 ) ) ;
#4441 = PLANE ( 'NONE',  #1216 ) ;
#4442 = ORIENTED_EDGE ( 'NONE', *, *, #2158, .F. ) ;
#4443 = VECTOR ( 'NONE', #4971, 39.37007874015748143 ) ;
#4444 = AXIS2_PLACEMENT_3D ( 'NONE', #1798, #9093, #9149 ) ;
#4445 = EDGE_CURVE ( 'NONE', #148, #654, #8427, .T. ) ;
#4446 = ORIENTED_EDGE ( 'NONE', *, *, #6387, .T. ) ;
#4447 = CARTESIAN_POINT ( 'NONE',  ( -0.01377415978030067413, 0.01968503937007821253, -0.3287401573694021528 ) ) ;
#4448 = ORIENTED_EDGE ( 'NONE', *, *, #2581, .F. ) ;
#4449 = CARTESIAN_POINT ( 'NONE',  ( -0.5531442385204589085, 0.2344427274748755174, -0.3246574802040486096 ) ) ;
#4450 = CIRCLE ( 'NONE', #5109, 0.04527559055118110520 ) ;
#4451 = DIRECTION ( 'NONE',  ( -4.298990847548506380E-16, 1.000000000000000000, 0.000000000000000000 ) ) ;
#4452 = CIRCLE ( 'NONE', #130, 0.007874015748031499423 ) ;
#4453 = FACE_OUTER_BOUND ( 'NONE', #7282, .T. ) ;
#4454 = CARTESIAN_POINT ( 'NONE',  ( -0.4783410889141597178, 0.01968503937007875723, -0.3405511809914488208 ) ) ;
#4455 = CARTESIAN_POINT ( 'NONE',  ( 5.367778755658163867E-06, 0.4895731408084721403, -0.3320928257369337167 ) ) ;
#4456 = DIRECTION ( 'NONE',  ( -2.439775995528935424E-31, -1.000000000000000000, 2.220446049250329844E-16 ) ) ;
#4457 = EDGE_LOOP ( 'NONE', ( #6240, #4930, #658, #1038 ) ) ;
#4458 = EDGE_LOOP ( 'NONE', ( #5372, #8449, #7957, #4027 ) ) ;
#4459 = AXIS2_PLACEMENT_3D ( 'NONE', #6506, #948, #1926 ) ;
#4460 = ORIENTED_EDGE ( 'NONE', *, *, #3793, .F. ) ;
#4461 = VERTEX_POINT ( 'NONE', #509 ) ;
#4462 = LINE ( 'NONE', #1179, #3900 ) ;
#4463 = ORIENTED_EDGE ( 'NONE', *, *, #2262, .F. ) ;
#4464 = CARTESIAN_POINT ( 'NONE',  ( -0.1023518745987721801, 0.1062992126077747096, -0.2716577727241750728 ) ) ;
#4465 = DIRECTION ( 'NONE',  ( -4.132023651838004683E-05, -1.027984282060329765E-15, 0.9999999991463189852 ) ) ;
#4466 = CARTESIAN_POINT ( 'NONE',  ( -0.1736087076179499700, 0.09251968503109740671, -0.01970781430357135960 ) ) ;
#4467 = PLANE ( 'NONE',  #793 ) ;
#4468 = CARTESIAN_POINT ( 'NONE',  ( -0.4665300652921126612, 0.4685861009001065502, 0.01377952766996799576 ) ) ;
#4469 = VECTOR ( 'NONE', #9166, 39.37007874015748143 ) ;
#4470 = DIRECTION ( 'NONE',  ( -0.9999999883235000109, 0.0001528168824495284976, 0.000000000000000000 ) ) ;
#4471 = DIRECTION ( 'NONE',  ( 1.956239355474899994E-14, -2.220446049250560093E-16, -1.000000000000000000 ) ) ;
#4472 = ORIENTED_EDGE ( 'NONE', *, *, #2065, .T. ) ;
#4473 = EDGE_CURVE ( 'NONE', #10172, #9629, #5349, .T. ) ;
#4474 = ORIENTED_EDGE ( 'NONE', *, *, #6648, .T. ) ;
#4475 = AXIS2_PLACEMENT_3D ( 'NONE', #1111, #6783, #9982 ) ;
#4476 = CARTESIAN_POINT ( 'NONE',  ( -0.05510997628355818884, 0.01377952755905360177, -0.1968526710260860568 ) ) ;
#4477 = DIRECTION ( 'NONE',  ( 1.320822031358179910E-15, -2.123990403742230127E-31, -1.000000000000000000 ) ) ;
#4478 = ORIENTED_EDGE ( 'NONE', *, *, #1997, .T. ) ;
#4479 = LINE ( 'NONE', #4372, #8693 ) ;
#4480 = EDGE_CURVE ( 'NONE', #293, #5226, #6860, .T. ) ;
#4481 = LINE ( 'NONE', #8443, #1270 ) ;
#4482 = LINE ( 'NONE', #8339, #9957 ) ;
#4483 = LINE ( 'NONE', #7771, #6619 ) ;
#4484 = EDGE_CURVE ( 'NONE', #3320, #8865, #7313, .T. ) ;
#4485 = ORIENTED_EDGE ( 'NONE', *, *, #8570, .T. ) ;
#4486 = EDGE_CURVE ( 'NONE', #8036, #6692, #2746, .T. ) ;
#4487 = ORIENTED_EDGE ( 'NONE', *, *, #7659, .F. ) ;
#4488 = ORIENTED_EDGE ( 'NONE', *, *, #2277, .F. ) ;
#4489 = EDGE_CURVE ( 'NONE', #2952, #9045, #3681, .T. ) ;
#4490 = ORIENTED_EDGE ( 'NONE', *, *, #3204, .T. ) ;
#4491 = DIRECTION ( 'NONE',  ( 1.098777426433149983E-15, -2.220446049250329844E-16, -1.000000000000000000 ) ) ;
#4492 = CARTESIAN_POINT ( 'NONE',  ( -0.003931640095259656201, 0.4862204724409451839, -0.3169291337473610359 ) ) ;
#4493 = PRESENTATION_STYLE_ASSIGNMENT (( #9979 ) ) ;
#4494 = CARTESIAN_POINT ( 'NONE',  ( -0.3877899078117976184, 0.02165354330708013295, 0.02755905522902296276 ) ) ;
#4495 = CARTESIAN_POINT ( 'NONE',  ( -0.5314959760867358218, 0.2480314960629948773, -0.002114173117433575458 ) ) ;
#4496 = ADVANCED_FACE ( 'NONE', ( #6076 ), #9214, .F. ) ;
#4497 = ORIENTED_EDGE ( 'NONE', *, *, #3703, .T. ) ;
#4498 = VECTOR ( 'NONE', #7754, 39.37007874015748854 ) ;
#4499 = ORIENTED_EDGE ( 'NONE', *, *, #2633, .T. ) ;
#4500 = LINE ( 'NONE', #1998, #6181 ) ;
#4501 = VERTEX_POINT ( 'NONE', #2122 ) ;
#4502 = VERTEX_POINT ( 'NONE', #5191 ) ;
#4503 = DIRECTION ( 'NONE',  ( 1.558565078498134758E-15, -0.8576492809131517348, -0.5142350736279599488 ) ) ;
#4504 = CARTESIAN_POINT ( 'NONE',  ( 6.669801951282550768E-06, 0.2421259842519683514, -0.1614173226968466102 ) ) ;
#4505 = DIRECTION ( 'NONE',  ( 1.000000000000000000, -1.259585646868319844E-15, 1.320822031358179910E-15 ) ) ;
#4506 = LINE ( 'NONE', #4567, #8936 ) ;
#4507 = FACE_OUTER_BOUND ( 'NONE', #1077, .T. ) ;
#4508 = ADVANCED_FACE ( 'NONE', ( #3847 ), #7854, .T. ) ;
#4509 = CARTESIAN_POINT ( 'NONE',  ( -0.1161363645047149701, -0.03819412916546149894, -0.3371885656384929764 ) ) ;
#4510 = EDGE_CURVE ( 'NONE', #3035, #4204, #3212, .T. ) ;
#4511 = VERTEX_POINT ( 'NONE', #721 ) ;
#4512 = ORIENTED_EDGE ( 'NONE', *, *, #5320, .T. ) ;
#4513 = AXIS2_PLACEMENT_3D ( 'NONE', #2521, #8104, #4146 ) ;
#4514 = ORIENTED_EDGE ( 'NONE', *, *, #7293, .F. ) ;
#4515 = ORIENTED_EDGE ( 'NONE', *, *, #3087, .T. ) ;
#4516 = FACE_OUTER_BOUND ( 'NONE', #1918, .T. ) ;
#4517 = ORIENTED_EDGE ( 'NONE', *, *, #6563, .T. ) ;
#4518 = CARTESIAN_POINT ( 'NONE',  ( -0.4661436203602172812, -0.1135259968720656182, -0.3287401573694021528 ) ) ;
#4519 = DIRECTION ( 'NONE',  ( 1.929231152724350329E-14, -2.220446049250560093E-16, -1.000000000000000000 ) ) ;
#4520 = CARTESIAN_POINT ( 'NONE',  ( -0.4665300652921171021, -0.08706252217157321727, -0.3135386052364685927 ) ) ;
#4521 = CARTESIAN_POINT ( 'NONE',  ( -0.5531442385204589085, 0.2480314960629948773, -0.002114173117433575458 ) ) ;
#4522 = VECTOR ( 'NONE', #5100, 39.37007874015748143 ) ;
#4523 = CARTESIAN_POINT ( 'NONE',  ( -0.4074749471818763791, -0.03819412915420820204, -0.3371885656452346947 ) ) ;
#4524 = DIRECTION ( 'NONE',  ( -0.0002428054473748854185, -0.9999999415021886273, 0.0002409172758470259370 ) ) ;
#4525 = CARTESIAN_POINT ( 'NONE',  ( -0.05314207746831550727, 0.2191017434821162513, -0.1822079258546106806 ) ) ;
#4526 = ORIENTED_EDGE ( 'NONE', *, *, #9141, .T. ) ;
#4527 = ORIENTED_EDGE ( 'NONE', *, *, #8715, .T. ) ;
#4528 = CARTESIAN_POINT ( 'NONE',  ( -0.4074749471818823743, -0.07086614189298837130, 0.01377952766996362426 ) ) ;
#4529 = CARTESIAN_POINT ( 'NONE',  ( -0.5531442385204589085, 0.4685861009001065502, 0.001968504047920685909 ) ) ;
#4530 = EDGE_LOOP ( 'NONE', ( #1450, #2061, #7820, #6544, #8463, #3153, #7967, #7045, #1658, #7589, #1905, #4517, #1101 ) ) ;
#4531 = LINE ( 'NONE', #3810, #6508 ) ;
#4532 = AXIS2_PLACEMENT_3D ( 'NONE', #2520, #7907, #4778 ) ;
#4533 = PLANE ( 'NONE',  #6099 ) ;
#4534 = DIRECTION ( 'NONE',  ( -1.000000000000000000, 1.608082204351299748E-16, 0.000000000000000000 ) ) ;
#4535 = CARTESIAN_POINT ( 'NONE',  ( -0.4547190416700650495, 0.1318897637795195810, -0.3543307085505046361 ) ) ;
#4536 = ORIENTED_EDGE ( 'NONE', *, *, #7162, .T. ) ;
#4537 = AXIS2_PLACEMENT_3D ( 'NONE', #8063, #8842, #5662 ) ;
#4538 = EDGE_CURVE ( 'NONE', #2935, #7937, #7159, .T. ) ;
#4539 = AXIS2_PLACEMENT_3D ( 'NONE', #21, #7111, #6368 ) ;
#4540 = ORIENTED_EDGE ( 'NONE', *, *, #1132, .T. ) ;
#4541 = VERTEX_POINT ( 'NONE', #9432 ) ;
#4542 = CARTESIAN_POINT ( 'NONE',  ( -0.4507820337960491974, 0.1622047244094487750, -0.3405511809914499310 ) ) ;
#4543 = CARTESIAN_POINT ( 'NONE',  ( -0.2795195062627255922, 0.1594488189043318516, -0.1948934397405789332 ) ) ;
#4544 = EDGE_CURVE ( 'NONE', #4268, #6268, #1455, .T. ) ;
#4545 = ADVANCED_FACE ( 'NONE', ( #6973 ), #1602, .T. ) ;
#4546 = LINE ( 'NONE', #592, #890 ) ;
#4547 = CIRCLE ( 'NONE', #2543, 0.02755905514025893885 ) ;
#4548 = FILL_AREA_STYLE ('',( #2874 ) ) ;
#4549 = VECTOR ( 'NONE', #8300, 39.37007874015748143 ) ;
#4550 = CARTESIAN_POINT ( 'NONE',  ( 5.367778755658163867E-06, 0.1545275599213856710, -0.1299067771243375968 ) ) ;
#4551 =( LENGTH_UNIT ( ) NAMED_UNIT ( * ) SI_UNIT ( $, .METRE. ) );
#4552 = CARTESIAN_POINT ( 'NONE',  ( -0.04723872670943385366, 0.03149606299212852345, -0.3543307085505043585 ) ) ;
#4553 = ORIENTED_EDGE ( 'NONE', *, *, #1499, .F. ) ;
#4554 = ADVANCED_FACE ( 'NONE', ( #10162 ), #8641, .F. ) ;
#4555 = EDGE_CURVE ( 'NONE', #5727, #9966, #3012, .T. ) ;
#4556 = ORIENTED_EDGE ( 'NONE', *, *, #6356, .F. ) ;
#4557 = CIRCLE ( 'NONE', #7541, 0.01181102362204724046 ) ;
#4558 = AXIS2_PLACEMENT_3D ( 'NONE', #4197, #8158, #1800 ) ;
#4559 = VECTOR ( 'NONE', #4470, 39.37007874015748854 ) ;
#4560 = EDGE_CURVE ( 'NONE', #6228, #9320, #10187, .T. ) ;
#4561 = CARTESIAN_POINT ( 'NONE',  ( 5.367778755658163867E-06, 0.4113098302422226737, -0.1633858266607408349 ) ) ;
#4562 = ORIENTED_EDGE ( 'NONE', *, *, #3516, .F. ) ;
#4563 = VERTEX_POINT ( 'NONE', #1653 ) ;
#4564 = CARTESIAN_POINT ( 'NONE',  ( -0.1151894655407741386, -0.1156854394007156839, -0.3405511809914389953 ) ) ;
#4565 = DIRECTION ( 'NONE',  ( -1.000000000000000000, 1.437166293563720158E-14, -2.220446049248289653E-16 ) ) ;
#4566 = CARTESIAN_POINT ( 'NONE',  ( -0.01377415978030012769, 0.4862204724409451839, -0.001968503826094902039 ) ) ;
#4567 = CARTESIAN_POINT ( 'NONE',  ( -0.5452702227724276485, 0.2279393153421851170, 0.01574803160697565291 ) ) ;
#4568 = CARTESIAN_POINT ( 'NONE',  ( 5.368377181713155417E-06, 0.1574803154645667003, -0.1299212597603215669 ) ) ;
#4569 = CARTESIAN_POINT ( 'NONE',  ( -0.5531442385204589085, 0.2460629921259527841, -0.3267716534323946709 ) ) ;
#4570 = ORIENTED_EDGE ( 'NONE', *, *, #17, .F. ) ;
#4571 = AXIS2_PLACEMENT_3D ( 'NONE', #7797, #663, #3838 ) ;
#4572 = ORIENTED_EDGE ( 'NONE', *, *, #3718, .T. ) ;
#4573 = VERTEX_POINT ( 'NONE', #36 ) ;
#4574 = ORIENTED_EDGE ( 'NONE', *, *, #2402, .F. ) ;
#4575 = ADVANCED_FACE ( 'NONE', ( #8003 ), #7669, .T. ) ;
#4576 = CIRCLE ( 'NONE', #4071, 0.02362204724409448092 ) ;
#4577 = DIRECTION ( 'NONE',  ( -0.000000000000000000, -0.000000000000000000, -1.000000000000000000 ) ) ;
#4578 = ORIENTED_EDGE ( 'NONE', *, *, #3045, .T. ) ;
#4579 = CARTESIAN_POINT ( 'NONE',  ( -0.4655831663320439406, -0.1156854393858060687, -0.3287401573694021528 ) ) ;
#4580 = CARTESIAN_POINT ( 'NONE',  ( -0.4665300652921126612, -0.05466976172584352145, -0.01323304816954519632 ) ) ;
#4581 = DIRECTION ( 'NONE',  ( -1.929231152724350329E-14, 0.000000000000000000, 1.000000000000000000 ) ) ;
#4582 = CARTESIAN_POINT ( 'NONE',  ( -0.5649552621425060206, 0.4862204724409451839, -0.01022864639048043194 ) ) ;
#4583 = CARTESIAN_POINT ( 'NONE',  ( -0.4507820337960491974, 0.1622047244094487750, 0.001968504047920685909 ) ) ;
#4584 = CARTESIAN_POINT ( 'NONE',  ( -0.006884396000772508017, 0.4862204724409451839, -0.3169291337473613135 ) ) ;
#4585 = ORIENTED_EDGE ( 'NONE', *, *, #2620, .F. ) ;
#4586 = VECTOR ( 'NONE', #7819, 39.37007874015748143 ) ;
#4587 = ORIENTED_EDGE ( 'NONE', *, *, #212, .T. ) ;
#4588 = FACE_BOUND ( 'NONE', #5577, .T. ) ;
#4589 = FACE_OUTER_BOUND ( 'NONE', #3111, .T. ) ;
#4590 = ORIENTED_EDGE ( 'NONE', *, *, #6453, .T. ) ;
#4591 = CARTESIAN_POINT ( 'NONE',  ( 5.367778755658163867E-06, 0.2755905511811020947, -0.1299212597316068418 ) ) ;
#4592 = LINE ( 'NONE', #3026, #4603 ) ;
#4593 = ADVANCED_FACE ( 'NONE', ( #9377 ), #7076, .T. ) ;
#4594 = DIRECTION ( 'NONE',  ( 1.000000000000000000, -1.259585646868319844E-15, 1.320822031358179910E-15 ) ) ;
#4595 = PLANE ( 'NONE',  #4287 ) ;
#4596 = ORIENTED_EDGE ( 'NONE', *, *, #8462, .T. ) ;
#4597 = ORIENTED_EDGE ( 'NONE', *, *, #2658, .F. ) ;
#4598 = ORIENTED_EDGE ( 'NONE', *, *, #1646, .T. ) ;
#4599 = DIRECTION ( 'NONE',  ( 2.350106380379509801E-14, 1.000000000000000000, 9.710695147376469965E-19 ) ) ;
#4600 = DIRECTION ( 'NONE',  ( 1.000000000000000000, 0.000000000000000000, -8.131516293641262547E-16 ) ) ;
#4601 = AXIS2_PLACEMENT_3D ( 'NONE', #7666, #7781, #6105 ) ;
#4602 = CARTESIAN_POINT ( 'NONE',  ( 5.367778755111793735E-06, 0.4717749884904407498, 0.01181102373296006453 ) ) ;
#4603 = VECTOR ( 'NONE', #6305, 39.37007874015748143 ) ;
#4604 =( NAMED_UNIT ( * ) PLANE_ANGLE_UNIT ( ) SI_UNIT ( $, .RADIAN. ) );
#4605 = CARTESIAN_POINT ( 'NONE',  ( -0.5452702227724276485, 0.2342519685039273214, 0.02755905522902296276 ) ) ;
#4606 = LINE ( 'NONE', #2878, #58 ) ;
#4607 = ORIENTED_EDGE ( 'NONE', *, *, #8012, .T. ) ;
#4608 = EDGE_CURVE ( 'NONE', #3559, #3597, #10318, .T. ) ;
#4609 = VECTOR ( 'NONE', #3871, 39.37007874015748143 ) ;
#4610 = VECTOR ( 'NONE', #5039, 39.37007874015748143 ) ;
#4611 = VERTEX_POINT ( 'NONE', #7959 ) ;
#4612 = CARTESIAN_POINT ( 'NONE',  ( -0.003931640095259656201, 0.4675598519649055707, 0.02755905522902296276 ) ) ;
#4613 = ORIENTED_EDGE ( 'NONE', *, *, #1248, .F. ) ;
#4614 = VERTEX_POINT ( 'NONE', #5404 ) ;
#4615 = CARTESIAN_POINT ( 'NONE',  ( -0.05802814535841979704, -0.1156854394007178766, -0.3405511809914378851 ) ) ;
#4616 = CARTESIAN_POINT ( 'NONE',  ( 0.1574856827393863179, 0.1961577234971906281, -0.1299212597316068141 ) ) ;
#4617 = EDGE_CURVE ( 'NONE', #5719, #386, #2431, .T. ) ;
#4618 = DIRECTION ( 'NONE',  ( -4.298990847548506380E-16, 1.000000000000000000, 0.000000000000000000 ) ) ;
#4619 = CARTESIAN_POINT ( 'NONE',  ( -0.4074749471818807645, -0.06074340426196388198, -0.003103332212128194229 ) ) ;
#4620 = CARTESIAN_POINT ( 'NONE',  ( 5.367778755658163867E-06, 0.4980314960629916299, -0.3169291337473607584 ) ) ;
#4621 = CIRCLE ( 'NONE', #9104, 0.01574803149606299191 ) ;
#4622 = DIRECTION ( 'NONE',  ( -0.0008255066504738490943, 0.000000000000000000, 0.9999996592693269903 ) ) ;
#4623 = VECTOR ( 'NONE', #9255, 39.37007874015748143 ) ;
#4624 = ORIENTED_EDGE ( 'NONE', *, *, #6903, .F. ) ;
#4625 = ORIENTED_EDGE ( 'NONE', *, *, #7729, .F. ) ;
#4626 = ADVANCED_FACE ( 'NONE', ( #10264 ), #6290, .T. ) ;
#4627 = ORIENTED_EDGE ( 'NONE', *, *, #2766, .T. ) ;
#4628 = VECTOR ( 'NONE', #1989, 39.37007874015748143 ) ;
#4629 = AXIS2_PLACEMENT_3D ( 'NONE', #7604, #5105, #6820 ) ;
#4630 = DIRECTION ( 'NONE',  ( -1.259585646868319844E-15, -1.000000000000000000, 2.220446049250309876E-16 ) ) ;
#4631 = ORIENTED_EDGE ( 'NONE', *, *, #6355, .F. ) ;
#4632 = LINE ( 'NONE', #2904, #2859 ) ;
#4633 = DIRECTION ( 'NONE',  ( -1.000000000000000000, 1.259585646868319844E-15, -1.098777426433149983E-15 ) ) ;
#4634 = ADVANCED_FACE ( 'NONE', ( #8740 ), #7127, .T. ) ;
#4635 = DIRECTION ( 'NONE',  ( 1.000000000000000000, -9.634711363903441210E-15, 1.929231152724350329E-14 ) ) ;
#4636 = DIRECTION ( 'NONE',  ( -1.000000000000000000, -1.559414442564740059E-16, 1.110223024625159992E-16 ) ) ;
#4637 = CARTESIAN_POINT ( 'NONE',  ( -0.4432141094287304073, 0.1555118110236188567, 0.01574803160697565291 ) ) ;
#4638 = DIRECTION ( 'NONE',  ( -1.000000000000000000, 0.000000000000000000, -1.264902534566421577E-15 ) ) ;
#4639 = EDGE_LOOP ( 'NONE', ( #3958, #7151, #6309, #1679, #2342, #5420 ) ) ;
#4640 = VECTOR ( 'NONE', #5365, 39.37007874015748143 ) ;
#4641 = EDGE_CURVE ( 'NONE', #8557, #5682, #8592, .T. ) ;
#4642 = EDGE_LOOP ( 'NONE', ( #9238, #7060 ) ) ;
#4643 = PLANE ( 'NONE',  #10056 ) ;
#4644 = CARTESIAN_POINT ( 'NONE',  ( -0.5527505377330569347, 0.2480314960629948773, -0.3405511809914502086 ) ) ;
#4645 = VERTEX_POINT ( 'NONE', #6482 ) ;
#4646 = CIRCLE ( 'NONE', #4808, 0.01968503937007873988 ) ;
#4647 = CARTESIAN_POINT ( 'NONE',  ( -0.03936471096139967235, 0.4239038302175392459, -0.3543307085505043585 ) ) ;
#4648 = LINE ( 'NONE', #1573, #1456 ) ;
#4649 = DIRECTION ( 'NONE',  ( 1.320820481978657157E-15, 0.000000000000000000, -1.000000000000000000 ) ) ;
#4650 = LINE ( 'NONE', #2350, #5466 ) ;
#4651 = EDGE_LOOP ( 'NONE', ( #9568, #6706, #529, #1311 ) ) ;
#4652 = ADVANCED_FACE ( 'NONE', ( #1843 ), #5701, .F. ) ;
#4653 = EDGE_CURVE ( 'NONE', #3161, #5727, #9683, .T. ) ;
#4654 = EDGE_CURVE ( 'NONE', #3702, #9084, #4921, .T. ) ;
#4655 = VERTEX_POINT ( 'NONE', #5019 ) ;
#4656 = B_SPLINE_CURVE_WITH_KNOTS ( 'NONE', 3,
 ( #4615, #602, #3777, #5227 ),
 .UNSPECIFIED., .F., .F.,
 ( 4, 4 ),
 ( 0.000000000000000000, 1.000000000000000000 ),
 .UNSPECIFIED. ) ;
#4657 = VERTEX_POINT ( 'NONE', #7314 ) ;
#4658 = ORIENTED_EDGE ( 'NONE', *, *, #7746, .T. ) ;
#4659 = DIRECTION ( 'NONE',  ( -1.000000000000000000, 9.634711363903441210E-15, -1.929231152724350329E-14 ) ) ;
#4660 = LINE ( 'NONE', #7833, #6702 ) ;
#4661 = CARTESIAN_POINT ( 'NONE',  ( -0.5137741597803069382, 0.01968503937007875723, -0.3364685038260962213 ) ) ;
#4662 = DIRECTION ( 'NONE',  ( 1.000000000000000000, 6.123638448986479919E-17, -6.245969335281450904E-16 ) ) ;
#4663 = CARTESIAN_POINT ( 'NONE',  ( -0.5531442385204589085, 0.2480314960629948773, -0.3246574802040486096 ) ) ;
#4664 = ORIENTED_EDGE ( 'NONE', *, *, #1260, .F. ) ;
#4665 = ORIENTED_EDGE ( 'NONE', *, *, #9357, .T. ) ;
#4666 = ORIENTED_EDGE ( 'NONE', *, *, #756, .T. ) ;
#4667 = VERTEX_POINT ( 'NONE', #282 ) ;
#4668 = CARTESIAN_POINT ( 'NONE',  ( -0.4270405767649864681, 0.1240157480314905969, -0.3543307085505046361 ) ) ;
#4669 = DIRECTION ( 'NONE',  ( -1.000000000000000000, 1.259585646868319844E-15, -1.320822031358179910E-15 ) ) ;
#4670 = CARTESIAN_POINT ( 'NONE',  ( -0.4975276919558053734, 0.01968503937007875723, -0.3405511809914499310 ) ) ;
#4671 = LINE ( 'NONE', #6961, #7267 ) ;
#4672 = CARTESIAN_POINT ( 'NONE',  ( -0.5531442385204589085, 0.2578329338022349315, 0.0009842520794072957564 ) ) ;
#4673 = DIRECTION ( 'NONE',  ( 6.123638448986479919E-17, -1.000000000000000000, -3.824805797272000045E-32 ) ) ;
#4674 = ORIENTED_EDGE ( 'NONE', *, *, #4811, .F. ) ;
#4675 = ORIENTED_EDGE ( 'NONE', *, *, #6994, .T. ) ;
#4676 = EDGE_CURVE ( 'NONE', #2637, #1688, #3311, .T. ) ;
#4677 = CARTESIAN_POINT ( 'NONE',  ( -0.4074749471818813196, 0.007874015748028716927, 0.01377952766996799576 ) ) ;
#4678 = ORIENTED_EDGE ( 'NONE', *, *, #2099, .F. ) ;
#4679 = FACE_OUTER_BOUND ( 'NONE', #6635, .T. ) ;
#4680 = DIRECTION ( 'NONE',  ( 0.000000000000000000, 0.000000000000000000, 1.000000000000000000 ) ) ;
#4681 = DIRECTION ( 'NONE',  ( 0.000000000000000000, 0.8576492831063499134, -0.5142350699701100369 ) ) ;
#4682 = DIRECTION ( 'NONE',  ( -1.000000000000000000, 2.982960006829620341E-15, 0.000000000000000000 ) ) ;
#4683 = EDGE_CURVE ( 'NONE', #3417, #4573, #8170, .T. ) ;
#4684 = PLANE ( 'NONE',  #2059 ) ;
#4685 = EDGE_CURVE ( 'NONE', #2650, #997, #1009, .T. ) ;
#4686 = DIRECTION ( 'NONE',  ( -0.000000000000000000, -1.000000000000000000, -0.000000000000000000 ) ) ;
#4687 = EDGE_LOOP ( 'NONE', ( #8884, #8745, #6030, #9369 ) ) ;
#4688 = ORIENTED_EDGE ( 'NONE', *, *, #613, .T. ) ;
#4689 = EDGE_CURVE ( 'NONE', #2332, #9262, #5074, .T. ) ;
#4690 = DIRECTION ( 'NONE',  ( -0.9999999991463189852, 0.000000000000000000, -4.132023648018220161E-05 ) ) ;
#4691 = DIRECTION ( 'NONE',  ( -1.000000000000000000, 0.000000000000000000, 0.000000000000000000 ) ) ;
#4692 = AXIS2_PLACEMENT_3D ( 'NONE', #135, #5016, #3308 ) ;
#4693 = ORIENTED_EDGE ( 'NONE', *, *, #4867, .F. ) ;
#4694 = LINE ( 'NONE', #4014, #5977 ) ;
#4695 = ADVANCED_FACE ( 'NONE', ( #9035, #4046 ), #1013, .T. ) ;
#4696 = CARTESIAN_POINT ( 'NONE',  ( -0.4114119550558873462, 0.1555118110236144990, -0.3425196849284447564 ) ) ;
#4697 = DIRECTION ( 'NONE',  ( 1.000000000000000000, 0.000000000000000000, 1.559456281198720078E-15 ) ) ;
#4698 = DIRECTION ( 'NONE',  ( -1.000000000000000000, 0.000000000000000000, -1.320822031358179910E-15 ) ) ;
#4699 = EDGE_LOOP ( 'NONE', ( #2826, #5843, #8190, #1152 ) ) ;
#4700 = VERTEX_POINT ( 'NONE', #5750 ) ;
#4701 = EDGE_CURVE ( 'NONE', #9168, #3140, #3463, .T. ) ;
#4702 = CARTESIAN_POINT ( 'NONE',  ( -0.2952635521311942068, 0.04133858268976527833, -0.2933192872226953463 ) ) ;
#4703 = CARTESIAN_POINT ( 'NONE',  ( -0.4665300652921126612, 0.007874015748028716927, 0.002592413233891411022 ) ) ;
#4704 = DIRECTION ( 'NONE',  ( 0.000000000000000000, -0.3162277660168298365, 0.9486832980505165436 ) ) ;
#4705 = DIRECTION ( 'NONE',  ( 8.951470305420620389E-21, -1.000000000000000000, -2.166364730150245313E-16 ) ) ;
#4706 = CARTESIAN_POINT ( 'NONE',  ( -0.5413332148984112413, 0.03149606299212852345, -0.3246574802040486096 ) ) ;
#4708 = ORIENTED_EDGE ( 'NONE', *, *, #10130, .F. ) ;
#4707 = VECTOR ( 'NONE', #9318, 39.37007874015748143 ) ;
#4709 = AXIS2_PLACEMENT_3D ( 'NONE', #7583, #296, #3371 ) ;
#4710 = EDGE_LOOP ( 'NONE', ( #9285, #4585, #1854, #9619 ) ) ;
#4711 = VECTOR ( 'NONE', #10257, 39.37007874015748143 ) ;
#4712 = AXIS2_PLACEMENT_3D ( 'NONE', #5645, #1002, #7347 ) ;
#4713 = ORIENTED_EDGE ( 'NONE', *, *, #1801, .T. ) ;
#4714 = EDGE_LOOP ( 'NONE', ( #3907, #5306, #7311, #1497 ) ) ;
#4715 = CARTESIAN_POINT ( 'NONE',  ( -0.1161261604734913216, -0.1091640410387102328, -0.3267903812883821146 ) ) ;
#4716 = CARTESIAN_POINT ( 'NONE',  ( -0.4035379393078605825, 0.1070866141732256249, -0.3287401573694028745 ) ) ;
#4717 = CARTESIAN_POINT ( 'NONE',  ( -0.3444859925381324461, 0.4074803149549243719, -0.07481738389435958758 ) ) ;
#4718 = CARTESIAN_POINT ( 'NONE',  ( -0.4370025062369939928, -0.1082677165354328924, -0.3287401573694009871 ) ) ;
#4719 = PLANE ( 'NONE',  #10075 ) ;
#4720 = LINE ( 'NONE', #6372, #5631 ) ;
#4721 = DIRECTION ( 'NONE',  ( -1.000000000000000000, -2.669637467189900051E-16, -5.551115123125779621E-17 ) ) ;
#4722 = EDGE_CURVE ( 'NONE', #4356, #7677, #6669, .T. ) ;
#4723 = ORIENTED_EDGE ( 'NONE', *, *, #273, .T. ) ;
#4724 = ORIENTED_EDGE ( 'NONE', *, *, #3628, .F. ) ;
#4725 = DIRECTION ( 'NONE',  ( 4.132023648018220161E-05, 0.000000000000000000, -0.9999999991463189852 ) ) ;
#4726 = ORIENTED_EDGE ( 'NONE', *, *, #9074, .T. ) ;
#4727 = CARTESIAN_POINT ( 'NONE',  ( 3.510291671839006829E-07, 0.4824821522552599773, -0.008495332977572229299 ) ) ;
#4728 = DIRECTION ( 'NONE',  ( 4.132023648018929635E-05, 1.175981020723971815E-16, -0.9999999991463190963 ) ) ;
#4729 = DIRECTION ( 'NONE',  ( -1.000000000000000000, 1.259585646868319844E-15, 0.000000000000000000 ) ) ;
#4730 = CIRCLE ( 'NONE', #9564, 0.01968503937007873988 ) ;
#4731 = LINE ( 'NONE', #4923, #8105 ) ;
#4732 = LINE ( 'NONE', #6437, #6216 ) ;
#4733 = B_SPLINE_CURVE_WITH_KNOTS ( 'NONE', 3,
 ( #9922, #9869, #5165, #1265 ),
 .UNSPECIFIED., .F., .F.,
 ( 4, 4 ),
 ( 0.000000000000000000, 1.000000000000000000 ),
 .UNSPECIFIED. ) ;
#4734 = CARTESIAN_POINT ( 'NONE',  ( -0.1161363645047171628, -0.1156854393858063462, -0.3287401573694023194 ) ) ;
#4735 = ORIENTED_EDGE ( 'NONE', *, *, #9636, .T. ) ;
#4736 = ORIENTED_EDGE ( 'NONE', *, *, #4951, .F. ) ;
#4737 = AXIS2_PLACEMENT_3D ( 'NONE', #8730, #1594, #4767 ) ;
#4738 = EDGE_CURVE ( 'NONE', #8835, #143, #7219, .T. ) ;
#4739 = EDGE_CURVE ( 'NONE', #5497, #6065, #8837, .T. ) ;
#4740 = CARTESIAN_POINT ( 'NONE',  ( -0.4665300652921126612, -0.1096117967702585905, 0.0002871963339958201293 ) ) ;
#4741 = DIRECTION ( 'NONE',  ( 1.000000000000000000, 0.000000000000000000, -9.035018104045872913E-16 ) ) ;
#4742 = VERTEX_POINT ( 'NONE', #1899 ) ;
#4743 = CARTESIAN_POINT ( 'NONE',  ( 2.442458517535101301E-06, 0.3612204724567981695, -0.1299212598112989281 ) ) ;
#4744 = DIRECTION ( 'NONE',  ( -1.000000000000000000, 1.259585646868319844E-15, 0.000000000000000000 ) ) ;
#4745 = EDGE_CURVE ( 'NONE', #1026, #6774, #5658, .T. ) ;
#4746 = CARTESIAN_POINT ( 'NONE',  ( -0.4114119550558873462, 0.1240157480314911520, 0.01574803160696336066 ) ) ;
#4747 = LINE ( 'NONE', #6307, #3809 ) ;
#4748 = EDGE_CURVE ( 'NONE', #10262, #1092, #8260, .T. ) ;
#4749 = ORIENTED_EDGE ( 'NONE', *, *, #9263, .T. ) ;
#4750 = AXIS2_PLACEMENT_3D ( 'NONE', #6108, #5326, #7456 ) ;
#4751 = EDGE_CURVE ( 'NONE', #2291, #2451, #7043, .T. ) ;
#4752 = ORIENTED_EDGE ( 'NONE', *, *, #3734, .F. ) ;
#4753 = DIRECTION ( 'NONE',  ( 1.000000000000000000, -1.437166293563720158E-14, 2.220446049248289899E-16 ) ) ;
#4754 = DIRECTION ( 'NONE',  ( 1.474064725687859833E-13, 1.000000000000000000, 3.644747806515189682E-13 ) ) ;
#4755 = CARTESIAN_POINT ( 'NONE',  ( -0.4547190416700650495, 0.1279527559055029240, 0.01574803160697565291 ) ) ;
#4756 = CARTESIAN_POINT ( 'NONE',  ( -0.04133297024923163199, 0.01968503937007875723, -0.1358283983185490373 ) ) ;
#4757 = EDGE_CURVE ( 'NONE', #8139, #5627, #728, .T. ) ;
#4758 = CARTESIAN_POINT ( 'NONE',  ( -0.4655831663281740362, -0.1156854394007151288, -0.3405511809914389953 ) ) ;
#4759 = EDGE_CURVE ( 'NONE', #9332, #4264, #138, .T. ) ;
#4760 = ORIENTED_EDGE ( 'NONE', *, *, #1807, .F. ) ;
#4761 = VECTOR ( 'NONE', #3666, 39.37007874015748143 ) ;
#4762 = ORIENTED_EDGE ( 'NONE', *, *, #5827, .F. ) ;
#4763 = DIRECTION ( 'NONE',  ( 0.9999999991463190963, 1.836940359963950694E-16, 4.132023648018220838E-05 ) ) ;
#4764 = FACE_OUTER_BOUND ( 'NONE', #2899, .T. ) ;
#4765 = DIRECTION ( 'NONE',  ( 1.000000000000000000, -1.259585646868319844E-15, 0.000000000000000000 ) ) ;
#4766 = DIRECTION ( 'NONE',  ( 1.000000000000000000, 0.000000000000000000, 1.850371707708592551E-14 ) ) ;
#4767 = DIRECTION ( 'NONE',  ( 0.000000000000000000, 0.000000000000000000, 1.000000000000000000 ) ) ;
#4768 =( BOUNDED_CURVE ( )  B_SPLINE_CURVE ( 3, ( #5037, #3523, #9896, #894 ),
 .UNSPECIFIED., .F., .F. ) 
 B_SPLINE_CURVE_WITH_KNOTS ( ( 4, 4 ),
 ( 4.712388980384707438, 6.283185307179586232 ),
 .UNSPECIFIED. ) 
 CURVE ( )  GEOMETRIC_REPRESENTATION_ITEM ( )  RATIONAL_B_SPLINE_CURVE ( ( 1.000000000000000000, 0.8047378541243692673, 0.8047378541243692673, 1.000000000000000000 ) ) 
 REPRESENTATION_ITEM ( '' )  );
#4769 = CARTESIAN_POINT ( 'NONE',  ( -0.5236087071931873060, 0.01377952755905360177, -0.3228562815805118280 ) ) ;
#4770 = FACE_OUTER_BOUND ( 'NONE', #2051, .T. ) ;
#4771 = ORIENTED_EDGE ( 'NONE', *, *, #6072, .T. ) ;
#4773 = EDGE_CURVE ( 'NONE', #2927, #5034, #8707, .T. ) ;
#4772 = AXIS2_PLACEMENT_3D ( 'NONE', #2017, #5461, #5406 ) ;
#4774 = AXIS2_PLACEMENT_3D ( 'NONE', #7653, #2030, #8391 ) ;
#4775 = VERTEX_POINT ( 'NONE', #2889 ) ;
#4776 = DIRECTION ( 'NONE',  ( -1.000000000000000000, 0.000000000000000000, 0.000000000000000000 ) ) ;
#4777 = EDGE_LOOP ( 'NONE', ( #9960, #6554, #6867, #2983, #8619, #4252, #2857, #2263, #6725, #1011, #2135, #10259, #6263, #4556, #297, #3699, #1647 ) ) ;
#4778 = DIRECTION ( 'NONE',  ( 1.000000000000000000, 0.000000000000000000, 1.084202172485501673E-15 ) ) ;
#4779 = AXIS2_PLACEMENT_3D ( 'NONE', #8535, #1403, #4581 ) ;
#4780 = CARTESIAN_POINT ( 'NONE',  ( -0.4507820337960491974, 0.1149606299212581617, 0.001968504047920685909 ) ) ;
#4781 = VECTOR ( 'NONE', #1509, 39.37007874015748143 ) ;
#4782 = FACE_OUTER_BOUND ( 'NONE', #8941, .T. ) ;
#4783 = CARTESIAN_POINT ( 'NONE',  ( -0.4074749471818763791, -0.1082677165354328924, -0.3393563159933588036 ) ) ;
#4784 = PLANE ( 'NONE',  #4216 ) ;
#4785 = CARTESIAN_POINT ( 'NONE',  ( -0.4665300652921126612, -0.1096117967702547602, -0.3270588496554712177 ) ) ;
#4786 = VERTEX_POINT ( 'NONE', #6059 ) ;
#4787 = AXIS2_PLACEMENT_3D ( 'NONE', #3954, #1603, #9586 ) ;
#4788 = CIRCLE ( 'NONE', #7119, 0.08562992129639381000 ) ;
#4789 = ORIENTED_EDGE ( 'NONE', *, *, #947, .F. ) ;
#4790 = CARTESIAN_POINT ( 'NONE',  ( -0.5527505377330569347, 0.4822834645669287768, -0.3287401573694028745 ) ) ;
#4791 = ORIENTED_EDGE ( 'NONE', *, *, #5622, .T. ) ;
#4792 = CARTESIAN_POINT ( 'NONE',  ( -0.5236087071931873060, 0.000000000000000000, -0.3228562815805118280 ) ) ;
#4793 = LINE ( 'NONE', #6351, #2603 ) ;
#4794 = VECTOR ( 'NONE', #5543, 39.37007874015748854 ) ;
#4795 = LINE ( 'NONE', #2592, #8555 ) ;
#4796 = CYLINDRICAL_SURFACE ( 'NONE', #5624, 0.003937007874015724558 ) ;
#4797 = ORIENTED_EDGE ( 'NONE', *, *, #9707, .F. ) ;
#4798 = EDGE_CURVE ( 'NONE', #2941, #8271, #8361, .T. ) ;
#4799 = CIRCLE ( 'NONE', #9304, 0.007874015748031516770 ) ;
#4800 = EDGE_CURVE ( 'NONE', #539, #1597, #9548, .T. ) ;
#4801 = ORIENTED_EDGE ( 'NONE', *, *, #9725, .T. ) ;
#4802 = DIRECTION ( 'NONE',  ( -1.000000000000000000, -4.879703635931580299E-31, 6.245969335281450904E-16 ) ) ;
#4803 = FACE_OUTER_BOUND ( 'NONE', #6899, .T. ) ;
#4804 = DIRECTION ( 'NONE',  ( 1.000000000000000000, -9.634711363903441210E-15, 1.929231152724350329E-14 ) ) ;
#4805 = CARTESIAN_POINT ( 'NONE',  ( -0.07479281950556652958, 0.1062992126077747096, -0.2716566339775001726 ) ) ;
#4806 = DIRECTION ( 'NONE',  ( -0.9999999991463189852, 0.000000000000000000, -4.132023648018220161E-05 ) ) ;
#4807 = EDGE_CURVE ( 'NONE', #926, #410, #5696, .T. ) ;
#4808 = AXIS2_PLACEMENT_3D ( 'NONE', #409, #2021, #4317 ) ;
#4809 = EDGE_CURVE ( 'NONE', #6444, #5990, #9147, .T. ) ;
#4810 = VERTEX_POINT ( 'NONE', #9314 ) ;
#4811 = EDGE_CURVE ( 'NONE', #9494, #5396, #7358, .T. ) ;
#4812 = CIRCLE ( 'NONE', #655, 0.007874015748031499423 ) ;
#4813 = VERTEX_POINT ( 'NONE', #1169 ) ;
#4814 = CARTESIAN_POINT ( 'NONE',  ( -0.02558518263147978658, 0.3596456688779528510, -0.1299212597316068141 ) ) ;
#4815 = FACE_BOUND ( 'NONE', #3975, .T. ) ;
#4816 = EDGE_CURVE ( 'NONE', #1257, #10217, #7627, .T. ) ;
#4817 = DIRECTION ( 'NONE',  ( 1.000000000000000000, -1.259585646868319844E-15, 0.000000000000000000 ) ) ;
#4818 = CARTESIAN_POINT ( 'NONE',  ( -0.4035379393078605825, 0.1070866141732248061, -0.3287401573694028745 ) ) ;
#4819 = CARTESIAN_POINT ( 'NONE',  ( -0.5531442385204589085, 0.03149606299212852345, -0.3405511809914499310 ) ) ;
#4820 = DIRECTION ( 'NONE',  ( 1.000000000000000000, 0.000000000000000000, 1.098777426433149983E-15 ) ) ;
#4821 = CARTESIAN_POINT ( 'NONE',  ( -0.4074749471818763791, 0.007874015748028716927, -0.3287401573693985446 ) ) ;
#4822 = ORIENTED_EDGE ( 'NONE', *, *, #9335, .F. ) ;
#4823 = ORIENTED_EDGE ( 'NONE', *, *, #2821, .T. ) ;
#4824 = CARTESIAN_POINT ( 'NONE',  ( -0.4075055539863698950, -0.1096117967702553292, -0.3270588496554693303 ) ) ;
#4825 = ORIENTED_EDGE ( 'NONE', *, *, #17, .T. ) ;
#4826 = DIRECTION ( 'NONE',  ( 1.387778780781445676E-14, 1.000000000000000000, 0.000000000000000000 ) ) ;
#4827 = CIRCLE ( 'NONE', #2816, 0.1062992121464571005 ) ;
#4828 = DIRECTION ( 'NONE',  ( 1.000000000000000000, -2.982960006829620341E-15, 0.000000000000000000 ) ) ;
#4829 = ADVANCED_FACE ( 'NONE', ( #7517 ), #2163, .T. ) ;
#4830 = PLANE ( 'NONE',  #6103 ) ;
#4831 = DIRECTION ( 'NONE',  ( -1.098777426433149983E-15, 2.220446049250329844E-16, 1.000000000000000000 ) ) ;
#4832 = CARTESIAN_POINT ( 'NONE',  ( -0.5531442385204589085, 0.2480314960629948773, -0.3364685038260962213 ) ) ;
#4833 = DIRECTION ( 'NONE',  ( -1.098777426433149983E-15, 2.220446049250329844E-16, 1.000000000000000000 ) ) ;
#4834 = EDGE_LOOP ( 'NONE', ( #7169, #2375, #422, #9402 ) ) ;
#4835 = EDGE_CURVE ( 'NONE', #5682, #2226, #2106, .T. ) ;
#4836 = ORIENTED_EDGE ( 'NONE', *, *, #1116, .F. ) ;
#4837 = VERTEX_POINT ( 'NONE', #1221 ) ;
#4838 = DIRECTION ( 'NONE',  ( 0.9999999991463189852, 2.168393145264354975E-16, 4.132023650632749305E-05 ) ) ;
#4839 = DIRECTION ( 'NONE',  ( 8.466415384531749193E-16, -9.958396954279598582E-17, 1.000000000000000000 ) ) ;
#4840 = EDGE_LOOP ( 'NONE', ( #8200, #1931, #8099, #8783, #7083, #4202 ) ) ;
#4841 = CARTESIAN_POINT ( 'NONE',  ( -0.5314952491133214663, 0.2027559055163418722, -0.01970781430357135613 ) ) ;
#4842 = LINE ( 'NONE', #9601, #7261 ) ;
#4843 = CARTESIAN_POINT ( 'NONE',  ( 0.1456746590184080925, 0.2755905511811020947, -0.1299212597316068418 ) ) ;
#4844 = CARTESIAN_POINT ( 'NONE',  ( -0.2952676190836082126, 0.01968503937007875723, -0.1948940904563258025 ) ) ;
#4845 = VERTEX_POINT ( 'NONE', #1953 ) ;
#4846 = ORIENTED_EDGE ( 'NONE', *, *, #1568, .T. ) ;
#4847 = CARTESIAN_POINT ( 'NONE',  ( -0.5531442385204589085, 0.2696028754787344606, 0.01377952766996799576 ) ) ;
#4848 = CARTESIAN_POINT ( 'NONE',  ( -0.5452702227724276485, 0.2810889216413989811, -0.3346456691804258754 ) ) ;
#4849 = LINE ( 'NONE', #1482, #8097 ) ;
#4850 = LINE ( 'NONE', #7296, #60 ) ;
#4851 = CARTESIAN_POINT ( 'NONE',  ( -0.4114119550558916760, 0.1555118110236172191, 0.02755905522902296276 ) ) ;
#4852 = ADVANCED_FACE ( 'NONE', ( #495 ), #3667, .F. ) ;
#4853 = VERTEX_POINT ( 'NONE', #10039 ) ;
#4854 = ADVANCED_FACE ( 'NONE', ( #6845 ), #8468, .T. ) ;
#4855 = EDGE_CURVE ( 'NONE', #781, #359, #4126, .T. ) ;
#4856 = ORIENTED_EDGE ( 'NONE', *, *, #10245, .F. ) ;
#4857 = DIRECTION ( 'NONE',  ( 0.9999999991463190963, 1.836940359963930726E-16, 4.132023649070880859E-05 ) ) ;
#4858 = CARTESIAN_POINT ( 'NONE',  ( -0.3503915043424415399, 0.01968503937007875723, -0.05316408460441830047 ) ) ;
#4859 = AXIS2_PLACEMENT_3D ( 'NONE', #8551, #10176, #4534 ) ;
#4860 = LINE ( 'NONE', #3302, #2782 ) ;
#4861 = VECTOR ( 'NONE', #9878, 39.37007874015748143 ) ;
#4862 = DIRECTION ( 'NONE',  ( 1.000000000000000000, -6.664964947938540035E-17, 0.000000000000000000 ) ) ;
#4863 = PLANE ( 'NONE',  #5954 ) ;
#4864 = EDGE_CURVE ( 'NONE', #502, #3139, #2731, .T. ) ;
#4865 = DIRECTION ( 'NONE',  ( -0.9284766908852677414, 1.288520250060733647E-15, 0.3713906763540823497 ) ) ;
#4866 = VERTEX_POINT ( 'NONE', #5958 ) ;
#4867 = EDGE_CURVE ( 'NONE', #1838, #7987, #2001, .T. ) ;
#4869 = ORIENTED_EDGE ( 'NONE', *, *, #1867, .F. ) ;
#4868 = EDGE_CURVE ( 'NONE', #4356, #9063, #2053, .T. ) ;
#4870 = VECTOR ( 'NONE', #8893, 39.37007874015748143 ) ;
#4871 = VECTOR ( 'NONE', #6119, 39.37007874015748143 ) ;
#4872 = DIRECTION ( 'NONE',  ( -1.000000000000000000, 9.634711363903441210E-15, -1.929231152724350329E-14 ) ) ;
#4873 = VERTEX_POINT ( 'NONE', #9989 ) ;
#4874 = CARTESIAN_POINT ( 'NONE',  ( 1.311929898324474353E-05, 0.4842519685004647578, -0.3175029982805939732 ) ) ;
#4875 = CARTESIAN_POINT ( 'NONE',  ( -0.4270405767649864681, 0.1240157480314958149, 0.01574803160697565291 ) ) ;
#4876 = CARTESIAN_POINT ( 'NONE',  ( -0.1161363645047141513, 0.007874015748028716927, -0.3287401573693995993 ) ) ;
#4877 = LINE ( 'NONE', #1749, #283 ) ;
#4878 = CARTESIAN_POINT ( 'NONE',  ( -0.5137741597803013871, 0.2480314960629948773, -0.002114173117433575458 ) ) ;
#4879 = DIRECTION ( 'NONE',  ( -1.929231152724350329E-14, 2.220446049250560093E-16, 1.000000000000000000 ) ) ;
#4880 = AXIS2_PLACEMENT_3D ( 'NONE', #664, #8472, #6963 ) ;
#4881 = ORIENTED_EDGE ( 'NONE', *, *, #5572, .F. ) ;
#4882 = CIRCLE ( 'NONE', #2391, 0.02952755905511813758 ) ;
#4884 = ORIENTED_EDGE ( 'NONE', *, *, #31, .F. ) ;
#4883 = ADVANCED_FACE ( 'NONE', ( #6006 ), #9199, .T. ) ;
#4885 = ORIENTED_EDGE ( 'NONE', *, *, #7806, .F. ) ;
#4886 = VECTOR ( 'NONE', #3911, 39.37007874015748854 ) ;
#4887 = VECTOR ( 'NONE', #10114, 39.37007874015748143 ) ;
#4888 = CARTESIAN_POINT ( 'NONE',  ( -0.4035379393078605825, 0.1543307086614156831, 0.001968504047920685909 ) ) ;
#4889 = AXIS2_PLACEMENT_3D ( 'NONE', #4746, #8709, #2190 ) ;
#4890 = DIRECTION ( 'NONE',  ( 4.132023649202460990E-05, 2.166364731999629866E-16, -0.9999999991463190963 ) ) ;
#4891 = ORIENTED_EDGE ( 'NONE', *, *, #10143, .T. ) ;
#4892 = DIRECTION ( 'NONE',  ( 1.000000000000000000, 0.000000000000000000, 0.000000000000000000 ) ) ;
#4893 = CARTESIAN_POINT ( 'NONE',  ( -0.1023488650982646714, 0.1062992125901537493, 2.756008457320229957E-10 ) ) ;
#4894 = DIRECTION ( 'NONE',  ( -1.259585646868319844E-15, -1.000000000000000000, 2.220446049250309876E-16 ) ) ;
#4895 = CARTESIAN_POINT ( 'NONE',  ( -0.5413332148984112413, 0.03149606299212852345, -0.002114173117433575458 ) ) ;
#4896 = EDGE_LOOP ( 'NONE', ( #5944, #5980, #34, #3572 ) ) ;
#4897 = VECTOR ( 'NONE', #3056, 39.37007874015748143 ) ;
#4898 = EDGE_CURVE ( 'NONE', #9527, #3735, #8196, .T. ) ;
#4899 = ORIENTED_EDGE ( 'NONE', *, *, #812, .T. ) ;
#4900 = ORIENTED_EDGE ( 'NONE', *, *, #5712, .F. ) ;
#4901 = LINE ( 'NONE', #9659, #2193 ) ;
#4902 = AXIS2_PLACEMENT_3D ( 'NONE', #7650, #8652, #736 ) ;
#4903 = DIRECTION ( 'NONE',  ( 2.824670172274429892E-14, 1.000000000000000000, 9.958396954277208580E-17 ) ) ;
#4904 = CARTESIAN_POINT ( 'NONE',  ( -0.4114119550558916760, 0.1240157480314958149, 0.01574803160697128140 ) ) ;
#4905 = CYLINDRICAL_SURFACE ( 'NONE', #4459, 0.01181102362204724046 ) ;
#4906 = ORIENTED_EDGE ( 'NONE', *, *, #147, .F. ) ;
#4907 = ORIENTED_EDGE ( 'NONE', *, *, #7671, .T. ) ;
#4908 = CARTESIAN_POINT ( 'NONE',  ( -0.3877899078117976184, 0.2342519685039251565, 0.02755905522902296276 ) ) ;
#4909 = CYLINDRICAL_SURFACE ( 'NONE', #8541, 0.01181102362204724046 ) ;
#4910 = CARTESIAN_POINT ( 'NONE',  ( -0.5236087071931873060, 0.000000000000000000, -0.3228562815805118280 ) ) ;
#4911 = DIRECTION ( 'NONE',  ( 0.000000000000000000, 1.000000000000000000, -2.356961244533705420E-16 ) ) ;
#4912 = DIRECTION ( 'NONE',  ( 0.000000000000000000, 0.000000000000000000, 1.000000000000000000 ) ) ;
#4913 = DIRECTION ( 'NONE',  ( 0.000000000000000000, 1.000000000000000000, -2.356961244533705420E-16 ) ) ;
#4914 = EDGE_LOOP ( 'NONE', ( #2183, #7182, #7406, #1810 ) ) ;
#4915 = ADVANCED_FACE ( 'NONE', ( #4764 ), #7943, .F. ) ;
#4916 = EDGE_LOOP ( 'NONE', ( #7651, #609, #2268, #6884, #3852 ) ) ;
#4917 = ADVANCED_FACE ( 'NONE', ( #10199 ), #3778, .T. ) ;
#4918 = LINE ( 'NONE', #866, #6083 ) ;
#4919 = VERTEX_POINT ( 'NONE', #2368 ) ;
#4920 = DIRECTION ( 'NONE',  ( -1.000000000000000000, -4.625929289008769985E-16, 1.069961089345456021E-31 ) ) ;
#4921 = LINE ( 'NONE', #968, #691 ) ;
#4922 = CARTESIAN_POINT ( 'NONE',  ( -0.5042044491840317333, 0.4645669291338582196, -0.3228554797919811481 ) ) ;
#4923 = CARTESIAN_POINT ( 'NONE',  ( -0.1161363645047149701, -0.02604684404438216416, -0.3287401573693974344 ) ) ;
#4924 = CARTESIAN_POINT ( 'NONE',  ( -0.5649552621425060206, 0.02165354330708068459, -0.3346456691804255978 ) ) ;
#4925 = VECTOR ( 'NONE', #4331, 39.37007874015748143 ) ;
#4926 = CARTESIAN_POINT ( 'NONE',  ( 5.367778755658163867E-06, 0.4842519685023874421, -0.009268655041588934329 ) ) ;
#4927 = ORIENTED_EDGE ( 'NONE', *, *, #7527, .T. ) ;
#4928 = EDGE_CURVE ( 'NONE', #410, #926, #1385, .T. ) ;
#4929 = EDGE_LOOP ( 'NONE', ( #5834, #93, #4927, #8372 ) ) ;
#4930 = ORIENTED_EDGE ( 'NONE', *, *, #7153, .T. ) ;
#4931 = VECTOR ( 'NONE', #9843, 39.37007874015748143 ) ;
#4932 = AXIS2_PLACEMENT_3D ( 'NONE', #3861, #687, #6093 ) ;
#4933 = EDGE_CURVE ( 'NONE', #3210, #3678, #1493, .T. ) ;
#4934 = CARTESIAN_POINT ( 'NONE',  ( -2.833256630790445656E-16, 0.3124151355110755812, -0.2072839008537967764 ) ) ;
#4935 = CARTESIAN_POINT ( 'NONE',  ( -0.4074749471818818747, 0.1766903569713492161, 0.001968504047920685909 ) ) ;
#4936 = EDGE_LOOP ( 'NONE', ( #7017, #5289, #1215, #5295 ) ) ;
#4937 = LINE ( 'NONE', #5815, #7985 ) ;
#4938 = CARTESIAN_POINT ( 'NONE',  ( -0.3759788841897500622, 0.1279527559055029240, -0.3543307085505046361 ) ) ;
#4939 = LINE ( 'NONE', #4162, #8026 ) ;
#4940 = EDGE_CURVE ( 'NONE', #9740, #4501, #3196, .T. ) ;
#4941 = DIRECTION ( 'NONE',  ( -1.000000000000000000, -6.123638448986479919E-17, 6.245969335281450904E-16 ) ) ;
#4942 = ORIENTED_EDGE ( 'NONE', *, *, #944, .F. ) ;
#4943 = AXIS2_PLACEMENT_3D ( 'NONE', #8985, #8262, #7518 ) ;
#4944 = AXIS2_PLACEMENT_3D ( 'NONE', #8891, #6484, #9736 ) ;
#4945 = ORIENTED_EDGE ( 'NONE', *, *, #7041, .T. ) ;
#4946 = AXIS2_PLACEMENT_3D ( 'NONE', #2041, #5219, #4439 ) ;
#4947 = DIRECTION ( 'NONE',  ( -1.000000000000000000, 1.608082204351659665E-16, -1.578983857244669950E-15 ) ) ;
#4948 = AXIS2_PLACEMENT_3D ( 'NONE', #2604, #5493, #2657 ) ;
#4949 = LINE ( 'NONE', #256, #3110 ) ;
#4950 = DIRECTION ( 'NONE',  ( 1.159153067844610328E-14, -0.5142350699701101480, -0.8576492831063500244 ) ) ;
#4951 = EDGE_CURVE ( 'NONE', #9524, #8569, #546, .T. ) ;
#4952 = LINE ( 'NONE', #8293, #10303 ) ;
#4953 = ORIENTED_EDGE ( 'NONE', *, *, #8733, .F. ) ;
#4954 = VECTOR ( 'NONE', #259, 39.37007874015748143 ) ;
#4955 = ORIENTED_EDGE ( 'NONE', *, *, #1733, .F. ) ;
#4956 = ORIENTED_EDGE ( 'NONE', *, *, #6401, .F. ) ;
#4957 = PLANE ( 'NONE',  #1099 ) ;
#4958 = VECTOR ( 'NONE', #6278, 39.37007874015748143 ) ;
#4959 = CARTESIAN_POINT ( 'NONE',  ( -0.4507820337960491974, 0.1622047244094487750, 0.01377952766996799576 ) ) ;
#4960 = CARTESIAN_POINT ( 'NONE',  ( -0.1338560714672580310, 0.01968503937007875723, -0.05315513730911535645 ) ) ;
#4961 = FACE_OUTER_BOUND ( 'NONE', #6465, .T. ) ;
#4962 = CARTESIAN_POINT ( 'NONE',  ( -2.731847993664263218E-16, 0.01968503937007875723, -0.01970781430357135613 ) ) ;
#4963 = LINE ( 'NONE', #1836, #4378 ) ;
#4964 = ORIENTED_EDGE ( 'NONE', *, *, #3788, .F. ) ;
#4965 = VECTOR ( 'NONE', #1943, 39.37007874015748143 ) ;
#4966 = ORIENTED_EDGE ( 'NONE', *, *, #1753, .T. ) ;
#4967 = CARTESIAN_POINT ( 'NONE',  ( -0.1736087076179499700, 0.09251968503109740671, 2.756008413610662221E-10 ) ) ;
#4968 = ORIENTED_EDGE ( 'NONE', *, *, #57, .T. ) ;
#4969 = DIRECTION ( 'NONE',  ( 1.000000000000000000, 0.000000000000000000, 0.000000000000000000 ) ) ;
#4970 = DIRECTION ( 'NONE',  ( -0.0002428054473875628861, -0.9999999415021886273, 0.0002409172758446918936 ) ) ;
#4971 = DIRECTION ( 'NONE',  ( 4.078893220340669608E-32, -2.220446049250309876E-16, -1.000000000000000000 ) ) ;
#4972 = DIRECTION ( 'NONE',  ( 1.870278057786354661E-14, 0.8576492835018589833, -0.5142350693104740245 ) ) ;
#4973 = LINE ( 'NONE', #4878, #7058 ) ;
#4974 = DIRECTION ( 'NONE',  ( 1.000000000000000000, 0.000000000000000000, 0.000000000000000000 ) ) ;
#4975 = VERTEX_POINT ( 'NONE', #3053 ) ;
#4976 = ADVANCED_FACE ( 'NONE', ( #6322 ), #6222, .F. ) ;
#4977 = ORIENTED_EDGE ( 'NONE', *, *, #2292, .T. ) ;
#4978 = AXIS2_PLACEMENT_3D ( 'NONE', #2691, #9053, #8999 ) ;
#4979 = EDGE_LOOP ( 'NONE', ( #6813, #8066, #2739 ) ) ;
#4980 = CARTESIAN_POINT ( 'NONE',  ( -2.856056961827401970E-16, 0.2782059067828601684, -0.2155511812863740440 ) ) ;
#4981 = VERTEX_POINT ( 'NONE', #4716 ) ;
#4982 = ADVANCED_FACE ( 'NONE', ( #9364 ), #1540, .F. ) ;
#4983 = DIRECTION ( 'NONE',  ( 1.000000000000000000, 0.000000000000000000, -6.245969335281450904E-16 ) ) ;
#4984 = ORIENTED_EDGE ( 'NONE', *, *, #4484, .F. ) ;
#4985 = ADVANCED_FACE ( 'NONE', ( #7893 ), #762, .F. ) ;
#4986 = CARTESIAN_POINT ( 'NONE',  ( -0.04493248089200118506, 0.4294716001481418410, -0.3543307085505043585 ) ) ;
#4987 = DIRECTION ( 'NONE',  ( 1.000000000000000000, 6.123638448986479919E-17, -6.245969335281450904E-16 ) ) ;
#4988 = CARTESIAN_POINT ( 'NONE',  ( -0.5314938663831132448, 0.01968503937007875723, -0.05317156779685343337 ) ) ;
#4989 = PLANE ( 'NONE',  #9127 ) ;
#4990 = ORIENTED_EDGE ( 'NONE', *, *, #6344, .T. ) ;
#4991 = VECTOR ( 'NONE', #5917, 39.37007874015748143 ) ;
#4992 = EDGE_CURVE ( 'NONE', #2663, #9041, #1210, .T. ) ;
#4993 = VERTEX_POINT ( 'NONE', #8579 ) ;
#4994 = EDGE_CURVE ( 'NONE', #4204, #795, #1380, .T. ) ;
#4995 = CARTESIAN_POINT ( 'NONE',  ( -0.4448685501376358209, 0.1200787401492105638, -0.01574803122046422588 ) ) ;
#4996 = CARTESIAN_POINT ( 'NONE',  ( -0.5137741597803013871, 0.2480314960629948773, -0.3246574802040486096 ) ) ;
#4997 = DIRECTION ( 'NONE',  ( -1.000000000000000000, -1.836970198721029688E-16, 0.000000000000000000 ) ) ;
#4998 = DIRECTION ( 'NONE',  ( 1.929231152724730244E-14, 3.937811493333050195E-13, -1.000000000000000000 ) ) ;
#4999 = LINE ( 'NONE', #9016, #9961 ) ;
#5000 = AXIS2_PLACEMENT_3D ( 'NONE', #2228, #3952, #4680 ) ;
#5001 = EDGE_LOOP ( 'NONE', ( #136, #9296, #5422, #7250 ) ) ;
#5002 = ORIENTED_EDGE ( 'NONE', *, *, #8562, .T. ) ;
#5003 = ADVANCED_FACE ( 'NONE', ( #10149, #2999 ), #7156, .T. ) ;
#5004 = ORIENTED_EDGE ( 'NONE', *, *, #10168, .T. ) ;
#5005 = DIRECTION ( 'NONE',  ( 8.466415384531750179E-16, -9.958396954279598582E-17, 1.000000000000000000 ) ) ;
#5006 = VECTOR ( 'NONE', #5899, 39.37007874015748854 ) ;
#5007 =( BOUNDED_CURVE ( )  B_SPLINE_CURVE ( 3, ( #3935, #10251, #4715, #8774 ),
 .UNSPECIFIED., .F., .F. ) 
 B_SPLINE_CURVE_WITH_KNOTS ( ( 4, 4 ),
 ( 1.570796326794910991, 1.616331578363464416 ),
 .UNSPECIFIED. ) 
 CURVE ( )  GEOMETRIC_REPRESENTATION_ITEM ( )  RATIONAL_B_SPLINE_CURVE ( ( 1.000000000000000000, 0.9998272192025325911, 0.9998272192025325911, 1.000000000000000000 ) ) 
 REPRESENTATION_ITEM ( '' )  );
#5008 = CARTESIAN_POINT ( 'NONE',  ( -0.4586560495440809571, 0.1149606299212581617, -0.3405511809914499310 ) ) ;
#5009 = CARTESIAN_POINT ( 'NONE',  ( -0.4074749471818807645, -0.03212048658943458118, 0.0002871963762553231009 ) ) ;
#5010 = CARTESIAN_POINT ( 'NONE',  ( -0.4665300652921126612, -0.07086614186343768995, -0.3405511809914425481 ) ) ;
#5011 = CYLINDRICAL_SURFACE ( 'NONE', #10322, 0.01181102362204724567 ) ;
#5012 = CARTESIAN_POINT ( 'NONE',  ( -0.5531442385204589085, 0.4862204724409451839, -0.3165430069310015138 ) ) ;
#5013 = EDGE_LOOP ( 'NONE', ( #2098, #3760, #877, #2381, #7441, #9152 ) ) ;
#5014 = ORIENTED_EDGE ( 'NONE', *, *, #597, .T. ) ;
#5016 = DIRECTION ( 'NONE',  ( 8.466415384531749193E-16, -9.958396954279598582E-17, 1.000000000000000000 ) ) ;
#5015 = CIRCLE ( 'NONE', #9017, 0.01968503937007873988 ) ;
#5017 = ORIENTED_EDGE ( 'NONE', *, *, #6002, .F. ) ;
#5018 = CARTESIAN_POINT ( 'NONE',  ( -0.003931640095261022295, 0.2154974348061483580, -0.3385826770544420050 ) ) ;
#5019 = CARTESIAN_POINT ( 'NONE',  ( -0.4468450259220339005, 0.1240157480314870719, 0.01574803160697565291 ) ) ;
#5020 = EDGE_CURVE ( 'NONE', #2955, #737, #6167, .T. ) ;
#5021 = CARTESIAN_POINT ( 'NONE',  ( -0.4551685378474741861, 0.1240157480314862393, -0.3377379135609609451 ) ) ;
#5022 = PLANE ( 'NONE',  #2117 ) ;
#5023 = CYLINDRICAL_SURFACE ( 'NONE', #1053, 0.01968503937007873988 ) ;
#5024 = ORIENTED_EDGE ( 'NONE', *, *, #5738, .F. ) ;
#5025 = DIRECTION ( 'NONE',  ( 1.320822031358189968E-15, 7.452763270214839996E-16, -1.000000000000000000 ) ) ;
#5026 = VERTEX_POINT ( 'NONE', #5444 ) ;
#5027 = CIRCLE ( 'NONE', #4880, 0.01181102362204724046 ) ;
#5028 = VECTOR ( 'NONE', #3102, 39.37007874015748143 ) ;
#5029 = ORIENTED_EDGE ( 'NONE', *, *, #5874, .F. ) ;
#5030 = ORIENTED_EDGE ( 'NONE', *, *, #3269, .F. ) ;
#5031 = DIRECTION ( 'NONE',  ( 1.474064725687859833E-13, 1.000000000000000000, 3.644747806515189682E-13 ) ) ;
#5032 = EDGE_LOOP ( 'NONE', ( #1841, #6366 ) ) ;
#5033 = CARTESIAN_POINT ( 'NONE',  ( -0.5137741597803013871, 0.01968503937007875723, 0.001968504047920685909 ) ) ;
#5034 = VERTEX_POINT ( 'NONE', #4616 ) ;
#5035 = CARTESIAN_POINT ( 'NONE',  ( -0.4114119550558916760, 0.1240157480314862393, 0.02755905522902296276 ) ) ;
#5036 = AXIS2_PLACEMENT_3D ( 'NONE', #4037, #4721, #7899 ) ;
#5037 = CARTESIAN_POINT ( 'NONE',  ( 0.01181639140080433317, 0.4717749884904424151, -0.3385826770544400621 ) ) ;
#5038 = CIRCLE ( 'NONE', #3219, 0.02952755905511810289 ) ;
#5039 = DIRECTION ( 'NONE',  ( 8.431192517898690107E-32, 1.000000000000000000, 9.958396954279598582E-17 ) ) ;
#5040 = CARTESIAN_POINT ( 'NONE',  ( -0.04723872670943303487, 0.4675598519649055707, -0.3543307085505032483 ) ) ;
#5041 = LINE ( 'NONE', #8905, #5787 ) ;
#5042 = ORIENTED_EDGE ( 'NONE', *, *, #8308, .F. ) ;
#5043 = EDGE_CURVE ( 'NONE', #596, #5069, #3834, .T. ) ;
#5044 = VECTOR ( 'NONE', #1551, 39.37007874015748854 ) ;
#5045 = VERTEX_POINT ( 'NONE', #5008 ) ;
#5046 = VECTOR ( 'NONE', #9639, 39.37007874015748143 ) ;
#5047 = AXIS2_PLACEMENT_3D ( 'NONE', #1716, #1816, #2646 ) ;
#5048 = ORIENTED_EDGE ( 'NONE', *, *, #6095, .T. ) ;
#5049 = DIRECTION ( 'NONE',  ( 8.044134937727570810E-21, -1.000000000000000000, -1.946778531802094728E-16 ) ) ;
#5050 = ADVANCED_FACE ( 'NONE', ( #3249 ), #4909, .F. ) ;
#5051 = FACE_OUTER_BOUND ( 'NONE', #5032, .T. ) ;
#5052 = CARTESIAN_POINT ( 'NONE',  ( 0.1574856827393863179, 0.1961577234971906281, -0.1299212597316068141 ) ) ;
#5053 = PLANE ( 'NONE',  #2299 ) ;
#5054 = VECTOR ( 'NONE', #8589, 39.37007874015748143 ) ;
#5055 = CARTESIAN_POINT ( 'NONE',  ( -0.5530711961484034989, 0.02998846426958549569, 0.009104929744361747040 ) ) ;
#5056 = ORIENTED_EDGE ( 'NONE', *, *, #9854, .F. ) ;
#5057 = EDGE_CURVE ( 'NONE', #1392, #6069, #3344, .T. ) ;
#5058 = ORIENTED_EDGE ( 'NONE', *, *, #3773, .F. ) ;
#5059 = VECTOR ( 'NONE', #10223, 39.37007874015748143 ) ;
#5060 = ADVANCED_FACE ( 'NONE', ( #73 ), #3397, .T. ) ;
#5061 = EDGE_LOOP ( 'NONE', ( #6115, #9872 ) ) ;
#5062 = FACE_OUTER_BOUND ( 'NONE', #2763, .T. ) ;
#5063 = CARTESIAN_POINT ( 'NONE',  ( -0.05708124639447897247, -0.06074340425057835752, -0.3236683210821464374 ) ) ;
#5064 = CARTESIAN_POINT ( 'NONE',  ( -0.5531442385204589085, 0.4822834645669386022, -0.3287401573694315737 ) ) ;
#5065 = CARTESIAN_POINT ( 'NONE',  ( -0.4084218461419527602, -0.1156854393858068875, 0.001968504047920685909 ) ) ;
#5066 = CYLINDRICAL_SURFACE ( 'NONE', #4475, 0.01181102362204724046 ) ;
#5067 = DIRECTION ( 'NONE',  ( -1.000000000000000000, -6.123638448986479919E-17, 6.245969335281450904E-16 ) ) ;
#5068 = EDGE_CURVE ( 'NONE', #3609, #4667, #376, .T. ) ;
#5069 = VERTEX_POINT ( 'NONE', #4858 ) ;
#5070 = VERTEX_POINT ( 'NONE', #8826 ) ;
#5071 = CARTESIAN_POINT ( 'NONE',  ( -0.4074749471818818747, -0.1156854394007208742, -0.009842519574136458088 ) ) ;
#5072 = EDGE_LOOP ( 'NONE', ( #6233, #6803, #5907, #3164 ) ) ;
#5073 = DIRECTION ( 'NONE',  ( 9.330975614940841759E-16, -1.000000000000000000, 0.000000000000000000 ) ) ;
#5074 = LINE ( 'NONE', #4194, #9002 ) ;
#5075 = CARTESIAN_POINT ( 'NONE',  ( -0.2952676190836066028, 0.01377952756953897996, -0.1948940904563258025 ) ) ;
#5076 = DIRECTION ( 'NONE',  ( 1.000000000000000000, 2.669637467189900051E-16, 5.551115123125779621E-17 ) ) ;
#5077 = DIRECTION ( 'NONE',  ( -1.440098999557375946E-19, 1.000000000000000000, 3.485214803655280494E-15 ) ) ;
#5078 = FACE_OUTER_BOUND ( 'NONE', #4140, .T. ) ;
#5079 = ADVANCED_FACE ( 'NONE', ( #222 ), #6420, .T. ) ;
#5080 = ORIENTED_EDGE ( 'NONE', *, *, #9396, .F. ) ;
#5081 = AXIS2_PLACEMENT_3D ( 'NONE', #9730, #8885, #8151 ) ;
#5082 = ORIENTED_EDGE ( 'NONE', *, *, #8108, .T. ) ;
#5083 = ORIENTED_EDGE ( 'NONE', *, *, #1928, .T. ) ;
#5084 = DIRECTION ( 'NONE',  ( 0.3713906763540927858, -3.931517277967468579E-13, 0.9284766908852637446 ) ) ;
#5085 = VERTEX_POINT ( 'NONE', #6515 ) ;
#5086 = LINE ( 'NONE', #6545, #2034 ) ;
#5087 = ORIENTED_EDGE ( 'NONE', *, *, #7925, .F. ) ;
#5088 = AXIS2_PLACEMENT_3D ( 'NONE', #3496, #5889, #1105 ) ;
#5089 = B_SPLINE_CURVE_WITH_KNOTS ( 'NONE', 3,
 ( #4579, #4518, #3740, #2958 ),
 .UNSPECIFIED., .F., .F.,
 ( 4, 4 ),
 ( 0.000000000000000000, 1.000000000000000000 ),
 .UNSPECIFIED. ) ;
#5090 = PLANE ( 'NONE',  #7647 ) ;
#5091 = LINE ( 'NONE', #6022, #9771 ) ;
#5092 = LINE ( 'NONE', #4413, #5436 ) ;
#5093 = CARTESIAN_POINT ( 'NONE',  ( -0.05314277377547387687, -0.1003936897637803943, -0.1653564453827466862 ) ) ;
#5094 = CARTESIAN_POINT ( 'NONE',  ( -0.4975276919558053734, 0.01968503937007875723, -0.3287401573694028745 ) ) ;
#5095 = ORIENTED_EDGE ( 'NONE', *, *, #7092, .T. ) ;
#5096 = VECTOR ( 'NONE', #9054, 39.37007874015748143 ) ;
#5097 = VECTOR ( 'NONE', #10227, 39.37007874015748143 ) ;
#5098 = ORIENTED_EDGE ( 'NONE', *, *, #5405, .T. ) ;
#5099 = ORIENTED_EDGE ( 'NONE', *, *, #1512, .T. ) ;
#5100 = DIRECTION ( 'NONE',  ( 1.000000000000000000, -1.293016685864029896E-13, 0.000000000000000000 ) ) ;
#5101 = CARTESIAN_POINT ( 'NONE',  ( -0.5314827233659782380, 0.01181102361377390705, -0.04724409421259004316 ) ) ;
#5102 = AXIS2_PLACEMENT_3D ( 'NONE', #920, #3213, #2432 ) ;
#5103 = PLANE ( 'NONE',  #1566 ) ;
#5104 = VECTOR ( 'NONE', #2677, 39.37007874015748143 ) ;
#5105 = DIRECTION ( 'NONE',  ( -1.320822031358179910E-15, 2.220446049250329844E-16, 1.000000000000000000 ) ) ;
#5106 = CARTESIAN_POINT ( 'NONE',  ( -0.5649552621425060206, 0.2460629921259527841, -0.3267716534323946709 ) ) ;
#5107 = ORIENTED_EDGE ( 'NONE', *, *, #6140, .T. ) ;
#5108 = ADVANCED_FACE ( 'NONE', ( #4815, #8872 ), #8091, .F. ) ;
#5109 = AXIS2_PLACEMENT_3D ( 'NONE', #2721, #9719, #5838 ) ;
#5110 = AXIS2_PLACEMENT_3D ( 'NONE', #4034, #1925, #2031 ) ;
#5111 = VERTEX_POINT ( 'NONE', #4233 ) ;
#5112 = VERTEX_POINT ( 'NONE', #4959 ) ;
#5113 = CARTESIAN_POINT ( 'NONE',  ( -0.5137741597803013871, 0.2480314960629948773, -0.3287401573694239132 ) ) ;
#5114 = EDGE_CURVE ( 'NONE', #5465, #6439, #2560, .T. ) ;
#5115 = EDGE_CURVE ( 'NONE', #9180, #7613, #8775, .T. ) ;
#5116 = LINE ( 'NONE', #5163, #4549 ) ;
#5117 = CARTESIAN_POINT ( 'NONE',  ( -0.5531442385204589085, 0.4685861008999645527, -0.3405511809914499310 ) ) ;
#5118 = DIRECTION ( 'NONE',  ( 8.466415384531749193E-16, -9.958396954279598582E-17, 1.000000000000000000 ) ) ;
#5119 = VECTOR ( 'NONE', #5428, 39.37007874015748143 ) ;
#5120 = DIRECTION ( 'NONE',  ( -0.9284766908852437606, 1.202741610010609897E-13, -0.3713906763541423572 ) ) ;
#5121 = CARTESIAN_POINT ( 'NONE',  ( -0.5531442385204589085, 0.4862204724409451839, 0.01377952766996799576 ) ) ;
#5122 = ORIENTED_EDGE ( 'NONE', *, *, #6286, .T. ) ;
#5123 = ADVANCED_FACE ( 'NONE', ( #9819 ), #905, .F. ) ;
#5124 = ORIENTED_EDGE ( 'NONE', *, *, #9656, .F. ) ;
#5125 = VECTOR ( 'NONE', #5922, 39.37007874015748143 ) ;
#5126 = EDGE_CURVE ( 'NONE', #9666, #3417, #4082, .T. ) ;
#5127 = DIRECTION ( 'NONE',  ( -1.000000000000000000, 1.437166293563720158E-14, -2.220446049248289899E-16 ) ) ;
#5128 = EDGE_LOOP ( 'NONE', ( #1089, #1237, #5668, #1848 ) ) ;
#5129 = CARTESIAN_POINT ( 'NONE',  ( -0.4370025062369939928, -0.1082677165354328924, -0.3349576237734095963 ) ) ;
#5130 = DIRECTION ( 'NONE',  ( -4.132023648018220161E-05, 0.000000000000000000, 0.9999999991463189852 ) ) ;
#5131 = DIRECTION ( 'NONE',  ( -1.000000000000000000, 1.084202172485504434E-15, 0.000000000000000000 ) ) ;
#5132 = DIRECTION ( 'NONE',  ( 0.000000000000000000, 1.000000000000000000, 3.937811493333050195E-13 ) ) ;
#5133 = FACE_OUTER_BOUND ( 'NONE', #8053, .T. ) ;
#5134 = CARTESIAN_POINT ( 'NONE',  ( -0.4507820337960491974, 0.1240157480314875993, -0.3267716534323941158 ) ) ;
#5135 = ORIENTED_EDGE ( 'NONE', *, *, #9981, .T. ) ;
#5136 = CIRCLE ( 'NONE', #4141, 0.01181102362204724046 ) ;
#5137 = ORIENTED_EDGE ( 'NONE', *, *, #5057, .F. ) ;
#5138 = VERTEX_POINT ( 'NONE', #8143 ) ;
#5139 = EDGE_CURVE ( 'NONE', #6439, #8101, #1057, .T. ) ;
#5140 = DIRECTION ( 'NONE',  ( -1.000000000000000000, 1.259585646868319844E-15, -1.320822031358179910E-15 ) ) ;
#5141 = EDGE_LOOP ( 'NONE', ( #2304, #9102, #4419, #1090 ) ) ;
#5142 = CARTESIAN_POINT ( 'NONE',  ( -0.3877899078117976184, 0.02165354330708013295, 0.02755905522902296276 ) ) ;
#5143 = VERTEX_POINT ( 'NONE', #2612 ) ;
#5144 = DIRECTION ( 'NONE',  ( 1.000000000000000000, -1.437166293563720158E-14, 2.220446049248289899E-16 ) ) ;
#5145 = PLANE ( 'NONE',  #6937 ) ;
#5146 = CARTESIAN_POINT ( 'NONE',  ( -0.02558518263147976576, 0.2755905511811020947, -0.1299212597316068418 ) ) ;
#5147 = CARTESIAN_POINT ( 'NONE',  ( -0.1338560714672585583, 0.2421259842519683514, -0.05315513730911535645 ) ) ;
#5148 = CARTESIAN_POINT ( 'NONE',  ( -0.3458482281720611784, -0.02604684404438216416, 0.001968504047920685909 ) ) ;
#5149 = ORIENTED_EDGE ( 'NONE', *, *, #989, .T. ) ;
#5150 = VECTOR ( 'NONE', #8377, 39.37007874015748143 ) ;
#5151 = ORIENTED_EDGE ( 'NONE', *, *, #2820, .F. ) ;
#5152 = CARTESIAN_POINT ( 'NONE',  ( -0.5314960625374123282, 0.01968503937007875723, -2.196154301147996358E-05 ) ) ;
#5153 = ORIENTED_EDGE ( 'NONE', *, *, #2024, .T. ) ;
#5154 = DIRECTION ( 'NONE',  ( 1.000000000000000000, 2.669637467189900051E-16, 0.000000000000000000 ) ) ;
#5155 = DIRECTION ( 'NONE',  ( 1.000000000000000000, -1.437166293563720158E-14, 2.220446049248289899E-16 ) ) ;
#5156 = EDGE_CURVE ( 'NONE', #6228, #5591, #1640, .T. ) ;
#5157 = CARTESIAN_POINT ( 'NONE',  ( -0.05314155368975124333, 0.2191017434821162513, -0.1948840044126575188 ) ) ;
#5158 = DIRECTION ( 'NONE',  ( 1.000000000000000000, 0.000000000000000000, 0.000000000000000000 ) ) ;
#5159 = ORIENTED_EDGE ( 'NONE', *, *, #3718, .F. ) ;
#5160 = EDGE_LOOP ( 'NONE', ( #7808, #5087, #3367, #4348, #6671, #6101, #9130, #6116, #8517, #10190, #8130, #4836, #6153 ) ) ;
#5161 = ORIENTED_EDGE ( 'NONE', *, *, #2475, .T. ) ;
#5162 = CARTESIAN_POINT ( 'NONE',  ( -0.5531442385204589085, 0.4980314960629916299, -0.3165430069310066763 ) ) ;
#5163 = CARTESIAN_POINT ( 'NONE',  ( -0.5314827233659782380, 0.01181102361377390705, -0.002114173117433575458 ) ) ;
#5164 = DIRECTION ( 'NONE',  ( 0.000000000000000000, 1.000000000000000000, -2.220446041624741809E-16 ) ) ;
#5165 = CARTESIAN_POINT ( 'NONE',  ( -0.5649552621425061316, 0.4880476441541349297, -0.3154880888505358083 ) ) ;
#5166 = CYLINDRICAL_SURFACE ( 'NONE', #8646, 0.01968503937007875723 ) ;
#5167 = DIRECTION ( 'NONE',  ( -1.578983857244669950E-15, 0.000000000000000000, 1.000000000000000000 ) ) ;
#5168 = ORIENTED_EDGE ( 'NONE', *, *, #4748, .F. ) ;
#5169 = EDGE_CURVE ( 'NONE', #8658, #5910, #1714, .T. ) ;
#5170 = EDGE_CURVE ( 'NONE', #7499, #8540, #7990, .T. ) ;
#5171 = VERTEX_POINT ( 'NONE', #3301 ) ;
#5172 = AXIS2_PLACEMENT_3D ( 'NONE', #9012, #6715, #6663 ) ;
#5173 = ORIENTED_EDGE ( 'NONE', *, *, #9805, .F. ) ;
#5174 = LINE ( 'NONE', #8360, #3109 ) ;
#5175 = ADVANCED_FACE ( 'NONE', ( #6467 ), #6832, .T. ) ;
#5176 = DIRECTION ( 'NONE',  ( -1.000000000000000000, 1.437166293563760232E-14, 0.000000000000000000 ) ) ;
#5177 = EDGE_CURVE ( 'NONE', #7674, #8420, #4882, .T. ) ;
#5178 = DIRECTION ( 'NONE',  ( 0.9999999991463189852, -1.233581138511403903E-16, 4.132023646389969404E-05 ) ) ;
#5179 = FACE_BOUND ( 'NONE', #2376, .T. ) ;
#5180 = DIRECTION ( 'NONE',  ( -1.000000000000000000, 1.259585646868319844E-15, -1.320822031358179910E-15 ) ) ;
#5181 = FACE_OUTER_BOUND ( 'NONE', #4777, .T. ) ;
#5182 = ORIENTED_EDGE ( 'NONE', *, *, #1646, .F. ) ;
#5183 = AXIS2_PLACEMENT_3D ( 'NONE', #7183, #5621, #8654 ) ;
#5184 = ORIENTED_EDGE ( 'NONE', *, *, #9707, .T. ) ;
#5185 = EDGE_CURVE ( 'NONE', #5212, #4501, #8544, .T. ) ;
#5186 = VERTEX_POINT ( 'NONE', #8456 ) ;
#5187 = ORIENTED_EDGE ( 'NONE', *, *, #10290, .F. ) ;
#5188 = FACE_OUTER_BOUND ( 'NONE', #8800, .T. ) ;
#5189 = ORIENTED_EDGE ( 'NONE', *, *, #7597, .F. ) ;
#5190 = DIRECTION ( 'NONE',  ( 1.000000000000000000, -1.259585646868319844E-15, 1.098777426433149983E-15 ) ) ;
#5191 = CARTESIAN_POINT ( 'NONE',  ( -0.01377415978030067413, 0.01968503937007875723, 0.001968504047920685909 ) ) ;
#5192 = PLANE ( 'NONE',  #2601 ) ;
#5193 = DIRECTION ( 'NONE',  ( 4.132023645140914291E-05, -5.097186436904420192E-21, -0.9999999991463189852 ) ) ;
#5194 = LINE ( 'NONE', #1295, #4559 ) ;
#5196 = AXIS2_PLACEMENT_3D ( 'NONE', #2838, #6641, #9882 ) ;
#5195 = LINE ( 'NONE', #2127, #5125 ) ;
#5197 = ORIENTED_EDGE ( 'NONE', *, *, #753, .T. ) ;
#5198 = EDGE_CURVE ( 'NONE', #4323, #5990, #5946, .T. ) ;
#5199 = EDGE_LOOP ( 'NONE', ( #10236, #5290, #7145, #1524, #4296 ) ) ;
#5200 = AXIS2_PLACEMENT_3D ( 'NONE', #6731, #1788, #5951 ) ;
#5201 = AXIS2_PLACEMENT_3D ( 'NONE', #5491, #1591, #8519 ) ;
#5202 = DIRECTION ( 'NONE',  ( -2.220446049247779851E-16, 3.552713678803200411E-15, 1.000000000000000000 ) ) ;
#5203 = ORIENTED_EDGE ( 'NONE', *, *, #9433, .T. ) ;
#5204 = LINE ( 'NONE', #3590, #1025 ) ;
#5205 = CARTESIAN_POINT ( 'NONE',  ( -2.507451302151693763E-16, 0.1915354334842512829, -0.1299212597316068418 ) ) ;
#5206 = CARTESIAN_POINT ( 'NONE',  ( -0.5531442385204589085, 0.3279258747788634798, -0.002114173117433575458 ) ) ;
#5207 = CARTESIAN_POINT ( 'NONE',  ( -0.5531442385204589085, 0.4862204724409451839, -0.3165430069310017913 ) ) ;
#5208 = ORIENTED_EDGE ( 'NONE', *, *, #5391, .T. ) ;
#5209 = EDGE_CURVE ( 'NONE', #9608, #8981, #10024, .T. ) ;
#5210 = AXIS2_PLACEMENT_3D ( 'NONE', #3518, #5084, #345 ) ;
#5211 = AXIS2_PLACEMENT_3D ( 'NONE', #846, #4950, #3385 ) ;
#5212 = VERTEX_POINT ( 'NONE', #2872 ) ;
#5213 = ORIENTED_EDGE ( 'NONE', *, *, #2292, .F. ) ;
#5214 = VECTOR ( 'NONE', #6914, 39.37007874015748854 ) ;
#5215 = AXIS2_PLACEMENT_3D ( 'NONE', #1605, #3956, #2484 ) ;
#5216 = EDGE_LOOP ( 'NONE', ( #7493, #9319, #8492, #8845 ) ) ;
#5217 = CARTESIAN_POINT ( 'NONE',  ( -0.03936471096139967235, 0.4239038302175392459, -0.3543307085505043585 ) ) ;
#5218 = DIRECTION ( 'NONE',  ( -2.932814061292065175E-31, -1.000000000000000000, 2.220446049250329844E-16 ) ) ;
#5219 = DIRECTION ( 'NONE',  ( -1.000000000000000000, -4.625929289008769985E-16, 1.069961089345456021E-31 ) ) ;
#5220 = CARTESIAN_POINT ( 'NONE',  ( -0.5137741597803057170, 0.01968503937007875723, 2.755994798080261856E-10 ) ) ;
#5221 = DIRECTION ( 'NONE',  ( -4.132023649219140085E-05, 0.000000000000000000, 0.9999999991463189852 ) ) ;
#5222 = EDGE_LOOP ( 'NONE', ( #2673, #8203, #9987, #7239, #8206, #3573 ) ) ;
#5223 = VECTOR ( 'NONE', #7011, 39.37007874015748854 ) ;
#5224 = ORIENTED_EDGE ( 'NONE', *, *, #4994, .T. ) ;
#5225 = CARTESIAN_POINT ( 'NONE',  ( -0.5314960625215926493, 0.4645669291338582196, -0.04724409421258866232 ) ) ;
#5226 = VERTEX_POINT ( 'NONE', #5837 ) ;
#5227 = CARTESIAN_POINT ( 'NONE',  ( -0.05708124639447869492, -0.1082677165354372639, -0.3393563159933605244 ) ) ;
#5228 = CARTESIAN_POINT ( 'NONE',  ( -0.5374758135490458333, 0.09834559032574947957, -0.002114173117433575458 ) ) ;
#5229 = AXIS2_PLACEMENT_3D ( 'NONE', #9352, #4662, #700 ) ;
#5230 = DIRECTION ( 'NONE',  ( -1.000000000000000000, 9.634711363903441210E-15, -1.929231152724350329E-14 ) ) ;
#5231 = CARTESIAN_POINT ( 'NONE',  ( -0.5137741597803013871, 0.2480314960629924070, -0.3405511809914502086 ) ) ;
#5232 = EDGE_CURVE ( 'NONE', #5342, #7913, #1939, .T. ) ;
#5233 = CARTESIAN_POINT ( 'NONE',  ( -0.4271520147045647642, 0.1102362204641720578, -0.01970781430357135960 ) ) ;
#5234 = ORIENTED_EDGE ( 'NONE', *, *, #740, .F. ) ;
#5235 = EDGE_LOOP ( 'NONE', ( #7788, #5168, #8479, #8952 ) ) ;
#5236 = ORIENTED_EDGE ( 'NONE', *, *, #9263, .F. ) ;
#5237 = EDGE_CURVE ( 'NONE', #6621, #940, #3604, .T. ) ;
#5238 = ORIENTED_EDGE ( 'NONE', *, *, #4101, .T. ) ;
#5239 = LINE ( 'NONE', #454, #7057 ) ;
#5240 = ORIENTED_EDGE ( 'NONE', *, *, #4484, .T. ) ;
#5241 = FACE_OUTER_BOUND ( 'NONE', #4393, .T. ) ;
#5242 = FACE_OUTER_BOUND ( 'NONE', #2491, .T. ) ;
#5243 = CARTESIAN_POINT ( 'NONE',  ( -0.1736087076179499700, 0.05314960629093992001, 2.756008501029797693E-10 ) ) ;
#5244 = CARTESIAN_POINT ( 'NONE',  ( -0.4665300652921126612, -0.08098887952762763576, -0.3236683211421771400 ) ) ;
#5245 = EDGE_CURVE ( 'NONE', #10159, #3372, #4386, .T. ) ;
#5246 = EDGE_CURVE ( 'NONE', #9168, #2879, #1263, .T. ) ;
#5247 = LINE ( 'NONE', #9003, #4364 ) ;
#5248 = CARTESIAN_POINT ( 'NONE',  ( -0.4655831663320439406, -0.1156854393858060687, -0.3287401573694021528 ) ) ;
#5249 = VERTEX_POINT ( 'NONE', #1320 ) ;
#5250 = ORIENTED_EDGE ( 'NONE', *, *, #478, .F. ) ;
#5251 = ADVANCED_FACE ( 'NONE', ( #485 ), #9077, .T. ) ;
#5252 = VECTOR ( 'NONE', #9632, 39.37007874015748143 ) ;
#5253 = CARTESIAN_POINT ( 'NONE',  ( -0.4074749471818818747, -0.08098887955701576657, -0.003103332195715251176 ) ) ;
#5254 = CARTESIAN_POINT ( 'NONE',  ( -0.3877899078117976184, 0.03346456692912580522, 0.01574803160697565291 ) ) ;
#5255 = ORIENTED_EDGE ( 'NONE', *, *, #8241, .T. ) ;
#5256 = CARTESIAN_POINT ( 'NONE',  ( -0.5314960625374112180, 9.778103523722497620E-12, -2.196154301066040838E-05 ) ) ;
#5257 = ADVANCED_FACE ( 'NONE', ( #4332 ), #428, .T. ) ;
#5258 = DIRECTION ( 'NONE',  ( -1.000000000000000000, 0.000000000000000000, 6.245969335281450904E-16 ) ) ;
#5259 = LINE ( 'NONE', #5206, #7123 ) ;
#5260 = CARTESIAN_POINT ( 'NONE',  ( -0.4035379393078605825, 0.1543307086614156831, 0.001968504047920685909 ) ) ;
#5261 = VECTOR ( 'NONE', #9670, 39.37007874015748143 ) ;
#5262 = CIRCLE ( 'NONE', #6588, 0.04527559055118110520 ) ;
#5263 = ORIENTED_EDGE ( 'NONE', *, *, #3274, .F. ) ;
#5264 = VERTEX_POINT ( 'NONE', #3655 ) ;
#5265 = ORIENTED_EDGE ( 'NONE', *, *, #4928, .F. ) ;
#5266 = VECTOR ( 'NONE', #10288, 39.37007874015748143 ) ;
#5267 = AXIS2_PLACEMENT_3D ( 'NONE', #8594, #674, #3069 ) ;
#5268 = EDGE_CURVE ( 'NONE', #10085, #9075, #1988, .T. ) ;
#5269 = ORIENTED_EDGE ( 'NONE', *, *, #935, .F. ) ;
#5270 = CARTESIAN_POINT ( 'NONE',  ( -0.4586560495440809571, 0.1149606299212581617, -0.3287401573694028745 ) ) ;
#5271 = LINE ( 'NONE', #6727, #1721 ) ;
#5272 = CYLINDRICAL_SURFACE ( 'NONE', #2298, 0.02952755905511811330 ) ;
#5273 = DIRECTION ( 'NONE',  ( 1.000000000000000000, 2.669637467189900051E-16, 5.551115123125779621E-17 ) ) ;
#5274 = CARTESIAN_POINT ( 'NONE',  ( 5.367778755498260988E-06, 0.2755905511811020947, -0.008858267605622589802 ) ) ;
#5275 = EDGE_LOOP ( 'NONE', ( #6956, #8217, #98, #6931 ) ) ;
#5276 = CIRCLE ( 'NONE', #6432, 0.01181102362204724046 ) ;
#5277 = AXIS2_PLACEMENT_3D ( 'NONE', #7471, #4248, #4196 ) ;
#5278 = VERTEX_POINT ( 'NONE', #5063 ) ;
#5279 = CARTESIAN_POINT ( 'NONE',  ( -0.2755883547915327636, 0.4645669291338582196, -0.05316099372058551847 ) ) ;
#5280 = ORIENTED_EDGE ( 'NONE', *, *, #4992, .F. ) ;
#5281 = FACE_OUTER_BOUND ( 'NONE', #4310, .T. ) ;
#5282 = CIRCLE ( 'NONE', #9463, 0.02952755905511810983 ) ;
#5283 = DIRECTION ( 'NONE',  ( 0.000000000000000000, 1.000000000000000000, -2.220446041624741809E-16 ) ) ;
#5284 = CIRCLE ( 'NONE', #9791, 0.08562992133294314301 ) ;
#5285 = CARTESIAN_POINT ( 'NONE',  ( -0.5531442385204589085, 0.4685861009001065502, 0.01377952766996799576 ) ) ;
#5286 = CARTESIAN_POINT ( 'NONE',  ( -0.04527022277243084036, 0.01968503937007602678, -0.3338050153445868973 ) ) ;
#5287 = LINE ( 'NONE', #8415, #395 ) ;
#5288 = LINE ( 'NONE', #7012, #9874 ) ;
#5289 = ORIENTED_EDGE ( 'NONE', *, *, #769, .T. ) ;
#5290 = ORIENTED_EDGE ( 'NONE', *, *, #10312, .F. ) ;
#5291 = VECTOR ( 'NONE', #1530, 39.37007874015748854 ) ;
#5292 = ORIENTED_EDGE ( 'NONE', *, *, #2881, .T. ) ;
#5293 = ORIENTED_EDGE ( 'NONE', *, *, #6830, .F. ) ;
#5294 = CYLINDRICAL_SURFACE ( 'NONE', #3547, 0.01181102362204724046 ) ;
#5295 = ORIENTED_EDGE ( 'NONE', *, *, #3407, .T. ) ;
#5296 = CARTESIAN_POINT ( 'NONE',  ( -0.4665300652921126612, -0.08706252215412299544, -0.01323304811319263481 ) ) ;
#5297 = DIRECTION ( 'NONE',  ( 0.9999999991463189852, 0.000000000000000000, 4.132023649128439797E-05 ) ) ;
#5298 = DIRECTION ( 'NONE',  ( -1.000000000000000000, 1.608082204351299748E-16, -1.098777426433149983E-15 ) ) ;
#5299 = CARTESIAN_POINT ( 'NONE',  ( -0.03937007870654731650, 0.4842519685039369803, -1.626780961142190473E-06 ) ) ;
#5300 = LINE ( 'NONE', #3438, #8215 ) ;
#5301 = CIRCLE ( 'NONE', #2311, 0.01181102362204724046 ) ;
#5302 = LINE ( 'NONE', #1511, #6199 ) ;
#5303 = LINE ( 'NONE', #6025, #8798 ) ;
#5304 = EDGE_CURVE ( 'NONE', #2882, #476, #5116, .T. ) ;
#5305 = VERTEX_POINT ( 'NONE', #4492 ) ;
#5306 = ORIENTED_EDGE ( 'NONE', *, *, #7427, .F. ) ;
#5307 = ADVANCED_FACE ( 'NONE', ( #373 ), #2822, .F. ) ;
#5308 = EDGE_CURVE ( 'NONE', #5111, #1268, #5271, .T. ) ;
#5309 = DIRECTION ( 'NONE',  ( -2.796841973281160348E-31, -2.220446049250309876E-16, -1.000000000000000000 ) ) ;
#5310 = DIRECTION ( 'NONE',  ( 2.220446049248259824E-16, -2.220446049250319983E-16, -1.000000000000000000 ) ) ;
#5311 = ORIENTED_EDGE ( 'NONE', *, *, #4168, .T. ) ;
#5312 = CARTESIAN_POINT ( 'NONE',  ( 5.368377182536977967E-06, 0.2755905511811020947, -0.2155511810645515114 ) ) ;
#5313 = PLANE ( 'NONE',  #9607 ) ;
#5314 = ADVANCED_FACE ( 'NONE', ( #8246 ), #1108, .F. ) ;
#5315 = DIRECTION ( 'NONE',  ( 2.220446049248259824E-16, -2.220446049250319983E-16, -1.000000000000000000 ) ) ;
#5316 = CARTESIAN_POINT ( 'NONE',  ( -0.5196828427721308374, 0.2933070866141731514, -0.05317107976256416069 ) ) ;
#5317 = ADVANCED_FACE ( 'NONE', ( #6997 ), #9406, .F. ) ;
#5318 = VERTEX_POINT ( 'NONE', #1369 ) ;
#5319 = ORIENTED_EDGE ( 'NONE', *, *, #8756, .T. ) ;
#5320 = EDGE_CURVE ( 'NONE', #9666, #8669, #9350, .T. ) ;
#5321 = ORIENTED_EDGE ( 'NONE', *, *, #7681, .T. ) ;
#5322 = ORIENTED_EDGE ( 'NONE', *, *, #3021, .T. ) ;
#5323 = VERTEX_POINT ( 'NONE', #6258 ) ;
#5324 = CARTESIAN_POINT ( 'NONE',  ( 0.1456746591693077464, 0.1574803154645666170, -0.1299212597316068418 ) ) ;
#5325 = DIRECTION ( 'NONE',  ( 0.000000000000000000, 0.000000000000000000, 1.000000000000000000 ) ) ;
#5326 = DIRECTION ( 'NONE',  ( 1.000000000000000000, -1.241154504388520031E-14, 0.000000000000000000 ) ) ;
#5327 = CARTESIAN_POINT ( 'NONE',  ( -0.4960549391375209116, 0.01968503937007875723, -0.1949023870358780608 ) ) ;
#5328 = DIRECTION ( 'NONE',  ( 1.000000000000000000, -9.634711363903441210E-15, 1.929231152724350329E-14 ) ) ;
#5329 = ORIENTED_EDGE ( 'NONE', *, *, #8692, .T. ) ;
#5330 = EDGE_CURVE ( 'NONE', #2196, #9180, #8718, .T. ) ;
#5331 = ORIENTED_EDGE ( 'NONE', *, *, #9845, .F. ) ;
#5332 = FACE_OUTER_BOUND ( 'NONE', #3563, .T. ) ;
#5333 = ORIENTED_EDGE ( 'NONE', *, *, #2188, .F. ) ;
#5334 = ORIENTED_EDGE ( 'NONE', *, *, #7537, .T. ) ;
#5335 = CARTESIAN_POINT ( 'NONE',  ( -0.1158401789496501799, -0.1131782253818544859, -0.3405511809914389953 ) ) ;
#5336 = DIRECTION ( 'NONE',  ( -1.000000000000000000, 0.000000000000000000, -1.098777426433149983E-15 ) ) ;
#5337 = FACE_BOUND ( 'NONE', #9907, .T. ) ;
#5338 = DIRECTION ( 'NONE',  ( 4.132023649202460990E-05, 2.166364731999629866E-16, -0.9999999991463190963 ) ) ;
#5339 = FACE_OUTER_BOUND ( 'NONE', #5398, .T. ) ;
#5340 = CYLINDRICAL_SURFACE ( 'NONE', #3882, 0.02755905511811023931 ) ;
#5341 = VERTEX_POINT ( 'NONE', #10082 ) ;
#5342 = VERTEX_POINT ( 'NONE', #3091 ) ;
#5343 = AXIS2_PLACEMENT_3D ( 'NONE', #9532, #7171, #5608 ) ;
#5344 = VERTEX_POINT ( 'NONE', #6205 ) ;
#5345 = ORIENTED_EDGE ( 'NONE', *, *, #1616, .F. ) ;
#5346 = CARTESIAN_POINT ( 'NONE',  ( -0.5236087071931873060, 0.01377952757303410602, -0.3228562815805118280 ) ) ;
#5347 = ORIENTED_EDGE ( 'NONE', *, *, #1568, .F. ) ;
#5348 = DIRECTION ( 'NONE',  ( -1.000000000000000000, 2.602085213965208275E-15, 0.000000000000000000 ) ) ;
#5349 = LINE ( 'NONE', #3577, #4498 ) ;
#5350 = DIRECTION ( 'NONE',  ( 1.000000000000000000, -1.437166293563720158E-14, 2.220446049248289653E-16 ) ) ;
#5351 = PLANE ( 'NONE',  #5616 ) ;
#5352 = CIRCLE ( 'NONE', #5172, 0.01181102362204724046 ) ;
#5353 = DIRECTION ( 'NONE',  ( -1.000000000000000000, 1.259585646868319844E-15, 0.000000000000000000 ) ) ;
#5354 = DIRECTION ( 'NONE',  ( -1.000000000000000000, 9.634711363903441210E-15, -1.929231152724350329E-14 ) ) ;
#5355 = VERTEX_POINT ( 'NONE', #10137 ) ;
#5356 = EDGE_LOOP ( 'NONE', ( #3947, #493, #4177, #9417, #7530 ) ) ;
#5357 = CARTESIAN_POINT ( 'NONE',  ( -0.5531442385204589085, 0.2460629921259527841, -0.3149606298103474478 ) ) ;
#5358 = FACE_OUTER_BOUND ( 'NONE', #8832, .T. ) ;
#5359 = ORIENTED_EDGE ( 'NONE', *, *, #2881, .F. ) ;
#5360 = CARTESIAN_POINT ( 'NONE',  ( -0.4084218461458226646, -0.1156854394007178766, -0.3405511809914378851 ) ) ;
#5361 = AXIS2_PLACEMENT_3D ( 'NONE', #3326, #4894, #7236 ) ;
#5362 = VECTOR ( 'NONE', #4983, 39.37007874015748143 ) ;
#5363 = DIRECTION ( 'NONE',  ( -1.000000000000000000, -6.123638448986479919E-17, 6.245969335281450904E-16 ) ) ;
#5364 = LINE ( 'NONE', #8754, #875 ) ;
#5365 = DIRECTION ( 'NONE',  ( 1.836940358395759803E-16, -1.000000000000000000, 7.590281009598450382E-21 ) ) ;
#5366 = VERTEX_POINT ( 'NONE', #2256 ) ;
#5367 = EDGE_CURVE ( 'NONE', #8865, #9593, #7782, .T. ) ;
#5368 = CIRCLE ( 'NONE', #1868, 0.007874015748031495954 ) ;
#5369 = AXIS2_PLACEMENT_3D ( 'NONE', #6624, #9718, #1732 ) ;
#5370 = EDGE_LOOP ( 'NONE', ( #7386, #7095, #3108, #8068, #4380, #8757 ) ) ;
#5371 = ADVANCED_FACE ( 'NONE', ( #9458 ), #6312, .T. ) ;
#5372 = ORIENTED_EDGE ( 'NONE', *, *, #6011, .F. ) ;
#5373 = DIRECTION ( 'NONE',  ( -1.675734808972474393E-15, -0.2585594446248609679, 0.9659953486406046563 ) ) ;
#5374 = DIRECTION ( 'NONE',  ( -1.098777426433149983E-15, 2.220446049250329844E-16, 1.000000000000000000 ) ) ;
#5375 = DIRECTION ( 'NONE',  ( 1.098777426433149983E-15, -2.220446049250329844E-16, -1.000000000000000000 ) ) ;
#5376 = VECTOR ( 'NONE', #4622, 39.37007874015748143 ) ;
#5377 = FACE_OUTER_BOUND ( 'NONE', #7015, .T. ) ;
#5378 = EDGE_CURVE ( 'NONE', #9439, #5342, #8506, .T. ) ;
#5379 = CARTESIAN_POINT ( 'NONE',  ( -0.1220475693659829469, 0.1062992126077747096, -0.01378457058676316530 ) ) ;
#5380 = DIRECTION ( 'NONE',  ( 1.000000000000000000, 0.000000000000000000, 0.000000000000000000 ) ) ;
#5381 = ORIENTED_EDGE ( 'NONE', *, *, #4227, .T. ) ;
#5382 = ORIENTED_EDGE ( 'NONE', *, *, #6457, .F. ) ;
#5383 = AXIS2_PLACEMENT_3D ( 'NONE', #1288, #5912, #4355 ) ;
#5384 = EDGE_CURVE ( 'NONE', #8408, #1884, #9714, .T. ) ;
#5385 = AXIS2_PLACEMENT_3D ( 'NONE', #8485, #625, #3851 ) ;
#5386 = DIRECTION ( 'NONE',  ( 0.000000000000000000, 1.000000000000000000, -2.220446041624741809E-16 ) ) ;
#5387 = ORIENTED_EDGE ( 'NONE', *, *, #7800, .F. ) ;
#5388 = ORIENTED_EDGE ( 'NONE', *, *, #8926, .F. ) ;
#5389 = LINE ( 'NONE', #6117, #6574 ) ;
#5390 = DIRECTION ( 'NONE',  ( 1.437166293563760232E-14, 1.000000000000000000, 0.000000000000000000 ) ) ;
#5391 = EDGE_CURVE ( 'NONE', #4329, #2390, #4546, .T. ) ;
#5392 = DIRECTION ( 'NONE',  ( 6.245969335281450904E-16, -7.812564189785108689E-16, 1.000000000000000000 ) ) ;
#5393 = CARTESIAN_POINT ( 'NONE',  ( -0.5531442385204589085, 0.2342519685039300692, 0.009696850504613734392 ) ) ;
#5394 = FACE_OUTER_BOUND ( 'NONE', #7440, .T. ) ;
#5395 = FACE_OUTER_BOUND ( 'NONE', #121, .T. ) ;
#5396 = VERTEX_POINT ( 'NONE', #5532 ) ;
#5397 = EDGE_LOOP ( 'NONE', ( #7976, #7964, #8310, #5442, #5526 ) ) ;
#5398 = EDGE_LOOP ( 'NONE', ( #5471, #10269, #4497, #9390 ) ) ;
#5399 = VECTOR ( 'NONE', #6209, 39.37007874015748143 ) ;
#5400 = CARTESIAN_POINT ( 'NONE',  ( 5.367778755658163867E-06, 0.4980314960629916299, -0.3165430069310066763 ) ) ;
#5401 = VERTEX_POINT ( 'NONE', #7048 ) ;
#5402 = LINE ( 'NONE', #565, #7342 ) ;
#5403 = EDGE_CURVE ( 'NONE', #6692, #8603, #219, .T. ) ;
#5404 = CARTESIAN_POINT ( 'NONE',  ( -0.3661396171633211627, 0.01968503937007875723, -0.05316473532016489922 ) ) ;
#5405 = EDGE_CURVE ( 'NONE', #5823, #7839, #6660, .T. ) ;
#5406 = DIRECTION ( 'NONE',  ( -1.000000000000000000, 0.000000000000000000, -1.734723475976807726E-14 ) ) ;
#5407 = DIRECTION ( 'NONE',  ( 0.000000000000000000, 1.000000000000000000, 0.000000000000000000 ) ) ;
#5408 = LINE ( 'NONE', #4523, #5539 ) ;
#5409 = CARTESIAN_POINT ( 'NONE',  ( -0.5531442385204589085, 0.4921259842519686845, 1.109127553579697145E-10 ) ) ;
#5410 = ORIENTED_EDGE ( 'NONE', *, *, #5177, .F. ) ;
#5411 = VECTOR ( 'NONE', #9596, 39.37007874015748143 ) ;
#5412 = ORIENTED_EDGE ( 'NONE', *, *, #1297, .F. ) ;
#5413 = FACE_OUTER_BOUND ( 'NONE', #5001, .T. ) ;
#5414 = DIRECTION ( 'NONE',  ( 0.000000000000000000, -1.000000000000000000, 2.258754526011467242E-16 ) ) ;
#5415 = ORIENTED_EDGE ( 'NONE', *, *, #3853, .F. ) ;
#5416 = CARTESIAN_POINT ( 'NONE',  ( -0.5531442385204589085, 0.4921259842519686845, -0.3267716534323946709 ) ) ;
#5417 = CARTESIAN_POINT ( 'NONE',  ( -0.5527505377330569347, 0.3661417322834644161, 0.007874015858944203791 ) ) ;
#5418 = CARTESIAN_POINT ( 'NONE',  ( -0.5531442385204589085, 0.4980314960629916299, 0.001968504047920685909 ) ) ;
#5419 = DIRECTION ( 'NONE',  ( -1.259585646868319844E-15, -1.000000000000000000, 2.220446049250309876E-16 ) ) ;
#5420 = ORIENTED_EDGE ( 'NONE', *, *, #1805, .F. ) ;
#5421 = VERTEX_POINT ( 'NONE', #1425 ) ;
#5422 = ORIENTED_EDGE ( 'NONE', *, *, #641, .F. ) ;
#5423 = CARTESIAN_POINT ( 'NONE',  ( 5.367778755658163867E-06, 0.4744094488188976277, 0.001968504047924783760 ) ) ;
#5424 = CYLINDRICAL_SURFACE ( 'NONE', #9613, 0.01968503937007875723 ) ;
#5425 = VECTOR ( 'NONE', #1831, 39.37007874015748854 ) ;
#5426 = CARTESIAN_POINT ( 'NONE',  ( -0.001493912307337350899, 0.4707607254245739781, -0.3423720315889504651 ) ) ;
#5427 = CIRCLE ( 'NONE', #6751, 0.01181102362204737750 ) ;
#5428 = DIRECTION ( 'NONE',  ( 8.431192517898690107E-32, 1.000000000000000000, 9.958396954279598582E-17 ) ) ;
#5429 = CARTESIAN_POINT ( 'NONE',  ( -0.4665300652921120506, -0.1106761335620558284, -0.3401528926587460977 ) ) ;
#5430 = DIRECTION ( 'NONE',  ( 1.000000000000000000, 0.000000000000000000, 0.000000000000000000 ) ) ;
#5431 = VERTEX_POINT ( 'NONE', #2930 ) ;
#5432 = EDGE_CURVE ( 'NONE', #122, #8116, #4660, .T. ) ;
#5433 = VERTEX_POINT ( 'NONE', #8666 ) ;
#5434 = ORIENTED_EDGE ( 'NONE', *, *, #9773, .F. ) ;
#5435 = AXIS2_PLACEMENT_3D ( 'NONE', #2199, #1262, #4600 ) ;
#5436 = VECTOR ( 'NONE', #8280, 39.37007874015748143 ) ;
#5437 = ORIENTED_EDGE ( 'NONE', *, *, #4685, .F. ) ;
#5438 = EDGE_CURVE ( 'NONE', #580, #10159, #8721, .T. ) ;
#5439 = EDGE_CURVE ( 'NONE', #6541, #1608, #7730, .T. ) ;
#5440 = CARTESIAN_POINT ( 'NONE',  ( -0.05314207746831550727, 0.2191017434821162513, -0.1822079258546106806 ) ) ;
#5441 = ORIENTED_EDGE ( 'NONE', *, *, #4489, .F. ) ;
#5442 = ORIENTED_EDGE ( 'NONE', *, *, #912, .F. ) ;
#5443 = CARTESIAN_POINT ( 'NONE',  ( -0.1476244556650251338, -0.1003937007926954950, -0.05708661389752998222 ) ) ;
#5444 = CARTESIAN_POINT ( 'NONE',  ( -0.4645675794533942748, 0.1653543307150614206, -0.005924707839839527326 ) ) ;
#5445 = DIRECTION ( 'NONE',  ( -0.9999999991463189852, 4.239893440050015413E-33, -4.132023648017468673E-05 ) ) ;
#5446 = DIRECTION ( 'NONE',  ( -0.9999999991463189852, 0.000000000000000000, -4.132023649202460312E-05 ) ) ;
#5447 = PLANE ( 'NONE',  #902 ) ;
#5448 = CONICAL_SURFACE ( 'NONE', #950, 0.07943282768391143889, 0.6275131747209888866 ) ;
#5449 = DIRECTION ( 'NONE',  ( -2.932814061292065175E-31, -1.000000000000000000, 2.220446049250329844E-16 ) ) ;
#5450 = VECTOR ( 'NONE', #6906, 39.37007874015748143 ) ;
#5451 = ORIENTED_EDGE ( 'NONE', *, *, #9904, .F. ) ;
#5452 = EDGE_CURVE ( 'NONE', #2767, #2745, #7706, .T. ) ;
#5454 = EDGE_LOOP ( 'NONE', ( #5861, #3389, #1317, #3730, #949, #5387, #10134, #4708, #1850, #1316, #7662, #670 ) ) ;
#5453 = EDGE_CURVE ( 'NONE', #9229, #9943, #7932, .T. ) ;
#5455 = MECHANICAL_DESIGN_GEOMETRIC_PRESENTATION_REPRESENTATION (  '', ( #8113 ), #6284 ) ;
#5456 = VECTOR ( 'NONE', #4697, 39.37007874015748143 ) ;
#5457 = CARTESIAN_POINT ( 'NONE',  ( -0.4507820337960491974, 0.1070866141732269849, -0.3405511809914499310 ) ) ;
#5458 = ORIENTED_EDGE ( 'NONE', *, *, #1829, .F. ) ;
#5459 = LINE ( 'NONE', #1505, #3530 ) ;
#5460 = CARTESIAN_POINT ( 'NONE',  ( -0.5511744320897188354, 0.2480314960629948773, -0.1614400976303397295 ) ) ;
#5461 = DIRECTION ( 'NONE',  ( -1.929231152724350329E-14, 2.220446049250560093E-16, 1.000000000000000000 ) ) ;
#5462 = DIRECTION ( 'NONE',  ( 0.000000000000000000, 1.000000000000000000, 0.000000000000000000 ) ) ;
#5463 = PLANE ( 'NONE',  #5215 ) ;
#5464 = DIRECTION ( 'NONE',  ( 8.044134937727570810E-21, -1.000000000000000000, -1.946778531802094728E-16 ) ) ;
#5465 = VERTEX_POINT ( 'NONE', #2602 ) ;
#5466 = VECTOR ( 'NONE', #7142, 39.37007874015748143 ) ;
#5468 = ORIENTED_EDGE ( 'NONE', *, *, #542, .T. ) ;
#5467 = EDGE_CURVE ( 'NONE', #5186, #5212, #6412, .T. ) ;
#5469 = DIRECTION ( 'NONE',  ( 1.000000000000000000, -1.259585646868319844E-15, 1.320822031358179910E-15 ) ) ;
#5470 = DIRECTION ( 'NONE',  ( -1.474064725687859833E-13, -1.000000000000000000, -3.644747806515189682E-13 ) ) ;
#5471 = ORIENTED_EDGE ( 'NONE', *, *, #5043, .F. ) ;
#5472 = VECTOR ( 'NONE', #4698, 39.37007874015748143 ) ;
#5473 = FACE_BOUND ( 'NONE', #5674, .T. ) ;
#5474 = DIRECTION ( 'NONE',  ( 8.466415384531749193E-16, -9.958396954279598582E-17, 1.000000000000000000 ) ) ;
#5475 = DIRECTION ( 'NONE',  ( 1.000000000000000000, 6.123638448986439244E-17, 4.563802771268149558E-32 ) ) ;
#5476 = CARTESIAN_POINT ( 'NONE',  ( -0.3169294589540429530, 0.4074803149549243719, -0.01379262315253515503 ) ) ;
#5477 = ORIENTED_EDGE ( 'NONE', *, *, #5308, .F. ) ;
#5478 = ORIENTED_EDGE ( 'NONE', *, *, #1563, .T. ) ;
#5479 = ORIENTED_EDGE ( 'NONE', *, *, #2197, .F. ) ;
#5480 = EDGE_CURVE ( 'NONE', #9084, #2305, #8912, .T. ) ;
#5481 = DIRECTION ( 'NONE',  ( 6.664964947938540035E-17, 1.000000000000000000, 0.000000000000000000 ) ) ;
#5482 = LINE ( 'NONE', #4703, #2110 ) ;
#5483 = DIRECTION ( 'NONE',  ( 1.000000000000000000, 6.123638448986479919E-17, -6.245969335281450904E-16 ) ) ;
#5484 = CARTESIAN_POINT ( 'NONE',  ( -0.5413332148984189018, 0.01968503937007875723, -2.236801647310598744E-05 ) ) ;
#5485 = CARTESIAN_POINT ( 'NONE',  ( -0.4551685378474720767, 0.1240157480314875993, -0.3377379135609552274 ) ) ;
#5486 = EDGE_LOOP ( 'NONE', ( #1910, #5710, #10121, #288, #1680, #6392, #5760, #4515, #4990 ) ) ;
#5487 = ORIENTED_EDGE ( 'NONE', *, *, #2462, .T. ) ;
#5488 = VERTEX_POINT ( 'NONE', #8082 ) ;
#5489 = ORIENTED_EDGE ( 'NONE', *, *, #1378, .T. ) ;
#5490 = CARTESIAN_POINT ( 'NONE',  ( -0.5649552621425060206, 0.4685861009001065502, 0.01377952766996799576 ) ) ;
#5491 = CARTESIAN_POINT ( 'NONE',  ( 5.367778755658163867E-06, 0.4895731408084721403, -0.3320928257369337167 ) ) ;
#5492 = DIRECTION ( 'NONE',  ( -1.000000000000000000, -2.669637467189900051E-16, -5.551115123125779621E-17 ) ) ;
#5493 = DIRECTION ( 'NONE',  ( -4.132023649371631088E-05, -7.221721796416701500E-17, 0.9999999991463190963 ) ) ;
#5494 = CARTESIAN_POINT ( 'NONE',  ( -0.0005220912566992232107, 0.4842519684956879678, -0.1633858266607408349 ) ) ;
#5495 = LINE ( 'NONE', #9954, #1313 ) ;
#5496 = CARTESIAN_POINT ( 'NONE',  ( -0.5531442385204589085, 0.4862204724409451839, -0.01022864639048097837 ) ) ;
#5497 = VERTEX_POINT ( 'NONE', #4904 ) ;
#5498 = ADVANCED_FACE ( 'NONE', ( #5778 ), #2500, .F. ) ;
#5499 = EDGE_CURVE ( 'NONE', #9893, #3372, #9756, .T. ) ;
#5500 = ORIENTED_EDGE ( 'NONE', *, *, #2158, .T. ) ;
#5501 = EDGE_CURVE ( 'NONE', #158, #4201, #4172, .T. ) ;
#5502 = ADVANCED_FACE ( 'NONE', ( #6505 ), #7148, .T. ) ;
#5503 = CARTESIAN_POINT ( 'NONE',  ( -0.4665300652921126612, 0.007874015748028716927, -0.3287401573693998769 ) ) ;
#5504 = ORIENTED_EDGE ( 'NONE', *, *, #8965, .T. ) ;
#5505 = DIRECTION ( 'NONE',  ( 1.000000000000000000, 1.156482317317871331E-15, 1.850371707708594129E-14 ) ) ;
#5506 = DIRECTION ( 'NONE',  ( 1.000000000000000000, 0.000000000000000000, 1.106789717745619373E-15 ) ) ;
#5507 = FACE_OUTER_BOUND ( 'NONE', #5514, .T. ) ;
#5508 = CARTESIAN_POINT ( 'NONE',  ( -0.5492072306464430564, 0.4862204724409451839, -0.01022864639048097837 ) ) ;
#5509 = DIRECTION ( 'NONE',  ( -0.9999999991463189852, -2.275047181608924686E-16, -4.132023649184194894E-05 ) ) ;
#5510 = CARTESIAN_POINT ( 'NONE',  ( -0.5314938663831122456, 0.2027559055163418722, -0.05317156779685343337 ) ) ;
#5511 = EDGE_LOOP ( 'NONE', ( #32, #2171, #9579, #1738 ) ) ;
#5512 = VECTOR ( 'NONE', #8888, 39.37007874015748143 ) ;
#5513 = EDGE_CURVE ( 'NONE', #2036, #6714, #2460, .T. ) ;
#5514 = EDGE_LOOP ( 'NONE', ( #9103, #6074, #4942, #8422 ) ) ;
#5515 = VERTEX_POINT ( 'NONE', #5678 ) ;
#5516 = ADVANCED_FACE ( 'NONE', ( #4024 ), #895, .F. ) ;
#5517 = CARTESIAN_POINT ( 'NONE',  ( -0.5511811018916714655, 9.778103523722497620E-12, -2.277493349287061455E-05 ) ) ;
#5518 = CARTESIAN_POINT ( 'NONE',  ( -0.04493248089200118506, 0.4294716001481418410, 0.01574803160697565291 ) ) ;
#5519 = VECTOR ( 'NONE', #255, 39.37007874015748143 ) ;
#5520 = ORIENTED_EDGE ( 'NONE', *, *, #6266, .T. ) ;
#5521 = FACE_OUTER_BOUND ( 'NONE', #5653, .T. ) ;
#5522 = CARTESIAN_POINT ( 'NONE',  ( -0.4655831663281750910, -0.1156854394007107573, 0.01377952766995788753 ) ) ;
#5523 = CARTESIAN_POINT ( 'NONE',  ( -0.003680734523836821752, 0.4707233465163094821, 0.01574002836444938352 ) ) ;
#5524 = ADVANCED_FACE ( 'NONE', ( #7339 ), #8136, .F. ) ;
#5525 = LINE ( 'NONE', #9394, #477 ) ;
#5526 = ORIENTED_EDGE ( 'NONE', *, *, #4417, .F. ) ;
#5527 = VECTOR ( 'NONE', #7652, 39.37007874015748143 ) ;
#5528 = CIRCLE ( 'NONE', #6028, 0.01181102362204724567 ) ;
#5529 = ORIENTED_EDGE ( 'NONE', *, *, #4176, .F. ) ;
#5530 = DIRECTION ( 'NONE',  ( 1.000000000000000000, 0.000000000000000000, 0.000000000000000000 ) ) ;
#5531 = DIRECTION ( 'NONE',  ( 0.000000000000000000, 0.3162277660168769100, 0.9486832980505006674 ) ) ;
#5532 = CARTESIAN_POINT ( 'NONE',  ( -0.1736087076179499700, 0.05314960629093992001, 2.756008501029797693E-10 ) ) ;
#5533 = LINE ( 'NONE', #3873, #5291 ) ;
#5534 = CARTESIAN_POINT ( 'NONE',  ( -0.4662338797370468302, -0.1131782253818520156, -0.3405511809914389953 ) ) ;
#5535 = AXIS2_PLACEMENT_3D ( 'NONE', #9492, #678, #4638 ) ;
#5536 = VECTOR ( 'NONE', #8972, 39.37007874015748143 ) ;
#5537 = ORIENTED_EDGE ( 'NONE', *, *, #2277, .T. ) ;
#5538 = AXIS2_PLACEMENT_3D ( 'NONE', #9425, #2325, #7685 ) ;
#5539 = VECTOR ( 'NONE', #8537, 39.37007874015748143 ) ;
#5540 = ORIENTED_EDGE ( 'NONE', *, *, #9595, .T. ) ;
#5541 = CARTESIAN_POINT ( 'NONE',  ( -0.5531442385204589085, 0.4822834645669287768, -0.1633858266607443877 ) ) ;
#5542 = DIRECTION ( 'NONE',  ( 1.000000000000000000, -9.634711363903441210E-15, 1.929231152724350329E-14 ) ) ;
#5543 = DIRECTION ( 'NONE',  ( -4.132023648018220161E-05, -7.221721796416450051E-17, 0.9999999991463189852 ) ) ;
#5544 = LINE ( 'NONE', #4818, #464 ) ;
#5545 = DIRECTION ( 'NONE',  ( 0.000000000000000000, -0.8576492803422589573, 0.5142350745801038681 ) ) ;
#5546 = LINE ( 'NONE', #959, #7971 ) ;
#5547 = CARTESIAN_POINT ( 'NONE',  ( -0.4507820337960491974, 0.1240157480314867805, -0.3267716534323943933 ) ) ;
#5548 = ORIENTED_EDGE ( 'NONE', *, *, #1248, .T. ) ;
#5549 = AXIS2_PLACEMENT_3D ( 'NONE', #6211, #488, #6836 ) ;
#5550 = VECTOR ( 'NONE', #10267, 39.37007874015748143 ) ;
#5551 = AXIS2_PLACEMENT_3D ( 'NONE', #3230, #885, #9652 ) ;
#5552 = ORIENTED_EDGE ( 'NONE', *, *, #7543, .T. ) ;
#5553 = B_SPLINE_CURVE_WITH_KNOTS ( 'NONE', 3,
 ( #2523, #5702, #8889, #4922 ),
 .UNSPECIFIED., .F., .F.,
 ( 4, 4 ),
 ( 0.000000000000000000, 1.000000000000000000 ),
 .UNSPECIFIED. ) ;
#5554 = CARTESIAN_POINT ( 'NONE',  ( -0.5413332148984167924, 0.01968503937008094298, -2.236801647310598744E-05 ) ) ;
#5555 = ORIENTED_EDGE ( 'NONE', *, *, #2060, .F. ) ;
#5556 = CARTESIAN_POINT ( 'NONE',  ( 5.367778756204533153E-06, 0.4822834645669287768, -0.008391542860187175060 ) ) ;
#5557 = EDGE_CURVE ( 'NONE', #4152, #4056, #3966, .T. ) ;
#5558 = CARTESIAN_POINT ( 'NONE',  ( -0.5531442385204589085, 0.01968503937007875723, -0.3405511809914502086 ) ) ;
#5559 = VECTOR ( 'NONE', #7124, 39.37007874015748143 ) ;
#5560 = CARTESIAN_POINT ( 'NONE',  ( -0.05511591403407857526, 0.01968503937007875723, -0.05315188374718569225 ) ) ;
#5561 = CARTESIAN_POINT ( 'NONE',  ( -0.4370025062369939928, -0.1082677165354328924, 0.002280458640906867906 ) ) ;
#5562 = DIRECTION ( 'NONE',  ( -1.259585646868319844E-15, -1.000000000000000000, 0.000000000000000000 ) ) ;
#5563 = LINE ( 'NONE', #4785, #8355 ) ;
#5564 = ORIENTED_EDGE ( 'NONE', *, *, #1588, .F. ) ;
#5565 = EDGE_CURVE ( 'NONE', #9427, #9524, #5038, .T. ) ;
#5566 = ORIENTED_EDGE ( 'NONE', *, *, #6643, .F. ) ;
#5567 = AXIS2_PLACEMENT_3D ( 'NONE', #9424, #2422, #8778 ) ;
#5568 = LINE ( 'NONE', #6300, #9562 ) ;
#5569 = EDGE_CURVE ( 'NONE', #3434, #2955, #6460, .T. ) ;
#5570 = CARTESIAN_POINT ( 'NONE',  ( -0.08069532179117741566, 0.1836220472358225386, -0.04724409421258921049 ) ) ;
#5571 = EDGE_LOOP ( 'NONE', ( #9249, #6662 ) ) ;
#5572 = EDGE_CURVE ( 'NONE', #8886, #7786, #4850, .T. ) ;
#5573 = DIRECTION ( 'NONE',  ( 1.951563910473908612E-14, 0.000000000000000000, -1.000000000000000000 ) ) ;
#5574 = LINE ( 'NONE', #105, #9099 ) ;
#5575 = CARTESIAN_POINT ( 'NONE',  ( 5.367778755818065900E-06, 0.2755905511811020947, -0.2509842518575910453 ) ) ;
#5576 = CYLINDRICAL_SURFACE ( 'NONE', #1972, 0.01574803149606299191 ) ;
#5577 = EDGE_LOOP ( 'NONE', ( #4446, #5909, #6442, #6139, #2213, #4536 ) ) ;
#5578 = VECTOR ( 'NONE', #1532, 39.37007874015748143 ) ;
#5579 = EDGE_CURVE ( 'NONE', #6692, #5627, #2548, .T. ) ;
#5580 = EDGE_CURVE ( 'NONE', #4257, #865, #2413, .T. ) ;
#5581 = ORIENTED_EDGE ( 'NONE', *, *, #8383, .F. ) ;
#5582 = CARTESIAN_POINT ( 'NONE',  ( -0.5649552621425060206, 0.2342519685039300692, -0.3543307085505046361 ) ) ;
#5583 = CARTESIAN_POINT ( 'NONE',  ( -0.1023488650982646714, 0.1515748031413348407, 2.756008356788223648E-10 ) ) ;
#5584 = LINE ( 'NONE', #162, #4209 ) ;
#5585 = DIRECTION ( 'NONE',  ( 0.000000000000000000, 0.8576492809131349704, 0.5142350736279880374 ) ) ;
#5586 = AXIS2_PLACEMENT_3D ( 'NONE', #2331, #1451, #4776 ) ;
#5587 = ORIENTED_EDGE ( 'NONE', *, *, #8642, .F. ) ;
#5588 = EDGE_CURVE ( 'NONE', #8064, #4700, #5584, .T. ) ;
#5589 = AXIS2_PLACEMENT_3D ( 'NONE', #8192, #9865, #3446 ) ;
#5590 = AXIS2_PLACEMENT_3D ( 'NONE', #2348, #5474, #10279 ) ;
#5591 = VERTEX_POINT ( 'NONE', #8765 ) ;
#5592 = CARTESIAN_POINT ( 'NONE',  ( 5.367778755658163867E-06, 0.4744094488188976277, -0.3287401573694072598 ) ) ;
#5593 = CARTESIAN_POINT ( 'NONE',  ( -0.5531442385204589085, 0.4822834645669287768, -0.3287401573694028745 ) ) ;
#5594 = DIRECTION ( 'NONE',  ( 8.431192517898690107E-32, 1.000000000000000000, 9.958396954279598582E-17 ) ) ;
#5595 = CARTESIAN_POINT ( 'NONE',  ( -0.4664994584876268058, -0.1096117967702547602, -0.3270588496554706626 ) ) ;
#5596 = DIRECTION ( 'NONE',  ( 1.320822031358179910E-15, -2.220446049250329844E-16, -1.000000000000000000 ) ) ;
#5597 = CARTESIAN_POINT ( 'NONE',  ( -0.5531442385204589085, 0.4822834645669287768, 0.001968504047920685909 ) ) ;
#5598 =( BOUNDED_CURVE ( )  B_SPLINE_CURVE ( 3, ( #6114, #4070, #599, #7242 ),
 .UNSPECIFIED., .F., .F. ) 
 B_SPLINE_CURVE_WITH_KNOTS ( ( 4, 4 ),
 ( 5.831775507729488162, 6.734595106628337824 ),
 .UNSPECIFIED. ) 
 CURVE ( )  GEOMETRIC_REPRESENTATION_ITEM ( )  RATIONAL_B_SPLINE_CURVE ( ( 1.000000000000000000, 0.9332219957004079802, 0.9332219957004079802, 1.000000000000000000 ) ) 
 REPRESENTATION_ITEM ( '' )  );
#5599 = DIRECTION ( 'NONE',  ( -4.132023648018220838E-05, -7.221721796416451283E-17, 0.9999999991463190963 ) ) ;
#5600 = ORIENTED_EDGE ( 'NONE', *, *, #8383, .T. ) ;
#5601 = AXIS2_PLACEMENT_3D ( 'NONE', #3578, #115, #8379 ) ;
#5602 = VECTOR ( 'NONE', #6809, 39.37007874015748143 ) ;
#5603 = EDGE_LOOP ( 'NONE', ( #8008, #3494, #4801, #2247 ) ) ;
#5604 = CARTESIAN_POINT ( 'NONE',  ( -0.3169157942321246813, 0.4074803149523592016, 2.755994798080261856E-10 ) ) ;
#5605 = ORIENTED_EDGE ( 'NONE', *, *, #10314, .T. ) ;
#5606 = DIRECTION ( 'NONE',  ( 1.000000000000000000, 0.000000000000000000, 1.850371707708594129E-14 ) ) ;
#5607 = VECTOR ( 'NONE', #1748, 39.37007874015748854 ) ;
#5608 = DIRECTION ( 'NONE',  ( 5.421010862427521184E-16, 0.000000000000000000, 1.000000000000000000 ) ) ;
#5609 = VECTOR ( 'NONE', #2166, 39.37007874015747433 ) ;
#5610 = CYLINDRICAL_SURFACE ( 'NONE', #10119, 0.04527559055118110520 ) ;
#5611 = DIRECTION ( 'NONE',  ( -2.796841973281160348E-31, -2.220446049250309876E-16, -1.000000000000000000 ) ) ;
#5612 = CARTESIAN_POINT ( 'NONE',  ( -0.5531442385204589085, 0.2480314960629948773, -0.3246574802040486096 ) ) ;
#5613 = DIRECTION ( 'NONE',  ( 1.098777426433149983E-15, -2.220446049250329844E-16, -1.000000000000000000 ) ) ;
#5614 = ORIENTED_EDGE ( 'NONE', *, *, #2701, .F. ) ;
#5615 = AXIS2_PLACEMENT_3D ( 'NONE', #8728, #7944, #10306 ) ;
#5616 = AXIS2_PLACEMENT_3D ( 'NONE', #3743, #6920, #10113 ) ;
#5617 = VERTEX_POINT ( 'NONE', #7757 ) ;
#5618 = CARTESIAN_POINT ( 'NONE',  ( -0.4448822147439271957, 0.1653543307150614206, -0.01379791019066692846 ) ) ;
#5619 = LINE ( 'NONE', #8802, #8077 ) ;
#5620 = EDGE_LOOP ( 'NONE', ( #2326, #8809, #2025, #589 ) ) ;
#5621 = DIRECTION ( 'NONE',  ( 0.000000000000000000, 0.000000000000000000, 1.000000000000000000 ) ) ;
#5622 = EDGE_CURVE ( 'NONE', #7568, #8036, #6042, .T. ) ;
#5623 = FACE_OUTER_BOUND ( 'NONE', #1091, .T. ) ;
#5624 = AXIS2_PLACEMENT_3D ( 'NONE', #3232, #7038, #8808 ) ;
#5625 = DIRECTION ( 'NONE',  ( -2.409338175133397910E-16, 1.000000000000000000, 0.000000000000000000 ) ) ;
#5626 = DIRECTION ( 'NONE',  ( 0.000000000000000000, 0.000000000000000000, 1.000000000000000000 ) ) ;
#5627 = VERTEX_POINT ( 'NONE', #10165 ) ;
#5628 = ADVANCED_FACE ( 'NONE', ( #9014 ), #5103, .F. ) ;
#5629 = EDGE_CURVE ( 'NONE', #9429, #4008, #6136, .T. ) ;
#5630 = ORIENTED_EDGE ( 'NONE', *, *, #6911, .F. ) ;
#5631 = VECTOR ( 'NONE', #3253, 39.37007874015748143 ) ;
#5632 = EDGE_CURVE ( 'NONE', #8687, #3475, #9329, .T. ) ;
#5633 = DIRECTION ( 'NONE',  ( 1.000000000000000000, 2.669637467189900051E-16, 5.551115123125779621E-17 ) ) ;
#5634 = EDGE_CURVE ( 'NONE', #3897, #9527, #5408, .T. ) ;
#5635 = CARTESIAN_POINT ( 'NONE',  ( -0.5531442385204589085, 0.4862204724409451839, -0.3354368577407553786 ) ) ;
#5636 = CARTESIAN_POINT ( 'NONE',  ( -0.3169157942321246813, 0.4074803149523592016, 2.755994798080261856E-10 ) ) ;
#5637 = DIRECTION ( 'NONE',  ( 0.000000000000000000, -1.000000000000000000, 9.436895709313830594E-16 ) ) ;
#5638 = DIRECTION ( 'NONE',  ( 1.000000000000000000, 0.000000000000000000, 1.084202172485501673E-15 ) ) ;
#5639 = EDGE_CURVE ( 'NONE', #4511, #5034, #3490, .T. ) ;
#5640 = EDGE_CURVE ( 'NONE', #6425, #5929, #7200, .T. ) ;
#5641 = ORIENTED_EDGE ( 'NONE', *, *, #6453, .F. ) ;
#5642 = AXIS2_PLACEMENT_3D ( 'NONE', #7821, #10278, #3180 ) ;
#5643 = ORIENTED_EDGE ( 'NONE', *, *, #9174, .F. ) ;
#5644 = DIRECTION ( 'NONE',  ( -1.000000000000000000, 0.000000000000000000, 8.466415384531750179E-16 ) ) ;
#5645 = CARTESIAN_POINT ( 'NONE',  ( -0.3877899078117976184, 0.2224409448818800150, 0.01574803160697565291 ) ) ;
#5646 = DIRECTION ( 'NONE',  ( 1.000000000000000000, 6.123638448986479919E-17, -6.245969335281450904E-16 ) ) ;
#5647 = FACE_OUTER_BOUND ( 'NONE', #7657, .T. ) ;
#5648 = LINE ( 'NONE', #1595, #6623 ) ;
#5649 = DIRECTION ( 'NONE',  ( 0.9999999991463190963, 0.000000000000000000, 4.132023648021667246E-05 ) ) ;
#5650 = EDGE_CURVE ( 'NONE', #575, #4810, #6863, .T. ) ;
#5651 = EDGE_LOOP ( 'NONE', ( #2236, #4041 ) ) ;
#5652 = VECTOR ( 'NONE', #932, 39.37007874015748143 ) ;
#5653 = EDGE_LOOP ( 'NONE', ( #2794, #9280, #366, #679 ) ) ;
#5654 = ORIENTED_EDGE ( 'NONE', *, *, #802, .T. ) ;
#5655 = CARTESIAN_POINT ( 'NONE',  ( -0.3582787503820181740, -0.1003917454780137303, -0.08661418387059936774 ) ) ;
#5656 = VERTEX_POINT ( 'NONE', #9856 ) ;
#5657 = DIRECTION ( 'NONE',  ( -1.000000000000000000, 1.259585646868319844E-15, -1.320822031358179910E-15 ) ) ;
#5658 = LINE ( 'NONE', #183, #1780 ) ;
#5659 = CARTESIAN_POINT ( 'NONE',  ( -0.08069532179117741566, 0.3231772573438815299, -0.01970781430357135613 ) ) ;
#5660 = CARTESIAN_POINT ( 'NONE',  ( -0.5647600235341631025, 0.4888509743120583728, -0.01141184318207619751 ) ) ;
#5661 = DIRECTION ( 'NONE',  ( -1.000000000000000000, 1.259585646868319844E-15, -1.098777426433149983E-15 ) ) ;
#5662 = DIRECTION ( 'NONE',  ( 0.000000000000000000, 1.000000000000000000, -2.220446049351462798E-16 ) ) ;
#5663 = VERTEX_POINT ( 'NONE', #2707 ) ;
#5664 = ORIENTED_EDGE ( 'NONE', *, *, #4689, .T. ) ;
#5665 = ORIENTED_EDGE ( 'NONE', *, *, #8462, .F. ) ;
#5666 = CARTESIAN_POINT ( 'NONE',  ( -2.829849143663996095E-16, 0.3175276712154133651, -0.2046352877502166101 ) ) ;
#5667 = CARTESIAN_POINT ( 'NONE',  ( -0.5531442385204589085, 0.4822834645669287768, -0.3248031494954450316 ) ) ;
#5668 = ORIENTED_EDGE ( 'NONE', *, *, #3647, .F. ) ;
#5669 = DIRECTION ( 'NONE',  ( -1.000000000000000000, 0.000000000000000000, -1.320822031358179910E-15 ) ) ;
#5670 = DIRECTION ( 'NONE',  ( 4.132023648008760497E-05, 0.000000000000000000, -0.9999999991463190963 ) ) ;
#5671 = CARTESIAN_POINT ( 'NONE',  ( -0.3956639235598342630, 0.007874015748028716927, 0.01377952766996799576 ) ) ;
#5672 = DIRECTION ( 'NONE',  ( -1.098777426433149983E-15, 2.220446049250329844E-16, 1.000000000000000000 ) ) ;
#5673 = ORIENTED_EDGE ( 'NONE', *, *, #6712, .F. ) ;
#5674 = EDGE_LOOP ( 'NONE', ( #6722, #3423, #4305, #1065 ) ) ;
#5675 = FACE_OUTER_BOUND ( 'NONE', #2632, .T. ) ;
#5676 = FACE_OUTER_BOUND ( 'NONE', #5812, .T. ) ;
#5677 = EDGE_CURVE ( 'NONE', #5617, #2637, #512, .T. ) ;
#5678 = CARTESIAN_POINT ( 'NONE',  ( -0.2795195062627253701, 0.01377952756953897996, -0.1948934397405789332 ) ) ;
#5679 = PLANE ( 'NONE',  #5782 ) ;
#5680 = CIRCLE ( 'NONE', #6348, 0.02362204724409448092 ) ;
#5681 = EDGE_CURVE ( 'NONE', #6065, #9943, #8595, .T. ) ;
#5682 = VERTEX_POINT ( 'NONE', #6080 ) ;
#5683 = ORIENTED_EDGE ( 'NONE', *, *, #381, .F. ) ;
#5684 = DIRECTION ( 'NONE',  ( 0.9999999991463190963, 1.836940359963930726E-16, 4.132023649070880859E-05 ) ) ;
#5685 = EDGE_CURVE ( 'NONE', #479, #5112, #5829, .T. ) ;
#5686 = CARTESIAN_POINT ( 'NONE',  ( -0.1023488650982646714, 0.1062992125901537493, -0.01574803122046314341 ) ) ;
#5687 = LINE ( 'NONE', #6421, #9790 ) ;
#5688 = VECTOR ( 'NONE', #8836, 39.37007874015748143 ) ;
#5689 = DIRECTION ( 'NONE',  ( -4.078893220340669608E-32, 2.220446049250309876E-16, 1.000000000000000000 ) ) ;
#5690 = CARTESIAN_POINT ( 'NONE',  ( -0.003931640095259656201, 0.4704724409448823308, 0.01574803160697565291 ) ) ;
#5691 = DIRECTION ( 'NONE',  ( 4.132023647996297593E-05, 0.000000000000000000, -0.9999999991463189852 ) ) ;
#5692 = EDGE_LOOP ( 'NONE', ( #7272, #4797, #5293, #937, #10250, #2340, #4884, #9192, #251, #196, #7356, #6540, #8283, #6971, #1020, #7396, #2912, #5080, #759, #2670, #803, #887, #2868, #10196, #9181, #3673, #5441, #3650, #9841, #9266 ) ) ;
#5693 = EDGE_CURVE ( 'NONE', #2751, #293, #5300, .T. ) ;
#5694 = ORIENTED_EDGE ( 'NONE', *, *, #4281, .F. ) ;
#5695 = AXIS2_PLACEMENT_3D ( 'NONE', #7859, #6082, #7132 ) ;
#5696 = CIRCLE ( 'NONE', #1550, 0.02952755905511810289 ) ;
#5697 = EDGE_CURVE ( 'NONE', #5264, #1999, #9068, .T. ) ;
#5698 = CARTESIAN_POINT ( 'NONE',  ( -0.4074749471818763791, -0.07086614186343850874, -0.3405511809914414378 ) ) ;
#5699 = ORIENTED_EDGE ( 'NONE', *, *, #1928, .F. ) ;
#5700 = DIRECTION ( 'NONE',  ( 1.000000000000000000, -1.437166293563720158E-14, 2.220446049248289899E-16 ) ) ;
#5701 = CYLINDRICAL_SURFACE ( 'NONE', #6495, 0.01968503937007873988 ) ;
#5702 = CARTESIAN_POINT ( 'NONE',  ( -0.1680681500149638630, 0.4645669291338582751, -0.3228415905605981351 ) ) ;
#5703 = DIRECTION ( 'NONE',  ( -4.132023646736624752E-05, 5.097186438848609607E-21, 0.9999999991463189852 ) ) ;
#5704 = LINE ( 'NONE', #5851, #2231 ) ;
#5705 = LINE ( 'NONE', #1607, #2702 ) ;
#5706 = AXIS2_PLACEMENT_3D ( 'NONE', #3401, #6628, #9823 ) ;
#5707 = EDGE_LOOP ( 'NONE', ( #667, #28, #3418, #982, #3255, #1247 ) ) ;
#5708 = VECTOR ( 'NONE', #1724, 39.37007874015748143 ) ;
#5709 = ORIENTED_EDGE ( 'NONE', *, *, #4322, .F. ) ;
#5710 = ORIENTED_EDGE ( 'NONE', *, *, #2774, .T. ) ;
#5711 = ORIENTED_EDGE ( 'NONE', *, *, #5759, .T. ) ;
#5712 = EDGE_CURVE ( 'NONE', #7879, #310, #8484, .T. ) ;
#5713 = VECTOR ( 'NONE', #3369, 39.37007874015748143 ) ;
#5714 = EDGE_CURVE ( 'NONE', #5344, #122, #624, .T. ) ;
#5715 = AXIS2_PLACEMENT_3D ( 'NONE', #2909, #8236, #3744 ) ;
#5716 = DIRECTION ( 'NONE',  ( -1.098777426433149983E-15, 1.384004275438106301E-30, 1.000000000000000000 ) ) ;
#5717 = VECTOR ( 'NONE', #5723, 39.37007874015748854 ) ;
#5718 = CARTESIAN_POINT ( 'NONE',  ( -0.5531442385204589085, 0.2480314960629948773, -0.3246574802040486096 ) ) ;
#5719 = VERTEX_POINT ( 'NONE', #6977 ) ;
#5720 = CARTESIAN_POINT ( 'NONE',  ( -0.04133321426637626833, 0.2755905511811020947, -0.1299228865125723331 ) ) ;
#5721 = CARTESIAN_POINT ( 'NONE',  ( -0.03542770245871264961, 0.2755905511811020947, -0.1299227238344757562 ) ) ;
#5722 = EDGE_CURVE ( 'NONE', #560, #7499, #7698, .T. ) ;
#5723 = DIRECTION ( 'NONE',  ( -4.132023649231338715E-05, 0.000000000000000000, 0.9999999991463189852 ) ) ;
#5724 = CARTESIAN_POINT ( 'NONE',  ( -0.5515025571683337402, 0.4854958287441334952, -0.3169946219048318525 ) ) ;
#5725 = ORIENTED_EDGE ( 'NONE', *, *, #4773, .F. ) ;
#5726 = AXIS2_PLACEMENT_3D ( 'NONE', #2043, #6050, #2096 ) ;
#5727 = VERTEX_POINT ( 'NONE', #1924 ) ;
#5728 = LINE ( 'NONE', #9853, #699 ) ;
#5729 = CARTESIAN_POINT ( 'NONE',  ( -0.4665300652921126612, -0.1156854393858063462, 0.001968504047920685909 ) ) ;
#5730 = DIRECTION ( 'NONE',  ( -1.000000000000000000, -2.669637467189900051E-16, -5.551115123125779621E-17 ) ) ;
#5731 = DIRECTION ( 'NONE',  ( -0.9999999991463189852, 0.000000000000000000, -4.132023649202460312E-05 ) ) ;
#5732 = ORIENTED_EDGE ( 'NONE', *, *, #1052, .F. ) ;
#5733 = ORIENTED_EDGE ( 'NONE', *, *, #2564, .T. ) ;
#5734 = ORIENTED_EDGE ( 'NONE', *, *, #3030, .T. ) ;
#5735 = PLANE ( 'NONE',  #5755 ) ;
#5736 =( BOUNDED_CURVE ( )  B_SPLINE_CURVE ( 3, ( #3378, #2540, #5770, #4114 ),
 .UNSPECIFIED., .F., .F. ) 
 B_SPLINE_CURVE_WITH_KNOTS ( ( 4, 4 ),
 ( 4.666853728816015234, 4.712388980384618620 ),
 .UNSPECIFIED. ) 
 CURVE ( )  GEOMETRIC_REPRESENTATION_ITEM ( )  RATIONAL_B_SPLINE_CURVE ( ( 1.000000000000000000, 0.9998272192025320360, 0.9998272192025320360, 1.000000000000000000 ) ) 
 REPRESENTATION_ITEM ( '' )  );
#5737 = DIRECTION ( 'NONE',  ( 1.525560729160629909E-16, 0.9486832980504857904, 0.3162277660169219851 ) ) ;
#5738 = EDGE_CURVE ( 'NONE', #3913, #8161, #2234, .T. ) ;
#5739 = LINE ( 'NONE', #4960, #3451 ) ;
#5740 = DIRECTION ( 'NONE',  ( 4.132023649070880181E-05, 0.000000000000000000, -0.9999999991463189852 ) ) ;
#5741 = CARTESIAN_POINT ( 'NONE',  ( -0.04133053007778472732, 0.01968503937007875723, -0.1948835163783709801 ) ) ;
#5742 = PLANE ( 'NONE',  #5036 ) ;
#5743 = ORIENTED_EDGE ( 'NONE', *, *, #6699, .T. ) ;
#5744 = ADVANCED_FACE ( 'NONE', ( #257 ), #6615, .T. ) ;
#5745 = ADVANCED_FACE ( 'NONE', ( #2286 ), #4684, .F. ) ;
#5746 = EDGE_LOOP ( 'NONE', ( #3854, #7449, #4404, #4881 ) ) ;
#5747 = CARTESIAN_POINT ( 'NONE',  ( -0.5118030519583994797, 0.01968503937007875723, -0.1949030377516246526 ) ) ;
#5748 = ORIENTED_EDGE ( 'NONE', *, *, #4653, .T. ) ;
#5749 = DIRECTION ( 'NONE',  ( -1.000000000000000000, 1.233581139564489825E-16, 0.000000000000000000 ) ) ;
#5750 = CARTESIAN_POINT ( 'NONE',  ( 5.368377181713155417E-06, 0.1574803154645667003, -0.1299212597603215669 ) ) ;
#5751 = ADVANCED_FACE ( 'NONE', ( #1510 ), #3215, .T. ) ;
#5752 = CARTESIAN_POINT ( 'NONE',  ( -0.3956639235598288229, 0.1543307086614156831, 0.01377952766996799576 ) ) ;
#5753 = DIRECTION ( 'NONE',  ( 1.000000000000000000, 6.123638448986479919E-17, -6.245969335281450904E-16 ) ) ;
#5754 = CARTESIAN_POINT ( 'NONE',  ( -0.5314938663831122456, 0.2933070866141731514, -0.05317156779685370399 ) ) ;
#5755 = AXIS2_PLACEMENT_3D ( 'NONE', #8971, #7302, #1056 ) ;
#5756 = CARTESIAN_POINT ( 'NONE',  ( -0.2755838811438846014, 0.000000000000000000, -0.1614287101635928923 ) ) ;
#5757 = AXIS2_PLACEMENT_3D ( 'NONE', #5878, #4271, #2653 ) ;
#5758 = ORIENTED_EDGE ( 'NONE', *, *, #37, .F. ) ;
#5759 = EDGE_CURVE ( 'NONE', #6472, #6444, #724, .T. ) ;
#5760 = ORIENTED_EDGE ( 'NONE', *, *, #10033, .F. ) ;
#5761 = ORIENTED_EDGE ( 'NONE', *, *, #3930, .T. ) ;
#5762 = VECTOR ( 'NONE', #7855, 39.37007874015748143 ) ;
#5763 = CARTESIAN_POINT ( 'NONE',  ( -2.812270088864185865E-16, 0.3439029859201774841, -0.1816386426054899250 ) ) ;
#5764 = ORIENTED_EDGE ( 'NONE', *, *, #675, .T. ) ;
#5765 = FACE_OUTER_BOUND ( 'NONE', #4896, .T. ) ;
#5766 = VERTEX_POINT ( 'NONE', #8694 ) ;
#5767 = DIRECTION ( 'NONE',  ( 0.000000000000000000, 1.000000000000000000, -9.436895709313830594E-16 ) ) ;
#5768 = CARTESIAN_POINT ( 'NONE',  ( -0.5452702227724276485, 0.02165354330708068459, -0.3425196849284573020 ) ) ;
#5769 = DIRECTION ( 'NONE',  ( -1.104902609291976305E-14, -0.8576492802205010202, 0.5142350747831739843 ) ) ;
#5770 = CARTESIAN_POINT ( 'NONE',  ( -0.4074749471818759905, -0.1087159368699724959, -0.0002499493191793457293 ) ) ;
#5771 = ORIENTED_EDGE ( 'NONE', *, *, #2476, .T. ) ;
#5772 = VECTOR ( 'NONE', #5178, 39.37007874015748854 ) ;
#5773 = CIRCLE ( 'NONE', #1287, 0.02362204724409448092 ) ;
#5774 = ADVANCED_FACE ( 'NONE', ( #9436 ), #4784, .F. ) ;
#5775 = VERTEX_POINT ( 'NONE', #3171 ) ;
#5776 = CARTESIAN_POINT ( 'NONE',  ( -0.4665300652921126612, -0.05466976167884698978, -0.01323304814136864321 ) ) ;
#5777 = CARTESIAN_POINT ( 'NONE',  ( -0.006844229075241277903, 0.4675598519649055707, 0.02755905522902296276 ) ) ;
#5778 = FACE_OUTER_BOUND ( 'NONE', #2008, .T. ) ;
#5779 = CARTESIAN_POINT ( 'NONE',  ( -0.08267749066219130805, 0.1062992126077747096, -0.01378294380579949199 ) ) ;
#5780 = LINE ( 'NONE', #4125, #469 ) ;
#5781 = ORIENTED_EDGE ( 'NONE', *, *, #6132, .F. ) ;
#5782 = AXIS2_PLACEMENT_3D ( 'NONE', #8083, #2550, #5731 ) ;
#5783 = EDGE_CURVE ( 'NONE', #2680, #1598, #9042, .T. ) ;
#5784 = ORIENTED_EDGE ( 'NONE', *, *, #9605, .T. ) ;
#5785 = EDGE_LOOP ( 'NONE', ( #7554, #5987, #5437, #9347, #4540 ) ) ;
#5786 = DIRECTION ( 'NONE',  ( 0.000000000000000000, 0.8576492809131349704, 0.5142350736279880374 ) ) ;
#5787 = VECTOR ( 'NONE', #4941, 39.37007874015748143 ) ;
#5788 = DIRECTION ( 'NONE',  ( -4.078893220340669608E-32, 2.220446049250309876E-16, 1.000000000000000000 ) ) ;
#5789 = CARTESIAN_POINT ( 'NONE',  ( -0.5531442385204589085, 0.4822834645669287768, -0.006528788846485575857 ) ) ;
#5790 = DIRECTION ( 'NONE',  ( 1.000000000000000000, 0.000000000000000000, -1.084202172485501673E-15 ) ) ;
#5791 = LINE ( 'NONE', #7564, #2315 ) ;
#5792 = LINE ( 'NONE', #4238, #9709 ) ;
#5793 = ORIENTED_EDGE ( 'NONE', *, *, #5685, .T. ) ;
#5794 = VECTOR ( 'NONE', #1835, 39.37007874015748143 ) ;
#5795 = ORIENTED_EDGE ( 'NONE', *, *, #9083, .T. ) ;
#5796 = LINE ( 'NONE', #4967, #8247 ) ;
#5797 = EDGE_LOOP ( 'NONE', ( #903, #3934, #1919, #5699, #133, #1500, #6405, #2295 ) ) ;
#5798 = CYLINDRICAL_SURFACE ( 'NONE', #6192, 0.003937007874015747977 ) ;
#5799 = CARTESIAN_POINT ( 'NONE',  ( -0.4271520147045647642, 0.09055118109409331095, 2.756013921016217094E-10 ) ) ;
#5800 = CARTESIAN_POINT ( 'NONE',  ( -0.4448685501376358209, 0.2106299212515727604, 2.755981038308286928E-10 ) ) ;
#5801 = CARTESIAN_POINT ( 'NONE',  ( -0.5531442385204589085, 0.09834559032574947957, -0.002114173117433575458 ) ) ;
#5802 = DIRECTION ( 'NONE',  ( -1.836970198721029688E-16, 1.000000000000000000, 7.220962762150669162E-17 ) ) ;
#5803 = EDGE_CURVE ( 'NONE', #6019, #5727, #6882, .T. ) ;
#5804 = DIRECTION ( 'NONE',  ( 1.000000000000000000, -5.238529448733259625E-32, -5.551115123125759899E-17 ) ) ;
#5805 = EDGE_LOOP ( 'NONE', ( #2582, #3031, #9046, #3113 ) ) ;
#5806 = ORIENTED_EDGE ( 'NONE', *, *, #1168, .F. ) ;
#5807 = EDGE_CURVE ( 'NONE', #5515, #7423, #1558, .T. ) ;
#5808 = ORIENTED_EDGE ( 'NONE', *, *, #1622, .F. ) ;
#5809 = EDGE_CURVE ( 'NONE', #940, #9429, #4732, .T. ) ;
#5810 = ORIENTED_EDGE ( 'NONE', *, *, #7177, .T. ) ;
#5811 = CARTESIAN_POINT ( 'NONE',  ( -2.848322854506504182E-16, 0.2898100298072284198, -0.2143733292279380587 ) ) ;
#5812 = EDGE_LOOP ( 'NONE', ( #653, #3571, #2598, #5605, #2926, #2895, #2805, #9657, #3058 ) ) ;
#5813 = DIRECTION ( 'NONE',  ( 0.9284766908852576384, -2.121772029832904461E-15, -0.3713906763541078848 ) ) ;
#5814 = VERTEX_POINT ( 'NONE', #4637 ) ;
#5815 = CARTESIAN_POINT ( 'NONE',  ( -0.5374758135490458333, 0.01968503937007875723, 0.009696850504613734392 ) ) ;
#5816 = CARTESIAN_POINT ( 'NONE',  ( -0.4468450259220339005, 0.1318897637795195810, 0.02755905522902296276 ) ) ;
#5817 = CARTESIAN_POINT ( 'NONE',  ( -0.03936194480172685445, 0.01377952755905387412, -0.1968520203137004709 ) ) ;
#5818 = EDGE_CURVE ( 'NONE', #3140, #9995, #778, .T. ) ;
#5819 = CARTESIAN_POINT ( 'NONE',  ( -0.4665300652921126612, -0.1156854394007200554, -0.3169291337473438275 ) ) ;
#5820 = CARTESIAN_POINT ( 'NONE',  ( -0.5519389786476681659, 0.4851340319389851330, -0.3172499986181306353 ) ) ;
#5821 = ORIENTED_EDGE ( 'NONE', *, *, #2074, .F. ) ;
#5822 =( BOUNDED_CURVE ( )  B_SPLINE_CURVE ( 3, ( #6567, #4235, #7304, #9079 ),
 .UNSPECIFIED., .F., .F. ) 
 B_SPLINE_CURVE_WITH_KNOTS ( ( 4, 4 ),
 ( 4.712388982050589981, 6.283185307179586232 ),
 .UNSPECIFIED. ) 
 CURVE ( )  GEOMETRIC_REPRESENTATION_ITEM ( )  RATIONAL_B_SPLINE_CURVE ( ( 1.000000000000000000, 0.8047378545170215114, 0.8047378545170215114, 1.000000000000000000 ) ) 
 REPRESENTATION_ITEM ( '' )  );
#5823 = VERTEX_POINT ( 'NONE', #6238 ) ;
#5824 = ADVANCED_FACE ( 'NONE', ( #7962 ), #5463, .T. ) ;
#5825 = ORIENTED_EDGE ( 'NONE', *, *, #8240, .F. ) ;
#5826 = PLANE ( 'NONE',  #7848 ) ;
#5827 = EDGE_CURVE ( 'NONE', #6980, #178, #872, .T. ) ;
#5828 = LINE ( 'NONE', #9855, #10274 ) ;
#5829 = LINE ( 'NONE', #4583, #10232 ) ;
#5830 = CARTESIAN_POINT ( 'NONE',  ( -0.1161363645047174403, -0.1156854394007110209, -0.3405511809914393284 ) ) ;
#5831 = CARTESIAN_POINT ( 'NONE',  ( -0.4507820337960491974, 0.1543307086614156831, 0.001968504047920685909 ) ) ;
#5832 = ORIENTED_EDGE ( 'NONE', *, *, #4654, .T. ) ;
#5833 = ADVANCED_FACE ( 'NONE', ( #7911 ), #8743, .T. ) ;
#5834 = ORIENTED_EDGE ( 'NONE', *, *, #164, .T. ) ;
#5835 = CARTESIAN_POINT ( 'NONE',  ( -0.04133297024923190954, 0.01968503937007875723, -0.1358283983185490373 ) ) ;
#5836 = VECTOR ( 'NONE', #9088, 39.37007874015748854 ) ;
#5837 = CARTESIAN_POINT ( 'NONE',  ( -0.3956639235598342630, 0.01968503937007739374, -0.3405511809914499310 ) ) ;
#5838 = DIRECTION ( 'NONE',  ( 0.000000000000000000, 1.000000000000000000, -2.220446049351462798E-16 ) ) ;
#5839 = DIRECTION ( 'NONE',  ( 0.9999999991463190963, 0.000000000000000000, 4.132023648021667246E-05 ) ) ;
#5840 = CARTESIAN_POINT ( 'NONE',  ( -0.5531442385204589085, 0.2480314960629948773, 0.009696850504613734392 ) ) ;
#5841 = CARTESIAN_POINT ( 'NONE',  ( -0.05708124639447951371, -0.1082677165354372639, -0.3262529570661539813 ) ) ;
#5842 = ORIENTED_EDGE ( 'NONE', *, *, #1100, .F. ) ;
#5843 = ORIENTED_EDGE ( 'NONE', *, *, #7226, .F. ) ;
#5845 = LINE ( 'NONE', #5225, #8016 ) ;
#5844 = CIRCLE ( 'NONE', #3366, 0.01968503937007875723 ) ;
#5846 = ORIENTED_EDGE ( 'NONE', *, *, #5438, .T. ) ;
#5847 = CARTESIAN_POINT ( 'NONE',  ( -0.5236198506425925325, 0.01377952756837412009, -0.05317124244066077227 ) ) ;
#5848 = CARTESIAN_POINT ( 'NONE',  ( -0.5531442385204589085, 0.4862204724409451839, -0.3287401573694028745 ) ) ;
#5849 = DIRECTION ( 'NONE',  ( -1.000000000000000000, 0.000000000000000000, 0.000000000000000000 ) ) ;
#5850 = FACE_OUTER_BOUND ( 'NONE', #7103, .T. ) ;
#5851 = CARTESIAN_POINT ( 'NONE',  ( -0.3877899078117976184, 0.02165354330708013295, -0.3543307085505046361 ) ) ;
#5852 = CARTESIAN_POINT ( 'NONE',  ( -0.4271520147045647642, 0.1102362204641720578, 2.756013877306649359E-10 ) ) ;
#5853 = VERTEX_POINT ( 'NONE', #90 ) ;
#5854 = AXIS2_PLACEMENT_3D ( 'NONE', #2388, #4833, #4974 ) ;
#5855 = VECTOR ( 'NONE', #5176, 39.37007874015748143 ) ;
#5856 = ORIENTED_EDGE ( 'NONE', *, *, #57, .F. ) ;
#5857 = ORIENTED_EDGE ( 'NONE', *, *, #3585, .T. ) ;
#5858 = CARTESIAN_POINT ( 'NONE',  ( -2.835003058477754693E-16, 0.3097948251254239449, -0.2084770224258718496 ) ) ;
#5859 = ORIENTED_EDGE ( 'NONE', *, *, #6000, .F. ) ;
#5860 = DIRECTION ( 'NONE',  ( 1.259585646868319844E-15, 1.000000000000000000, 0.000000000000000000 ) ) ;
#5861 = ORIENTED_EDGE ( 'NONE', *, *, #4445, .F. ) ;
#5862 = DIRECTION ( 'NONE',  ( 1.445602896647339666E-14, 1.000000000000000000, 0.000000000000000000 ) ) ;
#5863 = VECTOR ( 'NONE', #7118, 39.37007874015748143 ) ;
#5864 = DIRECTION ( 'NONE',  ( -4.132023648674434881E-05, 5.097186441258550573E-21, 0.9999999991463189852 ) ) ;
#5865 = AXIS2_PLACEMENT_3D ( 'NONE', #10060, #3685, #7643 ) ;
#5866 = DIRECTION ( 'NONE',  ( -1.836940358395789878E-16, 1.000000000000000000, -7.590281007370150941E-21 ) ) ;
#5867 = CARTESIAN_POINT ( 'NONE',  ( -0.5529303401249746619, 0.02925843802800622007, -0.3364685038260959438 ) ) ;
#5868 = DIRECTION ( 'NONE',  ( 0.000000000000000000, -0.8576492836772121597, -0.5142350690180171879 ) ) ;
#5869 = EDGE_CURVE ( 'NONE', #9689, #1702, #2896, .T. ) ;
#5870 = VERTEX_POINT ( 'NONE', #2338 ) ;
#5871 = VECTOR ( 'NONE', #10189, 39.37007874015748143 ) ;
#5872 = ORIENTED_EDGE ( 'NONE', *, *, #9495, .F. ) ;
#5873 = VECTOR ( 'NONE', #5974, 39.37007874015748143 ) ;
#5874 = EDGE_CURVE ( 'NONE', #5341, #6479, #1459, .T. ) ;
#5875 = EDGE_CURVE ( 'NONE', #6428, #8598, #7174, .T. ) ;
#5876 = ORIENTED_EDGE ( 'NONE', *, *, #7874, .T. ) ;
#5877 = CARTESIAN_POINT ( 'NONE',  ( 3.829830181117889150E-07, 0.4842519685031622667, -0.009268655041871406292 ) ) ;
#5878 = CARTESIAN_POINT ( 'NONE',  ( -0.4074749471818763791, -0.03212048658943895268, -0.3270588496977320792 ) ) ;
#5879 = DIRECTION ( 'NONE',  ( 1.000000000000000000, 0.000000000000000000, 1.559456281198720078E-15 ) ) ;
#5880 = DIRECTION ( 'NONE',  ( -1.000000000000000000, 0.000000000000000000, 8.466415384531750179E-16 ) ) ;
#5881 = DIRECTION ( 'NONE',  ( 1.818325889514540182E-14, 0.8576492835018546534, -0.5142350693104809078 ) ) ;
#5882 = EDGE_CURVE ( 'NONE', #1669, #261, #40, .T. ) ;
#5883 = AXIS2_PLACEMENT_3D ( 'NONE', #1495, #1442, #1544 ) ;
#5884 = ORIENTED_EDGE ( 'NONE', *, *, #2647, .T. ) ;
#5885 = EDGE_CURVE ( 'NONE', #4645, #1436, #7544, .T. ) ;
#5886 = EDGE_LOOP ( 'NONE', ( #3648, #480, #3019, #1256 ) ) ;
#5887 = CIRCLE ( 'NONE', #413, 0.01181102362204724046 ) ;
#5888 = ORIENTED_EDGE ( 'NONE', *, *, #892, .T. ) ;
#5889 = DIRECTION ( 'NONE',  ( -1.000000000000000000, -4.625929289008769985E-16, 1.069961089345456021E-31 ) ) ;
#5890 = CARTESIAN_POINT ( 'NONE',  ( -0.5649552621425060206, 0.2342519685039300692, -0.3364685038260962213 ) ) ;
#5891 = PLANE ( 'NONE',  #804 ) ;
#5892 = CARTESIAN_POINT ( 'NONE',  ( -0.1023628553702797123, 0.1062992126077751537, -0.005909741454971527939 ) ) ;
#5893 = CYLINDRICAL_SURFACE ( 'NONE', #9813, 0.02755905511811023931 ) ;
#5894 = CARTESIAN_POINT ( 'NONE',  ( -0.4724387483280186317, 0.1653543307150614206, -0.07482267093249135581 ) ) ;
#5895 = ORIENTED_EDGE ( 'NONE', *, *, #2820, .T. ) ;
#5896 = VECTOR ( 'NONE', #3275, 39.37007874015748143 ) ;
#5897 = EDGE_CURVE ( 'NONE', #7719, #3008, #2736, .T. ) ;
#5898 = VERTEX_POINT ( 'NONE', #9881 ) ;
#5899 = DIRECTION ( 'NONE',  ( -0.9999999991463189852, 0.000000000000000000, -4.132023649202460312E-05 ) ) ;
#5900 = EDGE_LOOP ( 'NONE', ( #6047, #4526 ) ) ;
#5901 = CARTESIAN_POINT ( 'NONE',  ( -0.1476244556650251338, 0.1771653543254158580, -0.1161417320077667986 ) ) ;
#5902 = CARTESIAN_POINT ( 'NONE',  ( -0.05510997628355818884, 0.01968503937007875723, -0.1968526710260860568 ) ) ;
#5903 = CARTESIAN_POINT ( 'NONE',  ( -0.5314960625374123282, 0.2933070866141731514, -2.196154301066040838E-05 ) ) ;
#5904 = CARTESIAN_POINT ( 'NONE',  ( 0.1456746590184080925, 0.2755905511811020947, -0.1299212597316068418 ) ) ;
#5905 = DIRECTION ( 'NONE',  ( 1.956239355474899994E-14, -2.220446049250560093E-16, -1.000000000000000000 ) ) ;
#5906 = DIRECTION ( 'NONE',  ( -1.320822031358179910E-15, 2.220446049250329844E-16, 1.000000000000000000 ) ) ;
#5907 = ORIENTED_EDGE ( 'NONE', *, *, #3525, .T. ) ;
#5908 = CIRCLE ( 'NONE', #7249, 0.03149606299212599769 ) ;
#5909 = ORIENTED_EDGE ( 'NONE', *, *, #478, .T. ) ;
#5910 = VERTEX_POINT ( 'NONE', #1073 ) ;
#5911 = EDGE_CURVE ( 'NONE', #6444, #5488, #4973, .T. ) ;
#5912 = DIRECTION ( 'NONE',  ( -1.448873012750489906E-13, 1.000000000000000000, 3.645972412869020137E-13 ) ) ;
#5913 = ORIENTED_EDGE ( 'NONE', *, *, #7876, .F. ) ;
#5914 = PLANE ( 'NONE',  #1704 ) ;
#5915 = VERTEX_POINT ( 'NONE', #6485 ) ;
#5916 = VECTOR ( 'NONE', #232, 39.37007874015748854 ) ;
#5917 = DIRECTION ( 'NONE',  ( 1.259585646868319844E-15, 1.000000000000000000, 0.000000000000000000 ) ) ;
#5918 = VECTOR ( 'NONE', #8962, 39.37007874015748143 ) ;
#5919 = DIRECTION ( 'NONE',  ( -1.098777426433149983E-15, 2.220446049250329844E-16, 1.000000000000000000 ) ) ;
#5920 = DIRECTION ( 'NONE',  ( -1.000000000000000000, 0.000000000000000000, -1.559456281198720078E-15 ) ) ;
#5921 = LINE ( 'NONE', #9165, #7213 ) ;
#5922 = DIRECTION ( 'NONE',  ( -1.287637342632690062E-29, -9.958396954268648207E-17, 1.000000000000000000 ) ) ;
#5923 = ORIENTED_EDGE ( 'NONE', *, *, #6332, .T. ) ;
#5924 = B_SPLINE_CURVE_WITH_KNOTS ( 'NONE', 3,
 ( #7375, #1022, #9693, #2639 ),
 .UNSPECIFIED., .F., .F.,
 ( 4, 4 ),
 ( 0.000000000000000000, 1.000000000000000000 ),
 .UNSPECIFIED. ) ;
#5925 = VECTOR ( 'NONE', #7244, 39.37007874015748854 ) ;
#5926 = VECTOR ( 'NONE', #8226, 39.37007874015748143 ) ;
#5927 = ORIENTED_EDGE ( 'NONE', *, *, #3663, .F. ) ;
#5928 = DIRECTION ( 'NONE',  ( -2.669637467189900051E-16, 1.000000000000000000, -2.220446049250309876E-16 ) ) ;
#5929 = VERTEX_POINT ( 'NONE', #971 ) ;
#5930 = DIRECTION ( 'NONE',  ( 1.608082204351659665E-16, 1.000000000000000000, 2.539135841793694919E-31 ) ) ;
#5931 = LINE ( 'NONE', #9123, #3432 ) ;
#5932 = CIRCLE ( 'NONE', #1462, 0.007874015748031490750 ) ;
#5933 = VECTOR ( 'NONE', #3780, 39.37007874015748143 ) ;
#5934 = DIRECTION ( 'NONE',  ( 0.000000000000000000, 3.642919299551245421E-13, -1.000000000000000000 ) ) ;
#5935 = CARTESIAN_POINT ( 'NONE',  ( -0.4551685378474741861, 0.1555118110236174966, 0.01096626023947874784 ) ) ;
#5936 = ORIENTED_EDGE ( 'NONE', *, *, #5268, .T. ) ;
#5937 = EDGE_CURVE ( 'NONE', #9966, #9237, #8109, .T. ) ;
#5938 = EDGE_CURVE ( 'NONE', #4511, #1702, #2525, .T. ) ;
#5939 = VECTOR ( 'NONE', #5594, 39.37007874015748143 ) ;
#5940 = EDGE_CURVE ( 'NONE', #9426, #4371, #7472, .T. ) ;
#5941 = VECTOR ( 'NONE', #3592, 39.37007874015748143 ) ;
#5942 = ORIENTED_EDGE ( 'NONE', *, *, #1107, .T. ) ;
#5943 = EDGE_CURVE ( 'NONE', #4786, #8419, #4730, .T. ) ;
#5944 = ORIENTED_EDGE ( 'NONE', *, *, #1579, .F. ) ;
#5945 = CARTESIAN_POINT ( 'NONE',  ( -0.4432141094286987104, 0.1555118110236194118, -0.3425196849284575795 ) ) ;
#5946 = LINE ( 'NONE', #9022, #734 ) ;
#5947 = ADVANCED_FACE ( 'NONE', ( #8841 ), #8062, .T. ) ;
#5948 = DIRECTION ( 'NONE',  ( 4.078893220340669608E-32, -2.220446049250309876E-16, -1.000000000000000000 ) ) ;
#5949 = CARTESIAN_POINT ( 'NONE',  ( -0.5531442385204589085, 0.2480314960629948773, 0.01377952766996799576 ) ) ;
#5950 = DIRECTION ( 'NONE',  ( 1.000000000000000000, 0.000000000000000000, 0.000000000000000000 ) ) ;
#5951 = DIRECTION ( 'NONE',  ( -3.469446951953599200E-15, 1.000000000000000000, 5.421010862427498751E-17 ) ) ;
#5952 = ORIENTED_EDGE ( 'NONE', *, *, #8811, .T. ) ;
#5953 = EDGE_LOOP ( 'NONE', ( #5743, #4307, #714, #630 ) ) ;
#5954 = AXIS2_PLACEMENT_3D ( 'NONE', #8680, #3347, #6521 ) ;
#5955 = CARTESIAN_POINT ( 'NONE',  ( -0.2755905509458358438, 0.2933070866141731514, -1.138746674602552967E-05 ) ) ;
#5956 = ORIENTED_EDGE ( 'NONE', *, *, #677, .T. ) ;
#5957 = DIRECTION ( 'NONE',  ( 6.123638448986479919E-17, -1.000000000000000000, -3.824805797272000045E-32 ) ) ;
#5958 = CARTESIAN_POINT ( 'NONE',  ( -0.3523211438033747589, 0.01377952755905360177, -0.1161643648628286757 ) ) ;
#5959 = ADVANCED_FACE ( 'NONE', ( #186 ), #5023, .F. ) ;
#5960 = CARTESIAN_POINT ( 'NONE',  ( -0.4074749471818807645, -0.1082677165354328924, -0.3262529570661537037 ) ) ;
#5961 = CARTESIAN_POINT ( 'NONE',  ( -0.4665300652921126612, -0.1156854394007110209, -0.3405511809914393284 ) ) ;
#5962 = DIRECTION ( 'NONE',  ( -1.000000000000000000, -9.056962336419320517E-48, -4.078893220340669608E-32 ) ) ;
#5963 = CARTESIAN_POINT ( 'NONE',  ( -0.4665300652921126612, -0.06074340426196388198, -0.003103332212128194229 ) ) ;
#5964 = ORIENTED_EDGE ( 'NONE', *, *, #3456, .F. ) ;
#5965 = ORIENTED_EDGE ( 'NONE', *, *, #9687, .F. ) ;
#5966 = ORIENTED_EDGE ( 'NONE', *, *, #8511, .T. ) ;
#5967 = ORIENTED_EDGE ( 'NONE', *, *, #3027, .F. ) ;
#5968 = CARTESIAN_POINT ( 'NONE',  ( -2.800728044784191432E-16, 0.3612204724638452547, -0.1351656256060505823 ) ) ;
#5969 = ORIENTED_EDGE ( 'NONE', *, *, #7390, .F. ) ;
#5970 = EDGE_CURVE ( 'NONE', #4993, #6736, #3414, .T. ) ;
#5971 = DIRECTION ( 'NONE',  ( 1.387778780781445676E-14, 1.000000000000000000, 0.000000000000000000 ) ) ;
#5972 = CARTESIAN_POINT ( 'NONE',  ( -0.4724412698385116460, 0.1653543307150614206, -0.01379904893734157714 ) ) ;
#5973 = LINE ( 'NONE', #1971, #4106 ) ;
#5974 = DIRECTION ( 'NONE',  ( -8.951470305420620389E-21, 1.000000000000000000, 2.166364730150245313E-16 ) ) ;
#5975 = CARTESIAN_POINT ( 'NONE',  ( -0.1157499195728208807, -0.1135259968720670198, -0.3287401573694021528 ) ) ;
#5976 = ORIENTED_EDGE ( 'NONE', *, *, #1502, .F. ) ;
#5977 = VECTOR ( 'NONE', #3079, 39.37007874015748143 ) ;
#5978 = ORIENTED_EDGE ( 'NONE', *, *, #6691, .T. ) ;
#5979 = CARTESIAN_POINT ( 'NONE',  ( -0.03345122730298927261, 0.4803149606216496337, 2.755997529928255166E-10 ) ) ;
#5980 = ORIENTED_EDGE ( 'NONE', *, *, #5378, .T. ) ;
#5981 = LINE ( 'NONE', #9172, #195 ) ;
#5982 = DIRECTION ( 'NONE',  ( 0.000000000000000000, 1.000000000000000000, -2.220446049351462798E-16 ) ) ;
#5983 = VECTOR ( 'NONE', #1239, 39.37007874015748854 ) ;
#5984 = CARTESIAN_POINT ( 'NONE',  ( -0.05708124639447897247, -0.03212048658944358787, -0.3287401573693961021 ) ) ;
#5985 = LINE ( 'NONE', #5316, #4640 ) ;
#5986 = EDGE_LOOP ( 'NONE', ( #3276, #6900, #2279, #3050 ) ) ;
#5987 = ORIENTED_EDGE ( 'NONE', *, *, #1623, .F. ) ;
#5988 = VERTEX_POINT ( 'NONE', #337 ) ;
#5989 = EDGE_CURVE ( 'NONE', #1326, #8320, #3510, .T. ) ;
#5990 = VERTEX_POINT ( 'NONE', #2630 ) ;
#5991 = FACE_OUTER_BOUND ( 'NONE', #2406, .T. ) ;
#5992 = DIRECTION ( 'NONE',  ( -1.259585646868319844E-15, -1.000000000000000000, 2.220446049250309876E-16 ) ) ;
#5993 = PLANE ( 'NONE',  #8944 ) ;
#5994 = CARTESIAN_POINT ( 'NONE',  ( -0.3169157942321246813, 0.3622047244011780687, -0.01574803122046313300 ) ) ;
#5995 = DIRECTION ( 'NONE',  ( 0.000000000000000000, 0.000000000000000000, -1.000000000000000000 ) ) ;
#5996 = FACE_OUTER_BOUND ( 'NONE', #8734, .T. ) ;
#5997 = ORIENTED_EDGE ( 'NONE', *, *, #7390, .T. ) ;
#5998 = ADVANCED_FACE ( 'NONE', ( #922 ), #8892, .F. ) ;
#5999 = ORIENTED_EDGE ( 'NONE', *, *, #1162, .F. ) ;
#6000 = EDGE_CURVE ( 'NONE', #2609, #841, #8387, .T. ) ;
#6001 = AXIS2_PLACEMENT_3D ( 'NONE', #1769, #4947, #6875 ) ;
#6002 = EDGE_CURVE ( 'NONE', #3897, #9426, #1127, .T. ) ;
#6003 = DIRECTION ( 'NONE',  ( -0.0008254481297943271978, 0.0002411176241745419428, 0.9999996302487698108 ) ) ;
#6004 = EDGE_LOOP ( 'NONE', ( #8305, #4899, #5967, #4463, #2606, #9312 ) ) ;
#6005 = DIRECTION ( 'NONE',  ( -1.000000000000000000, 0.000000000000000000, 8.466415384531750179E-16 ) ) ;
#6006 = FACE_OUTER_BOUND ( 'NONE', #151, .T. ) ;
#6007 = FACE_OUTER_BOUND ( 'NONE', #9073, .T. ) ;
#6008 = CARTESIAN_POINT ( 'NONE',  ( -0.05708124639447951371, -0.02604684405930106014, -0.3169291337473471026 ) ) ;
#6009 = CARTESIAN_POINT ( 'NONE',  ( -0.5413332148984167924, 0.01968503937007875723, -0.3364685038260959438 ) ) ;
#6010 = ORIENTED_EDGE ( 'NONE', *, *, #8705, .F. ) ;
#6011 = EDGE_CURVE ( 'NONE', #4407, #7277, #6376, .T. ) ;
#6012 = AXIS2_PLACEMENT_3D ( 'NONE', #8805, #9649, #8704 ) ;
#6013 = ORIENTED_EDGE ( 'NONE', *, *, #731, .F. ) ;
#6015 = EDGE_LOOP ( 'NONE', ( #9753, #2924, #9453, #5857, #9997 ) ) ;
#6014 = EDGE_CURVE ( 'NONE', #4066, #6500, #5704, .T. ) ;
#6016 = CIRCLE ( 'NONE', #202, 0.04527559055118110520 ) ;
#6017 = VERTEX_POINT ( 'NONE', #1903 ) ;
#6018 = LINE ( 'NONE', #9211, #1881 ) ;
#6019 = VERTEX_POINT ( 'NONE', #4924 ) ;
#6020 = CARTESIAN_POINT ( 'NONE',  ( -0.5042044491840317333, 0.01968503937007875723, -0.3228554797919814257 ) ) ;
#6021 = FACE_OUTER_BOUND ( 'NONE', #9770, .T. ) ;
#6022 = CARTESIAN_POINT ( 'NONE',  ( -0.4551685378474741861, 0.1240157480314919708, -0.3377379135609609451 ) ) ;
#6023 = DIRECTION ( 'NONE',  ( 1.734723475976807726E-14, 0.000000000000000000, -1.000000000000000000 ) ) ;
#6024 = CARTESIAN_POINT ( 'NONE',  ( -0.05709145042570287071, -0.1091640410387105659, -0.3267903812883807824 ) ) ;
#6026 = AXIS2_PLACEMENT_3D ( 'NONE', #3415, #392, #2737 ) ;
#6025 = CARTESIAN_POINT ( 'NONE',  ( -0.5531442385204589085, -0.02604684405930461286, -0.3405511809914502086 ) ) ;
#6027 = ORIENTED_EDGE ( 'NONE', *, *, #1707, .F. ) ;
#6028 = AXIS2_PLACEMENT_3D ( 'NONE', #8276, #1967, #9108 ) ;
#6030 = ORIENTED_EDGE ( 'NONE', *, *, #404, .T. ) ;
#6029 = ADVANCED_FACE ( 'NONE', ( #4301 ), #1173, .T. ) ;
#6031 = AXIS2_PLACEMENT_3D ( 'NONE', #817, #2473, #5649 ) ;
#6032 = AXIS2_PLACEMENT_3D ( 'NONE', #3887, #5542, #2419 ) ;
#6033 = CARTESIAN_POINT ( 'NONE',  ( -0.5649552621425060206, 0.2342519685039300692, -0.3425196849284575795 ) ) ;
#6034 = VERTEX_POINT ( 'NONE', #9150 ) ;
#6035 = DIRECTION ( 'NONE',  ( -1.098777426433149983E-15, 2.220446049250329844E-16, 1.000000000000000000 ) ) ;
#6036 = EDGE_CURVE ( 'NONE', #4700, #9597, #9354, .T. ) ;
#6037 = CARTESIAN_POINT ( 'NONE',  ( -0.5531442385204589085, 0.01968503937007875723, -0.3405511809914502086 ) ) ;
#6038 = DIRECTION ( 'NONE',  ( -1.000000000000000000, -2.669637467189900051E-16, -5.551115123125779621E-17 ) ) ;
#6039 = DIRECTION ( 'NONE',  ( 0.000000000000000000, 1.000000000000000000, -2.258754526011467242E-16 ) ) ;
#6040 = ORIENTED_EDGE ( 'NONE', *, *, #223, .T. ) ;
#6041 = AXIS2_PLACEMENT_3D ( 'NONE', #9388, #5469, #1515 ) ;
#6042 = CIRCLE ( 'NONE', #5865, 0.007874015748031516770 ) ;
#6043 = ORIENTED_EDGE ( 'NONE', *, *, #6317, .F. ) ;
#6044 = ORIENTED_EDGE ( 'NONE', *, *, #2188, .T. ) ;
#6045 = EDGE_LOOP ( 'NONE', ( #9361, #4186, #3831, #220 ) ) ;
#6046 = AXIS2_PLACEMENT_3D ( 'NONE', #2787, #2056, #2946 ) ;
#6047 = ORIENTED_EDGE ( 'NONE', *, *, #402, .T. ) ;
#6048 = FACE_OUTER_BOUND ( 'NONE', #8699, .T. ) ;
#6049 = DIRECTION ( 'NONE',  ( 0.000000000000000000, -0.2585594446245769729, 0.9659953486406805956 ) ) ;
#6050 = DIRECTION ( 'NONE',  ( -0.9999999991463190963, -1.836874984152021461E-16, -4.132023647952770941E-05 ) ) ;
#6051 = FACE_OUTER_BOUND ( 'NONE', #4840, .T. ) ;
#6052 = ORIENTED_EDGE ( 'NONE', *, *, #6356, .T. ) ;
#6053 = CIRCLE ( 'NONE', #1729, 0.01181102362204724046 ) ;
#6054 = ORIENTED_EDGE ( 'NONE', *, *, #8948, .F. ) ;
#6055 = ADVANCED_FACE ( 'NONE', ( #5133 ), #391, .T. ) ;
#6056 = CARTESIAN_POINT ( 'NONE',  ( -0.1151894655446440846, -0.1156854393858063462, -0.3287401573694021528 ) ) ;
#6057 = VERTEX_POINT ( 'NONE', #6907 ) ;
#6058 = CARTESIAN_POINT ( 'NONE',  ( -0.5236087071931873060, 0.01377952756371386006, -0.3228562815805118280 ) ) ;
#6059 = CARTESIAN_POINT ( 'NONE',  ( -0.1736087076179499700, 0.05314960629093992001, -0.01970781430357135267 ) ) ;
#6060 = CARTESIAN_POINT ( 'NONE',  ( 5.367778755658163867E-06, 0.4895731408084721403, 0.005321172415452327803 ) ) ;
#6061 = VECTOR ( 'NONE', #2258, 39.37007874015748143 ) ;
#6062 = CARTESIAN_POINT ( 'NONE',  ( -0.4665300652921126612, -0.02604684404438216416, -0.3169291337473506553 ) ) ;
#6063 = CYLINDRICAL_SURFACE ( 'NONE', #6046, 0.01181102362204724567 ) ;
#6064 = DIRECTION ( 'NONE',  ( 1.000000000000000000, -1.259585646868319844E-15, 0.000000000000000000 ) ) ;
#6065 = VERTEX_POINT ( 'NONE', #2837 ) ;
#6066 = ADVANCED_FACE ( 'NONE', ( #6122 ), #445, .F. ) ;
#6067 = ORIENTED_EDGE ( 'NONE', *, *, #6509, .T. ) ;
#6068 = ADVANCED_FACE ( 'NONE', ( #6848 ), #6063, .T. ) ;
#6069 = VERTEX_POINT ( 'NONE', #4401 ) ;
#6070 = ORIENTED_EDGE ( 'NONE', *, *, #3162, .F. ) ;
#6071 = EDGE_CURVE ( 'NONE', #7607, #3444, #6796, .T. ) ;
#6072 = EDGE_CURVE ( 'NONE', #359, #8258, #5287, .T. ) ;
#6073 = CARTESIAN_POINT ( 'NONE',  ( 1.333960390283828660E-05, 0.2421259842519683514, -0.3228346453936932203 ) ) ;
#6074 = ORIENTED_EDGE ( 'NONE', *, *, #10032, .T. ) ;
#6075 = CARTESIAN_POINT ( 'NONE',  ( -0.1680681500149638630, 0.01968503937007869131, -0.3228415905605983016 ) ) ;
#6076 = FACE_OUTER_BOUND ( 'NONE', #9514, .T. ) ;
#6077 = LINE ( 'NONE', #4520, #618 ) ;
#6079 = DIRECTION ( 'NONE',  ( 0.9999996593176145865, -1.233580719305122394E-16, 0.0008254481538049723410 ) ) ;
#6078 = B_SPLINE_CURVE_WITH_KNOTS ( 'NONE', 3,
 ( #4262, #3526, #460, #2694, #2803, #6704, #5867 ),
 .UNSPECIFIED., .F., .F.,
 ( 4, 3, 4 ),
 ( -1.095445772280966488E-06, 0.000000000000000000, 7.241602039667805911E-05 ),
 .UNSPECIFIED. ) ;
#6080 = CARTESIAN_POINT ( 'NONE',  ( -0.05510997628355818884, 0.01968503937007875723, -0.1968526710260860568 ) ) ;
#6081 =( BOUNDED_CURVE ( )  B_SPLINE_CURVE ( 3, ( #7430, #6651, #8324, #2688 ),
 .UNSPECIFIED., .F., .F. ) 
 B_SPLINE_CURVE_WITH_KNOTS ( ( 4, 4 ),
 ( 3.141592653589846851, 4.712388980384691450 ),
 .UNSPECIFIED. ) 
 CURVE ( )  GEOMETRIC_REPRESENTATION_ITEM ( )  RATIONAL_B_SPLINE_CURVE ( ( 1.000000000000000000, 0.8047378541243772609, 0.8047378541243772609, 1.000000000000000000 ) ) 
 REPRESENTATION_ITEM ( '' )  );
#6082 = DIRECTION ( 'NONE',  ( 8.273561048187222871E-28, -2.323290369603525277E-16, -1.000000000000000000 ) ) ;
#6083 = VECTOR ( 'NONE', #3459, 39.37007874015748143 ) ;
#6084 = EDGE_CURVE ( 'NONE', #3350, #7791, #10152, .T. ) ;
#6085 = LINE ( 'NONE', #9276, #4469 ) ;
#6086 = VERTEX_POINT ( 'NONE', #2109 ) ;
#6087 = ORIENTED_EDGE ( 'NONE', *, *, #2690, .F. ) ;
#6088 = AXIS2_PLACEMENT_3D ( 'NONE', #8982, #1167, #1951 ) ;
#6089 = DIRECTION ( 'NONE',  ( 0.9999999991463189852, 0.000000000000000000, 4.132023649128440475E-05 ) ) ;
#6090 = CARTESIAN_POINT ( 'NONE',  ( -0.003931640095258836544, 0.4822834645669287768, -0.1633858266607408349 ) ) ;
#6091 = ORIENTED_EDGE ( 'NONE', *, *, #9396, .T. ) ;
#6092 = DIRECTION ( 'NONE',  ( 1.098777426433149983E-15, -2.220446049250329844E-16, -1.000000000000000000 ) ) ;
#6093 = DIRECTION ( 'NONE',  ( 1.000000000000000000, 0.000000000000000000, 0.000000000000000000 ) ) ;
#6094 = DIRECTION ( 'NONE',  ( -3.082923035651750454E-21, 1.000000000000000000, -1.273871089915132166E-25 ) ) ;
#6095 = EDGE_CURVE ( 'NONE', #6605, #2854, #8554, .T. ) ;
#6096 = CYLINDRICAL_SURFACE ( 'NONE', #2968, 0.01181102362204724567 ) ;
#6097 = EDGE_LOOP ( 'NONE', ( #191, #3124, #8368, #12, #3137 ) ) ;
#6098 = AXIS2_PLACEMENT_3D ( 'NONE', #1914, #5919, #2071 ) ;
#6099 = AXIS2_PLACEMENT_3D ( 'NONE', #5417, #3811, #2189 ) ;
#6100 = ORIENTED_EDGE ( 'NONE', *, *, #604, .T. ) ;
#6101 = ORIENTED_EDGE ( 'NONE', *, *, #7491, .F. ) ;
#6102 = ORIENTED_EDGE ( 'NONE', *, *, #8498, .F. ) ;
#6103 = AXIS2_PLACEMENT_3D ( 'NONE', #3313, #139, #8690 ) ;
#6104 = ORIENTED_EDGE ( 'NONE', *, *, #5989, .T. ) ;
#6105 = DIRECTION ( 'NONE',  ( 1.000000000000000000, 0.000000000000000000, 1.084202172485501673E-15 ) ) ;
#6106 = DIRECTION ( 'NONE',  ( 0.000000000000000000, 1.000000000000000000, -2.220446049250309876E-16 ) ) ;
#6107 = CARTESIAN_POINT ( 'NONE',  ( -0.03936812663661882344, 0.4803149606216496337, -0.04724409421258921049 ) ) ;
#6108 = CARTESIAN_POINT ( 'NONE',  ( -0.5137741597803013871, 0.2480314960629948773, -0.3287401573694028745 ) ) ;
#6109 = CARTESIAN_POINT ( 'NONE',  ( -0.5649552621425060206, 0.2342519685039300692, -0.3267716534323946709 ) ) ;
#6110 = FACE_OUTER_BOUND ( 'NONE', #4228, .T. ) ;
#6111 = ORIENTED_EDGE ( 'NONE', *, *, #2204, .T. ) ;
#6112 = CIRCLE ( 'NONE', #1625, 0.01968503937007873988 ) ;
#6113 = EDGE_LOOP ( 'NONE', ( #1231, #5673, #3364, #5345, #5095, #8121, #4280, #9346, #3944, #4856, #3402, #2316, #5333 ) ) ;
#6114 = CARTESIAN_POINT ( 'NONE',  ( -0.03936926444221768712, 0.2201297255488997295, -0.01970781430357135613 ) ) ;
#6115 = ORIENTED_EDGE ( 'NONE', *, *, #2556, .T. ) ;
#6116 = ORIENTED_EDGE ( 'NONE', *, *, #8332, .F. ) ;
#6117 = CARTESIAN_POINT ( 'NONE',  ( -0.5531442385204589085, 0.2810889216413989811, -0.3346456691804258754 ) ) ;
#6118 = VECTOR ( 'NONE', #3888, 39.37007874015748143 ) ;
#6119 = DIRECTION ( 'NONE',  ( -1.929231152724350329E-14, 0.000000000000000000, 1.000000000000000000 ) ) ;
#6120 = DIRECTION ( 'NONE',  ( -3.816391647148786281E-14, 1.000000000000000000, 5.421010862427254081E-17 ) ) ;
#6121 = CARTESIAN_POINT ( 'NONE',  ( -0.05314155368975069516, -0.1003936897637803943, -0.1948840044126580739 ) ) ;
#6122 = FACE_OUTER_BOUND ( 'NONE', #8084, .T. ) ;
#6123 = CARTESIAN_POINT ( 'NONE',  ( 0.04557623434267697032, 0.2755905511811020947, -0.1299212597316068418 ) ) ;
#6124 = ORIENTED_EDGE ( 'NONE', *, *, #5937, .T. ) ;
#6125 = ORIENTED_EDGE ( 'NONE', *, *, #9676, .F. ) ;
#6126 = VECTOR ( 'NONE', #8913, 39.37007874015748143 ) ;
#6127 = ORIENTED_EDGE ( 'NONE', *, *, #6145, .T. ) ;
#6128 = ORIENTED_EDGE ( 'NONE', *, *, #8659, .T. ) ;
#6129 = CARTESIAN_POINT ( 'NONE',  ( -2.802463851188408878E-16, 0.3586160980706192825, -0.1509269576086379183 ) ) ;
#6130 = ORIENTED_EDGE ( 'NONE', *, *, #8500, .F. ) ;
#6131 = FACE_OUTER_BOUND ( 'NONE', #6045, .T. ) ;
#6132 = EDGE_CURVE ( 'NONE', #261, #3271, #1958, .T. ) ;
#6133 = LINE ( 'NONE', #10111, #9155 ) ;
#6134 = DIRECTION ( 'NONE',  ( 4.132023648018220838E-05, 1.946778533464020538E-16, -0.9999999991463190963 ) ) ;
#6135 = LINE ( 'NONE', #9328, #2777 ) ;
#6136 = LINE ( 'NONE', #6182, #8713 ) ;
#6137 = CIRCLE ( 'NONE', #9642, 0.003937007874015747977 ) ;
#6138 = DIRECTION ( 'NONE',  ( 5.927785966952419312E-32, -2.220446049250309876E-16, -1.000000000000000000 ) ) ;
#6139 = ORIENTED_EDGE ( 'NONE', *, *, #1502, .T. ) ;
#6140 = EDGE_CURVE ( 'NONE', #5988, #4323, #8364, .T. ) ;
#6141 = VERTEX_POINT ( 'NONE', #7684 ) ;
#6142 = CYLINDRICAL_SURFACE ( 'NONE', #2734, 0.007874015748031516770 ) ;
#6143 = PLANE ( 'NONE',  #4902 ) ;
#6144 = EDGE_LOOP ( 'NONE', ( #931, #9788, #9712, #7091, #10294, #1661, #8150, #6295 ) ) ;
#6145 = EDGE_CURVE ( 'NONE', #9259, #760, #748, .T. ) ;
#6146 = DIRECTION ( 'NONE',  ( -1.460453498191029983E-15, 1.000000000000000000, 0.000000000000000000 ) ) ;
#6147 = LINE ( 'NONE', #3132, #5097 ) ;
#6148 = LINE ( 'NONE', #3182, #4121 ) ;
#6149 = DIRECTION ( 'NONE',  ( 0.000000000000000000, 0.000000000000000000, 1.000000000000000000 ) ) ;
#6150 = EDGE_CURVE ( 'NONE', #1007, #2394, #7384, .T. ) ;
#6151 = ORIENTED_EDGE ( 'NONE', *, *, #6323, .F. ) ;
#6152 = ADVANCED_FACE ( 'NONE', ( #5339 ), #7630, .F. ) ;
#6153 = ORIENTED_EDGE ( 'NONE', *, *, #3930, .F. ) ;
#6154 = DIRECTION ( 'NONE',  ( -4.132023649192669289E-05, 0.000000000000000000, 0.9999999991463189852 ) ) ;
#6155 = DIRECTION ( 'NONE',  ( 1.000000000000000000, 0.000000000000000000, 0.000000000000000000 ) ) ;
#6156 = CARTESIAN_POINT ( 'NONE',  ( -0.5649552621425060206, 0.2460629921259527841, 1.109127553579697145E-10 ) ) ;
#6157 = FACE_OUTER_BOUND ( 'NONE', #3841, .T. ) ;
#6158 = CARTESIAN_POINT ( 'NONE',  ( 5.367778755111793735E-06, 0.4717749884904407498, 0.01181102373296006453 ) ) ;
#6159 = DIRECTION ( 'NONE',  ( 0.000000000000000000, 0.000000000000000000, 1.000000000000000000 ) ) ;
#6160 = VERTEX_POINT ( 'NONE', #3569 ) ;
#6161 = ADVANCED_FACE ( 'NONE', ( #4507 ), #499, .F. ) ;
#6162 = ORIENTED_EDGE ( 'NONE', *, *, #5232, .F. ) ;
#6163 = ADVANCED_FACE ( 'NONE', ( #8583 ), #4719, .T. ) ;
#6164 = VERTEX_POINT ( 'NONE', #6225 ) ;
#6165 = ORIENTED_EDGE ( 'NONE', *, *, #9134, .T. ) ;
#6166 = FACE_BOUND ( 'NONE', #6513, .T. ) ;
#6167 = LINE ( 'NONE', #2269, #7875 ) ;
#6168 = FACE_BOUND ( 'NONE', #7308, .T. ) ;
#6169 = CARTESIAN_POINT ( 'NONE',  ( -0.4547190416700650495, 0.2342519685039251565, -0.3425196849284575795 ) ) ;
#6170 = LINE ( 'NONE', #4819, #1071 ) ;
#6171 = FACE_OUTER_BOUND ( 'NONE', #7998, .T. ) ;
#6172 = EDGE_LOOP ( 'NONE', ( #3472, #3078, #5711, #8950 ) ) ;
#6173 = ORIENTED_EDGE ( 'NONE', *, *, #1365, .F. ) ;
#6174 = ORIENTED_EDGE ( 'NONE', *, *, #7749, .T. ) ;
#6175 = LINE ( 'NONE', #6334, #9047 ) ;
#6176 = VERTEX_POINT ( 'NONE', #3939 ) ;
#6177 = DIRECTION ( 'NONE',  ( -1.246852042519505063E-14, -0.8576492837990944418, -0.5142350688147396820 ) ) ;
#6178 = CARTESIAN_POINT ( 'NONE',  ( -0.3877899078117976184, 0.02165354330708013295, -0.3543307085505046361 ) ) ;
#6179 = CARTESIAN_POINT ( 'NONE',  ( -0.4665300652921126612, -0.1035381541744148370, 0.01041691224497195284 ) ) ;
#6180 = CARTESIAN_POINT ( 'NONE',  ( -0.04493248089200118506, 0.4294716001481418410, 0.01574803160697565291 ) ) ;
#6181 = VECTOR ( 'NONE', #2885, 39.37007874015748143 ) ;
#6182 = CARTESIAN_POINT ( 'NONE',  ( -0.04723872670943303487, 0.2581246626024946145, 0.01574803160697565291 ) ) ;
#6183 = CARTESIAN_POINT ( 'NONE',  ( 0.1574856827393862346, 0.3818897633275591952, -0.1299212597316068141 ) ) ;
#6184 = ORIENTED_EDGE ( 'NONE', *, *, #1242, .T. ) ;
#6185 = EDGE_LOOP ( 'NONE', ( #9969, #6827, #6719, #8901 ) ) ;
#6186 = LINE ( 'NONE', #4740, #1227 ) ;
#6187 = FACE_OUTER_BOUND ( 'NONE', #4699, .T. ) ;
#6188 = ORIENTED_EDGE ( 'NONE', *, *, #8527, .F. ) ;
#6189 = DIRECTION ( 'NONE',  ( 0.2503272437887788526, 0.2503272437886413515, 0.9352392966691975840 ) ) ;
#6190 = CIRCLE ( 'NONE', #5551, 0.02952755905511811330 ) ;
#6191 = EDGE_CURVE ( 'NONE', #7133, #2738, #7845, .T. ) ;
#6192 = AXIS2_PLACEMENT_3D ( 'NONE', #5018, #9932, #4969 ) ;
#6193 = CYLINDRICAL_SURFACE ( 'NONE', #5590, 0.007874015748031516770 ) ;
#6194 = DIRECTION ( 'NONE',  ( 1.000000000000000000, -1.259585646868319844E-15, 1.320822031358179910E-15 ) ) ;
#6195 = LINE ( 'NONE', #7872, #9970 ) ;
#6196 = EDGE_LOOP ( 'NONE', ( #10157, #5978, #3296 ) ) ;
#6197 = ADVANCED_FACE ( 'NONE', ( #3200 ), #8679, .F. ) ;
#6198 = ADVANCED_FACE ( 'NONE', ( #9573 ), #7066, .T. ) ;
#6199 = VECTOR ( 'NONE', #4686, 39.37007874015748143 ) ;
#6200 = AXIS2_PLACEMENT_3D ( 'NONE', #7401, #124, #7303 ) ;
#6201 = VERTEX_POINT ( 'NONE', #7993 ) ;
#6202 = EDGE_LOOP ( 'NONE', ( #5236, #7086, #7900, #6589 ) ) ;
#6203 = EDGE_CURVE ( 'NONE', #7241, #2276, #6170, .T. ) ;
#6204 = DIRECTION ( 'NONE',  ( 0.9999999991463189852, 2.168419278344744722E-16, 4.132023649461184832E-05 ) ) ;
#6205 = CARTESIAN_POINT ( 'NONE',  ( -0.5157346918699158289, 0.4645669291338582196, -0.01970781430357135613 ) ) ;
#6206 = CIRCLE ( 'NONE', #1560, 0.04527559055118110520 ) ;
#6207 = DIRECTION ( 'NONE',  ( 4.857225732735061127E-14, -1.000000000000000000, 0.000000000000000000 ) ) ;
#6208 = AXIS2_PLACEMENT_3D ( 'NONE', #9135, #6779, #6049 ) ;
#6209 = DIRECTION ( 'NONE',  ( -2.010881770766654200E-15, -0.2585594446248203893, 0.9659953486406154255 ) ) ;
#6210 =( NAMED_UNIT ( * ) PLANE_ANGLE_UNIT ( ) SI_UNIT ( $, .RADIAN. ) );
#6211 = CARTESIAN_POINT ( 'NONE',  ( -0.4507820337960491974, 0.1240157480314862393, -0.3267716534323941158 ) ) ;
#6212 = EDGE_CURVE ( 'NONE', #900, #3035, #3075, .T. ) ;
#6213 = ORIENTED_EDGE ( 'NONE', *, *, #542, .F. ) ;
#6214 = ORIENTED_EDGE ( 'NONE', *, *, #1342, .T. ) ;
#6215 = VECTOR ( 'NONE', #6596, 39.37007874015748854 ) ;
#6216 = VECTOR ( 'NONE', #3071, 39.37007874015748143 ) ;
#6217 = CIRCLE ( 'NONE', #7512, 0.07086614131889686086 ) ;
#6218 = CARTESIAN_POINT ( 'NONE',  ( -0.1736087076179499700, 0.07283464566101865989, 2.756008457320229957E-10 ) ) ;
#6219 = VERTEX_POINT ( 'NONE', #10255 ) ;
#6220 = EDGE_LOOP ( 'NONE', ( #4590, #2572, #3018, #2466, #852 ) ) ;
#6221 = CARTESIAN_POINT ( 'NONE',  ( -0.05708124639447897247, -0.03819412916546149894, -0.3371885656384913665 ) ) ;
#6222 = PLANE ( 'NONE',  #9710 ) ;
#6223 = LINE ( 'NONE', #8413, #9289 ) ;
#6224 = LINE ( 'NONE', #2271, #2290 ) ;
#6225 = CARTESIAN_POINT ( 'NONE',  ( -0.5527505377330569347, 0.2480314960629948773, -0.3405511809914502086 ) ) ;
#6226 = DIRECTION ( 'NONE',  ( -1.000000000000000000, 0.000000000000000000, 0.000000000000000000 ) ) ;
#6227 = ADVANCED_FACE ( 'NONE', ( #2217 ), #857, .T. ) ;
#6228 = VERTEX_POINT ( 'NONE', #2323 ) ;
#6229 = AXIS2_PLACEMENT_3D ( 'NONE', #5010, #8197, #4236 ) ;
#6230 = ORIENTED_EDGE ( 'NONE', *, *, #7293, .T. ) ;
#6231 = CIRCLE ( 'NONE', #7904, 0.02952755905511810289 ) ;
#6232 = CARTESIAN_POINT ( 'NONE',  ( -0.5314827233659782380, 0.2585301837187601315, 2.755989334384274202E-10 ) ) ;
#6233 = ORIENTED_EDGE ( 'NONE', *, *, #8930, .F. ) ;
#6234 = LINE ( 'NONE', #2120, #1032 ) ;
#6235 = DIRECTION ( 'NONE',  ( 1.000000000000000000, 0.000000000000000000, -7.228014483236698528E-16 ) ) ;
#6236 = FACE_OUTER_BOUND ( 'NONE', #8586, .T. ) ;
#6237 = CARTESIAN_POINT ( 'NONE',  ( -0.5504970050101712919, 0.4862132411473908400, -0.01022447140119814128 ) ) ;
#6238 = CARTESIAN_POINT ( 'NONE',  ( -0.003680734523833816777, 0.4707233465163116470, -0.3425116816859345992 ) ) ;
#6239 = LINE ( 'NONE', #4584, #10216 ) ;
#6240 = ORIENTED_EDGE ( 'NONE', *, *, #9357, .F. ) ;
#6241 = ADVANCED_FACE ( 'NONE', ( #5394 ), #3106, .T. ) ;
#6242 = EDGE_LOOP ( 'NONE', ( #8039, #2327, #440, #8229, #5758, #6592 ) ) ;
#6243 = DIRECTION ( 'NONE',  ( 0.0008255066504738490943, 0.000000000000000000, -0.9999996592693269903 ) ) ;
#6244 = CARTESIAN_POINT ( 'NONE',  ( -0.5452702227724276485, 0.02165354330708068459, 0.01574803160697565291 ) ) ;
#6245 = EDGE_LOOP ( 'NONE', ( #1790, #1781, #10077, #1968 ) ) ;
#6246 = DIRECTION ( 'NONE',  ( -4.132023648018220161E-05, 0.000000000000000000, 0.9999999991463189852 ) ) ;
#6247 = DIRECTION ( 'NONE',  ( 1.448873012750489906E-13, -1.000000000000000000, -3.645972412869020137E-13 ) ) ;
#6248 = DIRECTION ( 'NONE',  ( 1.000000000000000000, 0.000000000000000000, 0.000000000000000000 ) ) ;
#6249 = CARTESIAN_POINT ( 'NONE',  ( -0.5137741597803057170, 0.01968503937007875723, -0.3405511809914502086 ) ) ;
#6250 = EDGE_LOOP ( 'NONE', ( #4189, #7074, #2775, #6151 ) ) ;
#6251 = ORIENTED_EDGE ( 'NONE', *, *, #6830, .T. ) ;
#6252 = EDGE_LOOP ( 'NONE', ( #9545, #1993, #4487, #5888 ) ) ;
#6253 = FACE_OUTER_BOUND ( 'NONE', #7225, .T. ) ;
#6254 = DIRECTION ( 'NONE',  ( 1.956239355474899994E-14, -2.220446049250560093E-16, -1.000000000000000000 ) ) ;
#6255 = EDGE_CURVE ( 'NONE', #2530, #5070, #6277, .T. ) ;
#6256 = ADVANCED_FACE ( 'NONE', ( #2272 ), #5447, .T. ) ;
#6257 = VECTOR ( 'NONE', #7361, 39.37007874015748143 ) ;
#6258 = CARTESIAN_POINT ( 'NONE',  ( -0.3641307453440660313, 0.01968503937007875723, -0.1161567783494549810 ) ) ;
#6259 = AXIS2_PLACEMENT_3D ( 'NONE', #10183, #4753, #7929 ) ;
#6260 = CARTESIAN_POINT ( 'NONE',  ( -0.003931640095258836544, 0.01968503937007875723, -0.3425196849284575795 ) ) ;
#6261 = DIRECTION ( 'NONE',  ( 0.9999999991463189852, 0.000000000000000000, 4.132023649128440475E-05 ) ) ;
#6262 = ORIENTED_EDGE ( 'NONE', *, *, #4798, .T. ) ;
#6263 = ORIENTED_EDGE ( 'NONE', *, *, #5139, .F. ) ;
#6264 = EDGE_CURVE ( 'NONE', #1884, #2663, #8632, .T. ) ;
#6265 =( BOUNDED_CURVE ( )  B_SPLINE_CURVE ( 3, ( #3440, #9811, #7896, #5595 ),
 .UNSPECIFIED., .F., .F. ) 
 B_SPLINE_CURVE_WITH_KNOTS ( ( 4, 4 ),
 ( 1.570796326794906994, 1.616331578363437327 ),
 .UNSPECIFIED. ) 
 CURVE ( )  GEOMETRIC_REPRESENTATION_ITEM ( )  RATIONAL_B_SPLINE_CURVE ( ( 1.000000000000000000, 0.9998272192025325911, 0.9998272192025325911, 1.000000000000000000 ) ) 
 REPRESENTATION_ITEM ( '' )  );
#6266 = EDGE_CURVE ( 'NONE', #166, #9167, #9475, .T. ) ;
#6267 = CIRCLE ( 'NONE', #4772, 0.01181102362204724046 ) ;
#6268 = VERTEX_POINT ( 'NONE', #3158 ) ;
#6269 = ADVANCED_FACE ( 'NONE', ( #6327 ), #9521, .T. ) ;
#6270 = EDGE_LOOP ( 'NONE', ( #10019, #9308, #8773, #7031, #1375, #8822, #5082 ) ) ;
#6271 = ORIENTED_EDGE ( 'NONE', *, *, #6203, .T. ) ;
#6272 = DIRECTION ( 'NONE',  ( 0.000000000000000000, 0.000000000000000000, 1.000000000000000000 ) ) ;
#6273 = ADVANCED_FACE ( 'NONE', ( #7946 ), #815, .T. ) ;
#6274 = CARTESIAN_POINT ( 'NONE',  ( -0.5531442385204589085, 0.2480314960629948773, 0.009696850504613734392 ) ) ;
#6275 = CARTESIAN_POINT ( 'NONE',  ( -0.05708124639447951371, -0.08706252216377378950, -0.3135386052317858940 ) ) ;
#6276 = DIRECTION ( 'NONE',  ( 1.000000000000000000, -9.634711363903441210E-15, 1.929231152724350329E-14 ) ) ;
#6277 = LINE ( 'NONE', #10202, #4897 ) ;
#6278 = DIRECTION ( 'NONE',  ( 0.0008255066504777960239, -1.018329434614814070E-19, -0.9999996592693269903 ) ) ;
#6279 = DIRECTION ( 'NONE',  ( 2.409338175133385091E-16, -1.000000000000000000, 0.000000000000000000 ) ) ;
#6280 = CIRCLE ( 'NONE', #9945, 0.02362204724409448092 ) ;
#6281 = ORIENTED_EDGE ( 'NONE', *, *, #9971, .T. ) ;
#6282 = ADVANCED_FACE ( 'NONE', ( #4961 ), #9767, .F. ) ;
#6283 = VERTEX_POINT ( 'NONE', #907 ) ;
#6284 =( GEOMETRIC_REPRESENTATION_CONTEXT ( 3 ) GLOBAL_UNCERTAINTY_ASSIGNED_CONTEXT ( ( #438 ) ) GLOBAL_UNIT_ASSIGNED_CONTEXT ( ( #7668, #4604, #1209 ) ) REPRESENTATION_CONTEXT ( 'NONE', 'WORKASPACE' ) );
#6285 = CIRCLE ( 'NONE', #10297, 0.1181102357165354499 ) ;
#6286 = EDGE_CURVE ( 'NONE', #2854, #6415, #8974, .T. ) ;
#6287 = DIRECTION ( 'NONE',  ( 8.466415384531759054E-16, -2.525497849326525195E-30, 1.000000000000000000 ) ) ;
#6288 = ORIENTED_EDGE ( 'NONE', *, *, #5697, .F. ) ;
#6289 = CARTESIAN_POINT ( 'NONE',  ( -0.4074749471818763791, -0.02604684405929586985, -0.3405511809914502086 ) ) ;
#6290 = CYLINDRICAL_SURFACE ( 'NONE', #352, 0.01181102362204724046 ) ;
#6291 = CARTESIAN_POINT ( 'NONE',  ( -0.1161363645047149701, -0.03819412915421638993, -0.3371885656452357494 ) ) ;
#6292 = DIRECTION ( 'NONE',  ( -0.7071067811865240360, -0.7071067811865709984, 0.000000000000000000 ) ) ;
#6293 = DIRECTION ( 'NONE',  ( 1.000000000000000000, 0.000000000000000000, 0.000000000000000000 ) ) ;
#6294 = CARTESIAN_POINT ( 'NONE',  ( -0.4084218461419527602, -0.1156854393858068875, -0.3287401573694007095 ) ) ;
#6295 = ORIENTED_EDGE ( 'NONE', *, *, #3791, .F. ) ;
#6296 = CONICAL_SURFACE ( 'NONE', #2303, 0.07943282768391143889, 0.6275131747209888866 ) ;
#6297 = ORIENTED_EDGE ( 'NONE', *, *, #2844, .T. ) ;
#6298 = ORIENTED_EDGE ( 'NONE', *, *, #411, .F. ) ;
#6299 = EDGE_CURVE ( 'NONE', #8751, #7786, #4286, .T. ) ;
#6300 = CARTESIAN_POINT ( 'NONE',  ( -0.04133053007778472732, 0.01968503937007875723, -0.1948835163783709801 ) ) ;
#6301 = DIRECTION ( 'NONE',  ( -1.836940358395769910E-16, 1.000000000000000000, -7.590281009303740970E-21 ) ) ;
#6302 = EDGE_LOOP ( 'NONE', ( #4352, #7176, #3931, #5923, #7799, #6044, #1136, #8389, #3825, #1906 ) ) ;
#6303 = AXIS2_PLACEMENT_3D ( 'NONE', #6353, #155, #3327 ) ;
#6304 = DIRECTION ( 'NONE',  ( 3.212450895097384685E-16, -1.000000000000000000, 0.000000000000000000 ) ) ;
#6305 = DIRECTION ( 'NONE',  ( 1.000000000000000000, -1.437166293563760232E-14, 0.000000000000000000 ) ) ;
#6306 = CARTESIAN_POINT ( 'NONE',  ( -0.1023488650982646714, 0.06102362203897264414, 2.756008557852236267E-10 ) ) ;
#6307 = CARTESIAN_POINT ( 'NONE',  ( -0.5314827233659782380, 0.01181102361377390705, -0.04724409421259004316 ) ) ;
#6308 = ORIENTED_EDGE ( 'NONE', *, *, #9095, .T. ) ;
#6309 = ORIENTED_EDGE ( 'NONE', *, *, #2690, .T. ) ;
#6310 = CARTESIAN_POINT ( 'NONE',  ( -2.731847993664263218E-16, 0.4645669291338582196, -0.01970781430357135613 ) ) ;
#6311 = CARTESIAN_POINT ( 'NONE',  ( -0.4074749471818761570, -0.1106761335620593534, 0.01338123933726566989 ) ) ;
#6312 = CYLINDRICAL_SURFACE ( 'NONE', #559, 0.02362204724409449133 ) ;
#6313 = CARTESIAN_POINT ( 'NONE',  ( 5.367778755658163867E-06, 0.4744094488188921321, -0.3287401573694378465 ) ) ;
#6314 = DIRECTION ( 'NONE',  ( -4.132023649128441152E-05, -7.221721796191270938E-17, 0.9999999991463190963 ) ) ;
#6315 = ORIENTED_EDGE ( 'NONE', *, *, #1095, .T. ) ;
#6316 = EDGE_LOOP ( 'NONE', ( #5250, #9901, #9452, #652, #1259 ) ) ;
#6317 = EDGE_CURVE ( 'NONE', #6479, #5766, #2407, .T. ) ;
#6318 = ORIENTED_EDGE ( 'NONE', *, *, #9010, .T. ) ;
#6319 = ORIENTED_EDGE ( 'NONE', *, *, #1527, .T. ) ;
#6320 = ORIENTED_EDGE ( 'NONE', *, *, #7128, .F. ) ;
#6321 = CARTESIAN_POINT ( 'NONE',  ( -0.5531442385204589085, 0.2342519685039185784, -0.3267716534323946709 ) ) ;
#6322 = FACE_OUTER_BOUND ( 'NONE', #977, .T. ) ;
#6323 = EDGE_CURVE ( 'NONE', #9681, #8342, #7069, .T. ) ;
#6324 = CYLINDRICAL_SURFACE ( 'NONE', #5615, 0.01968503937007873988 ) ;
#6325 = LINE ( 'NONE', #1543, #2457 ) ;
#6326 = VECTOR ( 'NONE', #2016, 39.37007874015748143 ) ;
#6327 = FACE_OUTER_BOUND ( 'NONE', #6418, .T. ) ;
#6328 = FACE_OUTER_BOUND ( 'NONE', #4353, .T. ) ;
#6329 = LINE ( 'NONE', #6522, #1719 ) ;
#6330 = VERTEX_POINT ( 'NONE', #7305 ) ;
#6331 = ADVANCED_FACE ( 'NONE', ( #6626 ), #8093, .T. ) ;
#6332 = EDGE_CURVE ( 'NONE', #1564, #1201, #6575, .T. ) ;
#6333 = ORIENTED_EDGE ( 'NONE', *, *, #8879, .F. ) ;
#6334 = CARTESIAN_POINT ( 'NONE',  ( -0.3503889014928980306, 0.09251968504941254778, -0.1161562105332166472 ) ) ;
#6335 = ORIENTED_EDGE ( 'NONE', *, *, #4408, .F. ) ;
#6336 = LINE ( 'NONE', #8002, #4366 ) ;
#6337 = DIRECTION ( 'NONE',  ( 4.132023648018220161E-05, 0.000000000000000000, -0.9999999991463189852 ) ) ;
#6338 = EDGE_CURVE ( 'NONE', #8970, #10324, #6053, .T. ) ;
#6339 = CYLINDRICAL_SURFACE ( 'NONE', #9278, 0.04527559055118110520 ) ;
#6340 = CARTESIAN_POINT ( 'NONE',  ( -0.5621725075451601272, 0.4938482198614890795, -0.01168647875501903875 ) ) ;
#6341 = DIRECTION ( 'NONE',  ( 1.000000000000000000, 0.000000000000000000, 0.000000000000000000 ) ) ;
#6342 = DIRECTION ( 'NONE',  ( 1.000000000000000000, 7.228014483236695569E-16, 1.084202172485504237E-15 ) ) ;
#6343 = ORIENTED_EDGE ( 'NONE', *, *, #2462, .F. ) ;
#6344 = EDGE_CURVE ( 'NONE', #216, #3487, #8250, .T. ) ;
#6345 = ORIENTED_EDGE ( 'NONE', *, *, #5869, .F. ) ;
#6346 = CARTESIAN_POINT ( 'NONE',  ( -0.4665300652921126612, -0.1082677165354328924, 0.01258466267188016428 ) ) ;
#6347 = FACE_OUTER_BOUND ( 'NONE', #6955, .T. ) ;
#6348 = AXIS2_PLACEMENT_3D ( 'NONE', #5071, #5127, #8409 ) ;
#6349 = VERTEX_POINT ( 'NONE', #1110 ) ;
#6350 = FACE_OUTER_BOUND ( 'NONE', #3712, .T. ) ;
#6351 = CARTESIAN_POINT ( 'NONE',  ( -0.5531442385204589085, 0.2342519685039054778, 1.109127553579697145E-10 ) ) ;
#6352 = CARTESIAN_POINT ( 'NONE',  ( -0.4665300652921126612, -0.02604684404438216416, -0.3287401573694007095 ) ) ;
#6353 = CARTESIAN_POINT ( 'NONE',  ( -0.01377415978030012769, 0.4862204724409451839, -0.3405511809914496535 ) ) ;
#6354 = VERTEX_POINT ( 'NONE', #7403 ) ;
#6355 = EDGE_CURVE ( 'NONE', #5663, #9701, #3560, .T. ) ;
#6356 = EDGE_CURVE ( 'NONE', #3933, #6439, #4068, .T. ) ;
#6357 = EDGE_LOOP ( 'NONE', ( #1476, #4607, #193, #3100, #2224, #9395, #1535, #3205 ) ) ;
#6358 = LINE ( 'NONE', #9456, #4428 ) ;
#6359 = CARTESIAN_POINT ( 'NONE',  ( -0.4084218461458216098, -0.1156854394007140324, 0.01377952766995788753 ) ) ;
#6360 = DIRECTION ( 'NONE',  ( -0.0002428054473928034044, -0.9999999415021886273, 0.0002409172758464769241 ) ) ;
#6361 = DIRECTION ( 'NONE',  ( 0.000000000000000000, 0.000000000000000000, 1.000000000000000000 ) ) ;
#6362 = AXIS2_PLACEMENT_3D ( 'NONE', #8744, #9738, #9640 ) ;
#6363 = AXIS2_PLACEMENT_3D ( 'NONE', #811, #4565, #7842 ) ;
#6364 = ORIENTED_EDGE ( 'NONE', *, *, #5126, .T. ) ;
#6365 = AXIS2_PLACEMENT_3D ( 'NONE', #1944, #1160, #2773 ) ;
#6366 = ORIENTED_EDGE ( 'NONE', *, *, #1985, .T. ) ;
#6367 = DIRECTION ( 'NONE',  ( -0.9999999991463189852, 0.000000000000000000, -4.132023648018220161E-05 ) ) ;
#6368 = DIRECTION ( 'NONE',  ( -1.000000000000000000, 0.000000000000000000, 6.245969335281450904E-16 ) ) ;
#6369 = LINE ( 'NONE', #3104, #4278 ) ;
#6370 = DIRECTION ( 'NONE',  ( 0.000000000000000000, 1.000000000000000000, 3.937811493333050195E-13 ) ) ;
#6371 = DIRECTION ( 'NONE',  ( 0.9999999991463189852, 0.000000000000000000, 4.132023647999849710E-05 ) ) ;
#6372 = CARTESIAN_POINT ( 'NONE',  ( -0.4665300652921126612, -0.06074340426196388198, -0.003103332212128194229 ) ) ;
#6373 = CARTESIAN_POINT ( 'NONE',  ( -0.5196850389264348058, 0.2933070866141731514, -2.147350872248166400E-05 ) ) ;
#6374 = EDGE_LOOP ( 'NONE', ( #8231, #1337, #4421, #3840, #5321, #587, #8453, #6262, #9633, #8175 ) ) ;
#6375 = VECTOR ( 'NONE', #6243, 39.37007874015748143 ) ;
#6376 = CIRCLE ( 'NONE', #1882, 0.03149606299212598381 ) ;
#6377 = VECTOR ( 'NONE', #3917, 39.37007874015748143 ) ;
#6378 = ORIENTED_EDGE ( 'NONE', *, *, #501, .F. ) ;
#6379 = ADVANCED_FACE ( 'NONE', ( #75 ), #4136, .F. ) ;
#6380 = CARTESIAN_POINT ( 'NONE',  ( -0.4114119550558916760, 0.1240157480314905969, -0.3543307085505046361 ) ) ;
#6381 = ORIENTED_EDGE ( 'NONE', *, *, #8243, .F. ) ;
#6382 = CARTESIAN_POINT ( 'NONE',  ( 1.316259581591637333E-05, 0.4813789649350067035, -0.3185508343197156478 ) ) ;
#6383 = DIRECTION ( 'NONE',  ( -0.7071067811865240360, -0.7071067811865709984, 0.000000000000000000 ) ) ;
#6384 = DIRECTION ( 'NONE',  ( 1.915423838057725026E-14, -3.252606517456514564E-14, -1.000000000000000000 ) ) ;
#6385 = AXIS2_PLACEMENT_3D ( 'NONE', #8471, #9256, #7575 ) ;
#6386 = DIRECTION ( 'NONE',  ( 0.000000000000000000, 1.000000000000000000, -3.550762114890027810E-15 ) ) ;
#6387 = EDGE_CURVE ( 'NONE', #7913, #2081, #9889, .T. ) ;
#6388 = CARTESIAN_POINT ( 'NONE',  ( -0.5118089083698680319, 0.02755905513139873461, -0.05317075440973221406 ) ) ;
#6389 = ADVANCED_FACE ( 'NONE', ( #9624 ), #6422, .T. ) ;
#6390 = CARTESIAN_POINT ( 'NONE',  ( -0.5236198506421947396, 0.000000000000000000, -0.05317124244066077227 ) ) ;
#6391 = ORIENTED_EDGE ( 'NONE', *, *, #8570, .F. ) ;
#6392 = ORIENTED_EDGE ( 'NONE', *, *, #7337, .F. ) ;
#6393 = ADVANCED_FACE ( 'NONE', ( #2471, #5647 ), #8829, .T. ) ;
#6394 = ORIENTED_EDGE ( 'NONE', *, *, #9409, .F. ) ;
#6395 = EDGE_CURVE ( 'NONE', #178, #1283, #4084, .T. ) ;
#6396 = AXIS2_PLACEMENT_3D ( 'NONE', #10123, #5470, #3077 ) ;
#6397 = CARTESIAN_POINT ( 'NONE',  ( -0.03541973123199015916, 0.000000000000000000, -0.3228361094965607747 ) ) ;
#6398 = DIRECTION ( 'NONE',  ( 1.000000000000000000, 1.559414442564740059E-16, -1.110223024625159992E-16 ) ) ;
#6399 = ORIENTED_EDGE ( 'NONE', *, *, #2065, .F. ) ;
#6400 = LINE ( 'NONE', #8752, #3690 ) ;
#6401 = EDGE_CURVE ( 'NONE', #8476, #6017, #9048, .T. ) ;
#6402 = CYLINDRICAL_SURFACE ( 'NONE', #7105, 0.04527559055118110520 ) ;
#6403 = DIRECTION ( 'NONE',  ( 0.000000000000000000, 0.000000000000000000, 1.000000000000000000 ) ) ;
#6404 = LINE ( 'NONE', #3863, #8132 ) ;
#6405 = ORIENTED_EDGE ( 'NONE', *, *, #3045, .F. ) ;
#6406 = VECTOR ( 'NONE', #3226, 39.37007874015748143 ) ;
#6407 = ORIENTED_EDGE ( 'NONE', *, *, #1527, .F. ) ;
#6408 = DIRECTION ( 'NONE',  ( -7.199976768876063808E-15, -0.5142350747832241664, -0.8576492802204710442 ) ) ;
#6409 = EDGE_CURVE ( 'NONE', #7394, #4813, #6675, .T. ) ;
#6410 = DIRECTION ( 'NONE',  ( 2.220446049250339705E-16, 1.421085471520200056E-14, -1.000000000000000000 ) ) ;
#6411 = CARTESIAN_POINT ( 'NONE',  ( -0.4077711327369415995, -0.1131782253818543332, 0.01377952766995787885 ) ) ;
#6412 = LINE ( 'NONE', #4805, #8038 ) ;
#6413 = DIRECTION ( 'NONE',  ( 1.000000000000000000, 5.158789017058210023E-16, 1.719596339019399890E-16 ) ) ;
#6414 = B_SPLINE_CURVE_WITH_KNOTS ( 'NONE', 3,
 ( #3141, #6311, #6411, #6359 ),
 .UNSPECIFIED., .F., .F.,
 ( 4, 4 ),
 ( 0.000000000000000000, 1.000000000000000000 ),
 .UNSPECIFIED. ) ;
#6415 = VERTEX_POINT ( 'NONE', #2876 ) ;
#6416 = VECTOR ( 'NONE', #10198, 39.37007874015748854 ) ;
#6417 = VECTOR ( 'NONE', #5258, 39.37007874015748143 ) ;
#6418 = EDGE_LOOP ( 'NONE', ( #9044, #9825, #2392, #3391 ) ) ;
#6419 = CARTESIAN_POINT ( 'NONE',  ( -0.5492072306464430564, 0.4862204724409451839, -0.1633858266607408349 ) ) ;
#6420 = PLANE ( 'NONE',  #9868 ) ;
#6421 = CARTESIAN_POINT ( 'NONE',  ( -0.1161363645047152615, -0.06074340425994886883, -0.3236683210765283758 ) ) ;
#6422 = CYLINDRICAL_SURFACE ( 'NONE', #6229, 0.03149606299212599769 ) ;
#6423 = DIRECTION ( 'NONE',  ( -0.0008255066505194081370, 1.018329434665144036E-19, 0.9999996592693269903 ) ) ;
#6424 = LINE ( 'NONE', #8781, #3893 ) ;
#6425 = VERTEX_POINT ( 'NONE', #2932 ) ;
#6426 = ORIENTED_EDGE ( 'NONE', *, *, #9973, .F. ) ;
#6427 = CIRCLE ( 'NONE', #6939, 0.02952755905511811330 ) ;
#6428 = VERTEX_POINT ( 'NONE', #8350 ) ;
#6429 = LINE ( 'NONE', #5747, #6576 ) ;
#6430 = ORIENTED_EDGE ( 'NONE', *, *, #9978, .T. ) ;
#6431 = CARTESIAN_POINT ( 'NONE',  ( -0.5527505377330569347, 0.2480314960629948773, 0.001968504047920685909 ) ) ;
#6432 = AXIS2_PLACEMENT_3D ( 'NONE', #284, #4344, #6638 ) ;
#6433 = DIRECTION ( 'NONE',  ( -1.000000000000000000, 9.634711363903441210E-15, -1.929231152724350329E-14 ) ) ;
#6434 = CIRCLE ( 'NONE', #5277, 0.01968503937007875723 ) ;
#6435 = DIRECTION ( 'NONE',  ( 0.000000000000000000, 1.000000000000000000, -2.220446049351462798E-16 ) ) ;
#6436 = DIRECTION ( 'NONE',  ( -1.000000000000000000, 0.000000000000000000, 0.000000000000000000 ) ) ;
#6437 = CARTESIAN_POINT ( 'NONE',  ( -0.04723872670943467245, 0.03149606299212852345, 0.01574803160697565291 ) ) ;
#6438 = CARTESIAN_POINT ( 'NONE',  ( -0.1496015814385955323, 0.01377952755905360177, -0.1161479139536627792 ) ) ;
#6439 = VERTEX_POINT ( 'NONE', #1371 ) ;
#6440 = VECTOR ( 'NONE', #9672, 39.37007874015748143 ) ;
#6441 = VECTOR ( 'NONE', #473, 39.37007874015748143 ) ;
#6442 = ORIENTED_EDGE ( 'NONE', *, *, #4759, .T. ) ;
#6444 = VERTEX_POINT ( 'NONE', #2722 ) ;
#6443 = EDGE_CURVE ( 'NONE', #8540, #9556, #9080, .T. ) ;
#6445 = CARTESIAN_POINT ( 'NONE',  ( -2.731847993664263218E-16, 0.2755905511811020947, -0.2155511812863740995 ) ) ;
#6446 = FACE_OUTER_BOUND ( 'NONE', #3517, .T. ) ;
#6447 = EDGE_LOOP ( 'NONE', ( #7208, #9145, #5415, #3340 ) ) ;
#6448 = CARTESIAN_POINT ( 'NONE',  ( -0.03543307083589326834, 0.01377952755905360177, -1.464102867541271429E-06 ) ) ;
#6449 = CYLINDRICAL_SURFACE ( 'NONE', #8771, 0.08562992125984250635 ) ;
#6450 = CIRCLE ( 'NONE', #7618, 0.01181102362204724567 ) ;
#6451 = DIRECTION ( 'NONE',  ( -1.000000000000000000, -6.123638448986479919E-17, 6.245969335281450904E-16 ) ) ;
#6452 = DIRECTION ( 'NONE',  ( -1.000000000000000000, 1.259585646868319844E-15, 0.000000000000000000 ) ) ;
#6453 = EDGE_CURVE ( 'NONE', #10217, #3842, #487, .T. ) ;
#6454 = VERTEX_POINT ( 'NONE', #1211 ) ;
#6455 = ORIENTED_EDGE ( 'NONE', *, *, #2062, .F. ) ;
#6456 = VECTOR ( 'NONE', #6658, 39.37007874015748854 ) ;
#6457 = EDGE_CURVE ( 'NONE', #2291, #8970, #9245, .T. ) ;
#6458 = DIRECTION ( 'NONE',  ( -0.9999999991463189852, 0.000000000000000000, -4.132023648018220161E-05 ) ) ;
#6459 = CARTESIAN_POINT ( 'NONE',  ( -0.5545449476471857597, 0.4980314960629922960, -0.3165430069310061212 ) ) ;
#6460 = LINE ( 'NONE', #9663, #2884 ) ;
#6461 = DIRECTION ( 'NONE',  ( 1.000000000000000000, -1.241154504388520031E-14, 0.000000000000000000 ) ) ;
#6462 = EDGE_CURVE ( 'NONE', #8258, #9859, #10239, .T. ) ;
#6463 = EDGE_CURVE ( 'NONE', #8167, #7879, #2555, .T. ) ;
#6464 = EDGE_LOOP ( 'NONE', ( #5942, #3445, #9087, #8746 ) ) ;
#6465 = EDGE_LOOP ( 'NONE', ( #9028, #543, #2366, #7828, #6394, #6839 ) ) ;
#6466 = DIRECTION ( 'NONE',  ( -1.836940358395789878E-16, 1.000000000000000000, -7.590281007370150941E-21 ) ) ;
#6467 = FACE_OUTER_BOUND ( 'NONE', #9140, .T. ) ;
#6468 = CARTESIAN_POINT ( 'NONE',  ( -0.4507820337960491974, 0.1622047244094487750, -0.3287401573694028745 ) ) ;
#6469 = DIRECTION ( 'NONE',  ( -1.000000000000000000, -9.330975614940841759E-16, 5.551115123125779621E-17 ) ) ;
#6470 = DIRECTION ( 'NONE',  ( -1.956239355474899994E-14, 2.220446049250560093E-16, 1.000000000000000000 ) ) ;
#6471 = LINE ( 'NONE', #8732, #9030 ) ;
#6472 = VERTEX_POINT ( 'NONE', #5220 ) ;
#6473 = VECTOR ( 'NONE', #8604, 39.37007874015748143 ) ;
#6474 = EDGE_CURVE ( 'NONE', #8761, #1884, #3910, .T. ) ;
#6475 = EDGE_CURVE ( 'NONE', #7634, #9400, #241, .T. ) ;
#6476 = VERTEX_POINT ( 'NONE', #377 ) ;
#6477 = EDGE_CURVE ( 'NONE', #7687, #5355, #9137, .T. ) ;
#6478 = CARTESIAN_POINT ( 'NONE',  ( -0.3759788841897500622, 0.2342519685039251565, -0.3425196849284575795 ) ) ;
#6479 = VERTEX_POINT ( 'NONE', #5994 ) ;
#6480 = LINE ( 'NONE', #7958, #5688 ) ;
#6481 = AXIS2_PLACEMENT_3D ( 'NONE', #457, #3632, #3797 ) ;
#6482 = CARTESIAN_POINT ( 'NONE',  ( -0.01377415978030012769, 0.4862204724409451839, -0.3248031494954345400 ) ) ;
#6483 = FACE_OUTER_BOUND ( 'NONE', #9089, .T. ) ;
#6484 = DIRECTION ( 'NONE',  ( -1.098777426433149983E-15, 2.220446049250329844E-16, 1.000000000000000000 ) ) ;
#6485 = CARTESIAN_POINT ( 'NONE',  ( -0.3956639235598288229, 0.1149606299212581617, -0.3287401573694028745 ) ) ;
#6486 = DIRECTION ( 'NONE',  ( 0.000000000000000000, 0.000000000000000000, -1.000000000000000000 ) ) ;
#6487 = ORIENTED_EDGE ( 'NONE', *, *, #944, .T. ) ;
#6488 = VERTEX_POINT ( 'NONE', #1323 ) ;
#6489 = EDGE_LOOP ( 'NONE', ( #9591, #5083, #7625, #3379 ) ) ;
#6490 = CARTESIAN_POINT ( 'NONE',  ( -0.4035379393078605825, 0.1149606299212581617, -0.3287401573694028745 ) ) ;
#6491 = DIRECTION ( 'NONE',  ( -0.9999996298403813766, 0.0002426064928955201086, -0.0008255066261800507845 ) ) ;
#6492 = ORIENTED_EDGE ( 'NONE', *, *, #9065, .T. ) ;
#6493 = CARTESIAN_POINT ( 'NONE',  ( -0.5137741597803013871, -0.02604684404438653567, -0.3287401573694050949 ) ) ;
#6494 = PLANE ( 'NONE',  #3953 ) ;
#6495 = AXIS2_PLACEMENT_3D ( 'NONE', #5799, #4245, #7266 ) ;
#6496 = PLANE ( 'NONE',  #5047 ) ;
#6497 = LINE ( 'NONE', #8075, #6788 ) ;
#6498 = ORIENTED_EDGE ( 'NONE', *, *, #4617, .T. ) ;
#6499 = ADVANCED_BREP_SHAPE_REPRESENTATION ( 'CUI_DEVICES_SJ1-3533NS', ( #9158, #6631 ), #830 ) ;
#6500 = VERTEX_POINT ( 'NONE', #4494 ) ;
#6501 = VECTOR ( 'NONE', #6555, 39.37007874015748143 ) ;
#6502 = EDGE_CURVE ( 'NONE', #5431, #3599, #4733, .T. ) ;
#6503 = CARTESIAN_POINT ( 'NONE',  ( 0.01181639140080324030, 0.01968503937007875723, -0.3543307085505032483 ) ) ;
#6504 = CARTESIAN_POINT ( 'NONE',  ( -0.01377415978029958125, 0.4862204724409451839, -0.009842519574120887210 ) ) ;
#6505 = FACE_OUTER_BOUND ( 'NONE', #1397, .T. ) ;
#6506 = CARTESIAN_POINT ( 'NONE',  ( -0.4665300652921126612, -0.1156854393858063462, -0.009842519574123072962 ) ) ;
#6507 = ADVANCED_FACE ( 'NONE', ( #6729 ), #2771, .T. ) ;
#6508 = VECTOR ( 'NONE', #470, 39.37007874015748143 ) ;
#6509 = EDGE_CURVE ( 'NONE', #3194, #5111, #430, .T. ) ;
#6510 = ORIENTED_EDGE ( 'NONE', *, *, #8700, .F. ) ;
#6511 = ORIENTED_EDGE ( 'NONE', *, *, #7028, .T. ) ;
#6512 = EDGE_CURVE ( 'NONE', #6577, #1818, #3606, .T. ) ;
#6513 = EDGE_LOOP ( 'NONE', ( #6610, #9972 ) ) ;
#6514 = DIRECTION ( 'NONE',  ( 4.132023649070880181E-05, 0.000000000000000000, -0.9999999991463189852 ) ) ;
#6515 = CARTESIAN_POINT ( 'NONE',  ( -0.5531442385204589085, 0.4980314960629916299, -0.3165430069310061212 ) ) ;
#6516 = ADVANCED_FACE ( 'NONE', ( #3657 ), #6835, .T. ) ;
#6517 = CIRCLE ( 'NONE', #4368, 0.01181102362204724567 ) ;
#6518 = LINE ( 'NONE', #9351, #958 ) ;
#6519 = CIRCLE ( 'NONE', #3695, 0.01181102362204724046 ) ;
#6520 = DIRECTION ( 'NONE',  ( 6.664964947938540035E-17, 1.000000000000000000, 0.000000000000000000 ) ) ;
#6521 = DIRECTION ( 'NONE',  ( -1.578983857244669950E-15, 0.000000000000000000, 1.000000000000000000 ) ) ;
#6522 = CARTESIAN_POINT ( 'NONE',  ( -0.5527505377330569347, 0.4822834645669287768, 0.001968504047920685909 ) ) ;
#6523 = EDGE_LOOP ( 'NONE', ( #342, #8772, #4723, #10009, #7106, #9577, #2842, #1079 ) ) ;
#6524 = ORIENTED_EDGE ( 'NONE', *, *, #5557, .F. ) ;
#6525 = CIRCLE ( 'NONE', #5538, 0.01181102362204724046 ) ;
#6526 = VECTOR ( 'NONE', #8676, 39.37007874015748854 ) ;
#6527 = PLANE ( 'NONE',  #30 ) ;
#6528 = EDGE_LOOP ( 'NONE', ( #6546, #1134, #7463, #5269, #8542 ) ) ;
#6529 = CARTESIAN_POINT ( 'NONE',  ( -0.4507820337960491974, 0.1622047244094487750, -0.3405511809914499310 ) ) ;
#6530 = DIRECTION ( 'NONE',  ( -8.431192517898690107E-32, -1.000000000000000000, -9.958396954279598582E-17 ) ) ;
#6531 = EDGE_CURVE ( 'NONE', #5278, #9806, #1078, .T. ) ;
#6532 = CYLINDRICAL_SURFACE ( 'NONE', #5102, 0.01181102362204724567 ) ;
#6533 = CARTESIAN_POINT ( 'NONE',  ( 5.368377182501111204E-06, 0.2755905511811045372, -0.1299212597316084794 ) ) ;
#6534 = DIRECTION ( 'NONE',  ( 0.000000000000000000, 0.000000000000000000, 1.000000000000000000 ) ) ;
#6535 = DIRECTION ( 'NONE',  ( -2.220446049248289653E-16, 3.191150218656369683E-30, 1.000000000000000000 ) ) ;
#6536 = AXIS2_PLACEMENT_3D ( 'NONE', #5618, #7084, #8801 ) ;
#6537 = EDGE_LOOP ( 'NONE', ( #8214, #1031, #6910, #9929 ) ) ;
#6538 = VECTOR ( 'NONE', #9977, 39.37007874015748143 ) ;
#6539 = APPLICATION_CONTEXT ( 'automotive_design' ) ;
#6540 = ORIENTED_EDGE ( 'NONE', *, *, #7989, .F. ) ;
#6541 = VERTEX_POINT ( 'NONE', #6158 ) ;
#6542 = AXIS2_PLACEMENT_3D ( 'NONE', #7270, #1846, #237 ) ;
#6543 = CARTESIAN_POINT ( 'NONE',  ( -0.2893704038594585026, 0.4074803149549243719, -0.01379148440586050114 ) ) ;
#6544 = ORIENTED_EDGE ( 'NONE', *, *, #4294, .F. ) ;
#6545 = CARTESIAN_POINT ( 'NONE',  ( -0.3169157942321246813, 0.4527559055035402791, 2.755994697548255546E-10 ) ) ;
#6546 = ORIENTED_EDGE ( 'NONE', *, *, #2620, .T. ) ;
#6547 = PLANE ( 'NONE',  #328 ) ;
#6548 = CARTESIAN_POINT ( 'NONE',  ( -0.4665300652921126612, -0.08098887951825713138, -0.3236683211365588564 ) ) ;
#6549 = DIRECTION ( 'NONE',  ( 1.000000000000000000, 2.669637467189900051E-16, 5.551115123125779621E-17 ) ) ;
#6550 = DIRECTION ( 'NONE',  ( 0.9999999883235000109, 0.0001528168824495284976, 0.000000000000000000 ) ) ;
#6551 = VERTEX_POINT ( 'NONE', #5485 ) ;
#6552 = EDGE_CURVE ( 'NONE', #5663, #2994, #2248, .T. ) ;
#6553 = AXIS2_PLACEMENT_3D ( 'NONE', #3450, #9025, #5839 ) ;
#6554 = ORIENTED_EDGE ( 'NONE', *, *, #471, .F. ) ;
#6555 = DIRECTION ( 'NONE',  ( 1.000000000000000000, -1.437166293563720158E-14, 2.220446049248289653E-16 ) ) ;
#6556 = AXIS2_PLACEMENT_3D ( 'NONE', #2152, #7670, #7563 ) ;
#6557 = CARTESIAN_POINT ( 'NONE',  ( -0.4975276919558053734, 0.01968503937007875723, -0.3405511809914499310 ) ) ;
#6558 = DIRECTION ( 'NONE',  ( 0.000000000000000000, 0.000000000000000000, 1.000000000000000000 ) ) ;
#6559 = CARTESIAN_POINT ( 'NONE',  ( -0.01377415978029958125, 0.4980314960629916299, -0.3169291337473610359 ) ) ;
#6560 = CARTESIAN_POINT ( 'NONE',  ( -0.4665300652921126612, -0.03819412916545275594, -0.3371885656384935315 ) ) ;
#6561 = EDGE_LOOP ( 'NONE', ( #7372, #8366, #9864, #9101 ) ) ;
#6562 = EDGE_CURVE ( 'NONE', #3210, #4178, #10188, .T. ) ;
#6563 = EDGE_CURVE ( 'NONE', #1637, #8272, #4240, .T. ) ;
#6564 = ORIENTED_EDGE ( 'NONE', *, *, #1463, .F. ) ;
#6565 = CARTESIAN_POINT ( 'NONE',  ( -0.003931640095259656201, 0.4704724409448823308, -0.3425196849284575795 ) ) ;
#6566 = DIRECTION ( 'NONE',  ( -2.439775995528935424E-31, -1.000000000000000000, 2.220446049250329844E-16 ) ) ;
#6567 = CARTESIAN_POINT ( 'NONE',  ( 2.442458517535101301E-06, 0.3612204724567981695, -0.1299212598112989281 ) ) ;
#6568 = CARTESIAN_POINT ( 'NONE',  ( -0.4468450259220339005, 0.1476377952755860423, 0.02755905522902296276 ) ) ;
#6569 = CARTESIAN_POINT ( 'NONE',  ( -0.3956639235598342630, 0.007874015748028716927, -0.3287401573694004320 ) ) ;
#6570 = EDGE_CURVE ( 'NONE', #5318, #8525, #7101, .T. ) ;
#6571 = CARTESIAN_POINT ( 'NONE',  ( -0.5531442385204589085, 0.4862204724409451839, -0.01022864639048097837 ) ) ;
#6572 = ORIENTED_EDGE ( 'NONE', *, *, #8768, .F. ) ;
#6573 = EDGE_CURVE ( 'NONE', #6880, #3561, #10293, .T. ) ;
#6574 = VECTOR ( 'NONE', #1331, 39.37007874015748143 ) ;
#6575 = B_SPLINE_CURVE_WITH_KNOTS ( 'NONE', 3,
 ( #5065, #1059, #2614, #1004 ),
 .UNSPECIFIED., .F., .F.,
 ( 4, 4 ),
 ( 0.000000000000000000, 1.000000000000000000 ),
 .UNSPECIFIED. ) ;
#6576 = VECTOR ( 'NONE', #965, 39.37007874015748854 ) ;
#6577 = VERTEX_POINT ( 'NONE', #4605 ) ;
#6578 = EDGE_CURVE ( 'NONE', #8020, #7674, #7567, .T. ) ;
#6579 = DIRECTION ( 'NONE',  ( 4.078893220340669608E-32, -2.220446049250309876E-16, -1.000000000000000000 ) ) ;
#6580 = ORIENTED_EDGE ( 'NONE', *, *, #2830, .F. ) ;
#6581 = CARTESIAN_POINT ( 'NONE',  ( -0.4665300652921126612, -0.1035381541744148370, 0.01041691224497195284 ) ) ;
#6582 = CARTESIAN_POINT ( 'NONE',  ( -0.4114119550558916760, 0.2342519685039251565, 0.02755905522902296276 ) ) ;
#6583 = CARTESIAN_POINT ( 'NONE',  ( -0.5531442385204589085, 0.2696028754787344606, 0.001968504047920685909 ) ) ;
#6584 = DIRECTION ( 'NONE',  ( -1.259585646868319844E-15, -1.000000000000000000, 2.220446049250309876E-16 ) ) ;
#6585 = DIRECTION ( 'NONE',  ( 4.132023650217160382E-05, 2.554558543390499525E-16, -0.9999999991463189852 ) ) ;
#6586 = VECTOR ( 'NONE', #372, 39.37007874015748854 ) ;
#6587 = LINE ( 'NONE', #9787, #9193 ) ;
#6588 = AXIS2_PLACEMENT_3D ( 'NONE', #6716, #361, #5982 ) ;
#6589 = ORIENTED_EDGE ( 'NONE', *, *, #3546, .F. ) ;
#6590 = EDGE_CURVE ( 'NONE', #6069, #1587, #5887, .T. ) ;
#6592 = ORIENTED_EDGE ( 'NONE', *, *, #1934, .F. ) ;
#6591 = ADVANCED_FACE ( 'NONE', ( #1485 ), #6999, .T. ) ;
#6593 = ORIENTED_EDGE ( 'NONE', *, *, #5185, .T. ) ;
#6594 = VECTOR ( 'NONE', #4659, 39.37007874015748143 ) ;
#6595 = VECTOR ( 'NONE', #6975, 39.37007874015748854 ) ;
#6596 = DIRECTION ( 'NONE',  ( 0.9999999991463189852, -1.233581138511403903E-16, 4.132023649259089547E-05 ) ) ;
#6597 = VERTEX_POINT ( 'NONE', #2202 ) ;
#6598 = DIRECTION ( 'NONE',  ( -2.982960006829620341E-15, -1.000000000000000000, 0.000000000000000000 ) ) ;
#6599 = EDGE_LOOP ( 'NONE', ( #2172, #5479, #8129, #1191 ) ) ;
#6600 = CARTESIAN_POINT ( 'NONE',  ( -0.4665300652921126612, -0.1156854394007200554, -0.009842519574136458088 ) ) ;
#6601 = CARTESIAN_POINT ( 'NONE',  ( -0.2795195062627247595, 0.01968503937007875723, -0.1948934397405789332 ) ) ;
#6602 = CARTESIAN_POINT ( 'NONE',  ( -0.5530744232133814053, 0.4831297213261519508, -0.007676675701529434362 ) ) ;
#6603 = CARTESIAN_POINT ( 'NONE',  ( -2.542661087644160865E-16, 0.2047244098622048314, -0.1299212597316068418 ) ) ;
#6604 = CARTESIAN_POINT ( 'NONE',  ( -0.5512615145522553606, 0.4856548995190340112, -0.3168898133495803293 ) ) ;
#6605 = VERTEX_POINT ( 'NONE', #4550 ) ;
#6606 = AXIS2_PLACEMENT_3D ( 'NONE', #9422, #3000, #9201 ) ;
#6607 = AXIS2_PLACEMENT_3D ( 'NONE', #5961, #2003, #5132 ) ;
#6608 = EDGE_CURVE ( 'NONE', #7044, #9806, #7052, .T. ) ;
#6609 = ORIENTED_EDGE ( 'NONE', *, *, #95, .T. ) ;
#6610 = ORIENTED_EDGE ( 'NONE', *, *, #10289, .T. ) ;
#6611 = VECTOR ( 'NONE', #1541, 39.37007874015748143 ) ;
#6612 = CARTESIAN_POINT ( 'NONE',  ( -0.1151894655407741386, -0.1156854394007156839, -0.3405511809914389953 ) ) ;
#6613 = CIRCLE ( 'NONE', #8115, 0.03149606299212599769 ) ;
#6614 = DIRECTION ( 'NONE',  ( -4.132023654508545067E-05, -2.574980159721760136E-16, 0.9999999991463189852 ) ) ;
#6615 = CYLINDRICAL_SURFACE ( 'NONE', #4383, 0.02362204724409448092 ) ;
#6616 = CARTESIAN_POINT ( 'NONE',  ( -0.4586560495440809571, 0.4685861009001065502, 0.01377952766996799576 ) ) ;
#6617 = FACE_OUTER_BOUND ( 'NONE', #2585, .T. ) ;
#6618 = ORIENTED_EDGE ( 'NONE', *, *, #5897, .T. ) ;
#6619 = VECTOR ( 'NONE', #2760, 39.37007874015748143 ) ;
#6620 = EDGE_LOOP ( 'NONE', ( #610, #4151 ) ) ;
#6621 = VERTEX_POINT ( 'NONE', #7726 ) ;
#6622 = CARTESIAN_POINT ( 'NONE',  ( 5.368377182555149365E-06, 0.1915354334842512829, -0.1299212597316068418 ) ) ;
#6623 = VECTOR ( 'NONE', #4820, 39.37007874015748143 ) ;
#6624 = CARTESIAN_POINT ( 'NONE',  ( -0.4270405767649864681, 0.1279527559055029240, 0.01574803160697565291 ) ) ;
#6625 = CARTESIAN_POINT ( 'NONE',  ( -0.3523732407569762359, -0.1003931781935230028, -0.08660930883146823744 ) ) ;
#6626 = FACE_OUTER_BOUND ( 'NONE', #2104, .T. ) ;
#6627 = FACE_OUTER_BOUND ( 'NONE', #2969, .T. ) ;
#6628 = DIRECTION ( 'NONE',  ( 4.132023648540880147E-05, 5.442514613078926547E-17, -0.9999999991463190963 ) ) ;
#6629 = ORIENTED_EDGE ( 'NONE', *, *, #5869, .T. ) ;
#6630 = EDGE_CURVE ( 'NONE', #8669, #7214, #593, .T. ) ;
#6631 = AXIS2_PLACEMENT_3D ( 'NONE', #3875, #7836, #5430 ) ;
#6632 = ORIENTED_EDGE ( 'NONE', *, *, #928, .F. ) ;
#6633 = ADVANCED_FACE ( 'NONE', ( #5377 ), #8566, .T. ) ;
#6634 = LINE ( 'NONE', #9876, #8683 ) ;
#6635 = EDGE_LOOP ( 'NONE', ( #5587, #505, #1273, #2649 ) ) ;
#6636 = CARTESIAN_POINT ( 'NONE',  ( 0.1574856827393862624, 0.2755905511811020947, -0.1299212597316068418 ) ) ;
#6637 = CARTESIAN_POINT ( 'NONE',  ( -0.5531442385204589085, 0.2480314960629948773, -0.3364685038260962213 ) ) ;
#6638 = DIRECTION ( 'NONE',  ( 1.734723475976807726E-14, 0.000000000000000000, -1.000000000000000000 ) ) ;
#6639 = PLANE ( 'NONE',  #4444 ) ;
#6640 = CARTESIAN_POINT ( 'NONE',  ( -0.4665300652921126612, -0.07086614189298755251, 0.01377952766996362426 ) ) ;
#6641 = DIRECTION ( 'NONE',  ( -1.929231152724250301E-14, 1.081288407729419916E-13, 1.000000000000000000 ) ) ;
#6642 = EDGE_LOOP ( 'NONE', ( #9469, #1008, #10277, #9604 ) ) ;
#6643 = EDGE_CURVE ( 'NONE', #8499, #8970, #3822, .T. ) ;
#6644 = EDGE_CURVE ( 'NONE', #6953, #7566, #2310, .T. ) ;
#6645 = ORIENTED_EDGE ( 'NONE', *, *, #3978, .F. ) ;
#6646 = CIRCLE ( 'NONE', #2167, 0.007874015748031516770 ) ;
#6647 = ORIENTED_EDGE ( 'NONE', *, *, #6570, .F. ) ;
#6648 = EDGE_CURVE ( 'NONE', #9582, #7241, #3238, .T. ) ;
#6649 = DIRECTION ( 'NONE',  ( 1.000000000000000000, 0.000000000000000000, 0.000000000000000000 ) ) ;
#6650 = EDGE_LOOP ( 'NONE', ( #6786, #6173, #2541, #5654, #1395, #6647, #5004, #9251, #7970, #4735, #2515, #4907, #7410, #2743, #6230, #6492, #272, #3962, #5771, #7555, #3721, #7523, #7407, #5781, #1377, #8532, #5014, #9240 ) ) ;
#6651 = CARTESIAN_POINT ( 'NONE',  ( 0.005293343174455004962, 0.4675598519649059037, 0.02755905522902258806 ) ) ;
#6652 = ORIENTED_EDGE ( 'NONE', *, *, #7191, .F. ) ;
#6653 = DIRECTION ( 'NONE',  ( 1.000000000000000000, 0.000000000000000000, -8.466415384531750179E-16 ) ) ;
#6654 = CARTESIAN_POINT ( 'NONE',  ( -0.4665300652921126612, -0.03212048658943458118, 0.0002871963762555963199 ) ) ;
#6655 = LINE ( 'NONE', #2748, #3439 ) ;
#6656 = CYLINDRICAL_SURFACE ( 'NONE', #2552, 0.02952755905511811330 ) ;
#6657 = EDGE_CURVE ( 'NONE', #7837, #2022, #1978, .T. ) ;
#6658 = DIRECTION ( 'NONE',  ( 4.132023651385760240E-05, -5.097186444559799880E-21, -0.9999999991463189852 ) ) ;
#6659 = ORIENTED_EDGE ( 'NONE', *, *, #7527, .F. ) ;
#6660 =( BOUNDED_CURVE ( )  B_SPLINE_CURVE ( 3, ( #7881, #5426, #1483, #751 ),
 .UNSPECIFIED., .F., .F. ) 
 B_SPLINE_CURVE_WITH_KNOTS ( ( 4, 4 ),
 ( 0.06377323424675650221, 1.570796326794895670 ),
 .UNSPECIFIED. ) 
 CURVE ( )  GEOMETRIC_REPRESENTATION_ITEM ( )  RATIONAL_B_SPLINE_CURVE ( ( 1.000000000000000000, 0.8195271710250657815, 0.8195271710250657815, 1.000000000000000000 ) ) 
 REPRESENTATION_ITEM ( '' )  );
#6661 = VERTEX_POINT ( 'NONE', #5152 ) ;
#6662 = ORIENTED_EDGE ( 'NONE', *, *, #306, .T. ) ;
#6663 = DIRECTION ( 'NONE',  ( 0.000000000000000000, 0.000000000000000000, 1.000000000000000000 ) ) ;
#6664 = DIRECTION ( 'NONE',  ( 1.000000000000000000, -1.259585646868319844E-15, 0.000000000000000000 ) ) ;
#6665 = CARTESIAN_POINT ( 'NONE',  ( -0.4114119550558916760, 0.1240157480314862393, -0.3543307085505046361 ) ) ;
#6666 = PLANE ( 'NONE',  #9464 ) ;
#6667 = ADVANCED_FACE ( 'NONE', ( #4588, #2856 ), #416, .T. ) ;
#6668 = CARTESIAN_POINT ( 'NONE',  ( -0.3503915043424445375, 0.01377952755905360177, -0.05316408460442021561 ) ) ;
#6669 = CIRCLE ( 'NONE', #8286, 0.01181102362204724046 ) ;
#6670 = ORIENTED_EDGE ( 'NONE', *, *, #9656, .T. ) ;
#6671 = ORIENTED_EDGE ( 'NONE', *, *, #340, .F. ) ;
#6672 = CARTESIAN_POINT ( 'NONE',  ( -0.03936788255224559635, 0.4842519685039369803, -0.05315123303480008554 ) ) ;
#6673 = DIRECTION ( 'NONE',  ( 2.409338175133385091E-16, -1.000000000000000000, 0.000000000000000000 ) ) ;
#6674 = CARTESIAN_POINT ( 'NONE',  ( -0.5531442385204589085, 0.2344427274748755174, -0.002114173117433575458 ) ) ;
#6675 = LINE ( 'NONE', #8458, #2066 ) ;
#6676 = CARTESIAN_POINT ( 'NONE',  ( -0.05314399386119705859, 0.2191017434821162513, -0.1358288863528380463 ) ) ;
#6677 = DIRECTION ( 'NONE',  ( -1.439941315042359981E-13, 1.000000000000000000, 3.645847629091299935E-13 ) ) ;
#6678 = ORIENTED_EDGE ( 'NONE', *, *, #5330, .T. ) ;
#6679 = ORIENTED_EDGE ( 'NONE', *, *, #7283, .F. ) ;
#6681 = CARTESIAN_POINT ( 'NONE',  ( -0.2755772113419328040, 0.4771046189767048085, -0.3228460328604397800 ) ) ;
#6680 = CIRCLE ( 'NONE', #4709, 0.007874015748031516770 ) ;
#6682 = ORIENTED_EDGE ( 'NONE', *, *, #3241, .T. ) ;
#6683 = FACE_OUTER_BOUND ( 'NONE', #7424, .T. ) ;
#6684 = CARTESIAN_POINT ( 'NONE',  ( -0.4665300652921126612, -0.08098887952762763576, -0.3236683211421771400 ) ) ;
#6685 = LINE ( 'NONE', #2785, #4116 ) ;
#6686 = PLANE ( 'NONE',  #6607 ) ;
#6687 = DIRECTION ( 'NONE',  ( 1.000000000000000000, 6.123638448986479919E-17, -6.245969335281450904E-16 ) ) ;
#6688 = PLANE ( 'NONE',  #3876 ) ;
#6689 = EDGE_LOOP ( 'NONE', ( #8634, #1285, #6572, #4018 ) ) ;
#6690 = AXIS2_PLACEMENT_3D ( 'NONE', #7963, #4879, #3266 ) ;
#6691 = EDGE_CURVE ( 'NONE', #9629, #2312, #3751, .T. ) ;
#6692 = VERTEX_POINT ( 'NONE', #2184 ) ;
#6693 = ORIENTED_EDGE ( 'NONE', *, *, #4351, .T. ) ;
#6694 = CARTESIAN_POINT ( 'NONE',  ( -0.5649552621425060206, 0.2460629921259527841, -0.3149606298103474478 ) ) ;
#6695 = ORIENTED_EDGE ( 'NONE', *, *, #6938, .T. ) ;
#6696 = EDGE_CURVE ( 'NONE', #6219, #1564, #6231, .T. ) ;
#6697 = FACE_OUTER_BOUND ( 'NONE', #1289, .T. ) ;
#6698 = ORIENTED_EDGE ( 'NONE', *, *, #1521, .T. ) ;
#6699 = EDGE_CURVE ( 'NONE', #7568, #3328, #6761, .T. ) ;
#6700 = DIRECTION ( 'NONE',  ( -1.460453498191029983E-15, 1.000000000000000000, 0.000000000000000000 ) ) ;
#6701 = CARTESIAN_POINT ( 'NONE',  ( 5.367778755658163867E-06, 0.3966535424408195731, -0.1299067771306050001 ) ) ;
#6702 = VECTOR ( 'NONE', #6106, 39.37007874015748143 ) ;
#6703 = CARTESIAN_POINT ( 'NONE',  ( -0.4114119550558916760, 0.1279527559055029240, 0.01574803160697565291 ) ) ;
#6704 = CARTESIAN_POINT ( 'NONE',  ( -0.5530711961484034989, 0.02998846426958477404, -0.3358765830658426710 ) ) ;
#6705 = DIRECTION ( 'NONE',  ( 4.132023647999849710E-05, 0.000000000000000000, -0.9999999991463189852 ) ) ;
#6706 = ORIENTED_EDGE ( 'NONE', *, *, #10191, .T. ) ;
#6707 = ADVANCED_FACE ( 'NONE', ( #3640 ), #9959, .T. ) ;
#6708 = EDGE_CURVE ( 'NONE', #2584, #9400, #2807, .T. ) ;
#6709 = CIRCLE ( 'NONE', #8048, 0.03149606299212599769 ) ;
#6710 = VERTEX_POINT ( 'NONE', #5253 ) ;
#6711 = VECTOR ( 'NONE', #5354, 39.37007874015748143 ) ;
#6712 = EDGE_CURVE ( 'NONE', #4102, #6775, #7556, .T. ) ;
#6713 = FACE_OUTER_BOUND ( 'NONE', #8833, .T. ) ;
#6714 = VERTEX_POINT ( 'NONE', #10068 ) ;
#6715 = DIRECTION ( 'NONE',  ( -1.000000000000000000, -6.123638448986479919E-17, 6.245969335281450904E-16 ) ) ;
#6716 = CARTESIAN_POINT ( 'NONE',  ( -0.1023488650982646714, 0.1062992125901537493, 2.756008457320229957E-10 ) ) ;
#6717 = DIRECTION ( 'NONE',  ( 1.448873012750489906E-13, -1.000000000000000000, -3.645972412869020137E-13 ) ) ;
#6718 = CARTESIAN_POINT ( 'NONE',  ( -0.1358134320429699171, -0.1003937007926952174, -0.05708661389753161286 ) ) ;
#6719 = ORIENTED_EDGE ( 'NONE', *, *, #7331, .T. ) ;
#6720 = VECTOR ( 'NONE', #2667, 39.37007874015748143 ) ;
#6721 = ORIENTED_EDGE ( 'NONE', *, *, #5020, .F. ) ;
#6722 = ORIENTED_EDGE ( 'NONE', *, *, #1955, .T. ) ;
#6723 = ADVANCED_FACE ( 'NONE', ( #1411 ), #2916, .F. ) ;
#6724 = VECTOR ( 'NONE', #3144, 39.37007874015748143 ) ;
#6725 = ORIENTED_EDGE ( 'NONE', *, *, #6000, .T. ) ;
#6726 = LINE ( 'NONE', #8505, #3770 ) ;
#6727 = CARTESIAN_POINT ( 'NONE',  ( -0.5137741597803013871, 0.4685861009001065502, 0.01377952766996799576 ) ) ;
#6728 = DIRECTION ( 'NONE',  ( 1.000000000000000000, 0.000000000000000000, -8.131516293641262547E-16 ) ) ;
#6729 = FACE_OUTER_BOUND ( 'NONE', #8854, .T. ) ;
#6730 = FACE_OUTER_BOUND ( 'NONE', #5603, .T. ) ;
#6731 = CARTESIAN_POINT ( 'NONE',  ( -0.4448825401001202384, 0.1653543307150613373, -0.005923894449357531081 ) ) ;
#6732 = ORIENTED_EDGE ( 'NONE', *, *, #9850, .F. ) ;
#6733 = CIRCLE ( 'NONE', #4077, 0.003937007874015724558 ) ;
#6734 = ORIENTED_EDGE ( 'NONE', *, *, #3773, .T. ) ;
#6735 = DIRECTION ( 'NONE',  ( 1.000000000000000000, 0.000000000000000000, -7.228014483236698528E-16 ) ) ;
#6736 = VERTEX_POINT ( 'NONE', #4476 ) ;
#6737 = CARTESIAN_POINT ( 'NONE',  ( -0.5255772115549546264, 0.01181102361377172304, -0.04724409421259004316 ) ) ;
#6738 = DIRECTION ( 'NONE',  ( 1.098777426433149983E-15, -2.220446049250329844E-16, -1.000000000000000000 ) ) ;
#6739 = PLANE ( 'NONE',  #8273 ) ;
#6740 = DIRECTION ( 'NONE',  ( -1.000000000000000000, 9.634711363903441210E-15, -1.929231152724350329E-14 ) ) ;
#6741 = DIRECTION ( 'NONE',  ( -4.078893220340669608E-32, 2.220446049250309876E-16, 1.000000000000000000 ) ) ;
#6742 = DIRECTION ( 'NONE',  ( 1.437166293563760232E-14, 1.000000000000000000, 0.000000000000000000 ) ) ;
#6743 = ORIENTED_EDGE ( 'NONE', *, *, #9481, .F. ) ;
#6744 = ORIENTED_EDGE ( 'NONE', *, *, #2328, .T. ) ;
#6745 = ORIENTED_EDGE ( 'NONE', *, *, #10290, .T. ) ;
#6746 = DIRECTION ( 'NONE',  ( 0.000000000000000000, -1.000000000000000000, 2.220446049250309876E-16 ) ) ;
#6747 = EDGE_LOOP ( 'NONE', ( #8653, #1752, #8929, #9553 ) ) ;
#6748 = LINE ( 'NONE', #7482, #3748 ) ;
#6749 = AXIS2_PLACEMENT_3D ( 'NONE', #809, #4857, #1638 ) ;
#6750 = CARTESIAN_POINT ( 'NONE',  ( -0.4586560495440809571, 0.1149606299212581617, -0.3287401573694028745 ) ) ;
#6751 = AXIS2_PLACEMENT_3D ( 'NONE', #4696, #7088, #8605 ) ;
#6752 = CARTESIAN_POINT ( 'NONE',  ( -0.5452702227724276485, 0.2810889216413989811, -0.3425196849284573020 ) ) ;
#6753 = CARTESIAN_POINT ( 'NONE',  ( -0.4665300652921126612, -0.03819412915420765386, 0.01041691232375544299 ) ) ;
#6754 = DIRECTION ( 'NONE',  ( 0.9999996593176145865, 2.168404281157203689E-16, 0.0008254481537726476121 ) ) ;
#6755 = DIRECTION ( 'NONE',  ( -0.000000000000000000, -0.000000000000000000, -1.000000000000000000 ) ) ;
#6756 = ORIENTED_EDGE ( 'NONE', *, *, #164, .F. ) ;
#6757 = ADVANCED_FACE ( 'NONE', ( #7649 ), #6142, .F. ) ;
#6758 = AXIS2_PLACEMENT_3D ( 'NONE', #1508, #5298, #7077 ) ;
#6759 = CIRCLE ( 'NONE', #4932, 0.01181102362204724046 ) ;
#6760 = EDGE_LOOP ( 'NONE', ( #1284, #7840, #2951, #9321 ) ) ;
#6761 = LINE ( 'NONE', #10122, #8399 ) ;
#6762 = ORIENTED_EDGE ( 'NONE', *, *, #10173, .F. ) ;
#6763 = CYLINDRICAL_SURFACE ( 'NONE', #6851, 0.1210629921259842451 ) ;
#6764 = EDGE_CURVE ( 'NONE', #359, #3973, #9169, .T. ) ;
#6765 = DIRECTION ( 'NONE',  ( -6.123638448986479919E-17, 1.000000000000000000, 9.958396954279598582E-17 ) ) ;
#6766 = VECTOR ( 'NONE', #10093, 39.37007874015748143 ) ;
#6767 = VECTOR ( 'NONE', #7910, 39.37007874015748143 ) ;
#6768 = DIRECTION ( 'NONE',  ( 1.000000000000000000, 6.123638448986479919E-17, -6.245969335281450904E-16 ) ) ;
#6769 = CARTESIAN_POINT ( 'NONE',  ( 5.368377181713155417E-06, 0.3937007868976379887, -0.1299212597600833408 ) ) ;
#6770 = ORIENTED_EDGE ( 'NONE', *, *, #5439, .T. ) ;
#6771 = VERTEX_POINT ( 'NONE', #5357 ) ;
#6772 = ADVANCED_FACE ( 'NONE', ( #1249 ), #517, .T. ) ;
#6773 = VECTOR ( 'NONE', #9474, 39.37007874015748143 ) ;
#6774 = VERTEX_POINT ( 'NONE', #8490 ) ;
#6775 = VERTEX_POINT ( 'NONE', #4420 ) ;
#6776 = EDGE_CURVE ( 'NONE', #3599, #279, #1419, .T. ) ;
#6777 = VERTEX_POINT ( 'NONE', #3535 ) ;
#6778 = DIRECTION ( 'NONE',  ( 0.000000000000000000, -7.452763270214839996E-16, 1.000000000000000000 ) ) ;
#6779 = DIRECTION ( 'NONE',  ( 8.752428652134806268E-16, 0.9659953486406807066, 0.2585594446245770284 ) ) ;
#6780 = CARTESIAN_POINT ( 'NONE',  ( -0.08660880544959710658, -0.1082677165354372639, -0.3349576237734095963 ) ) ;
#6781 = DIRECTION ( 'NONE',  ( 4.132023647507146230E-05, 8.413753075257441145E-17, -0.9999999991463190963 ) ) ;
#6782 = CIRCLE ( 'NONE', #8635, 0.02755905514163688175 ) ;
#6783 = DIRECTION ( 'NONE',  ( 1.956239355474899994E-14, -2.220446049250560093E-16, -1.000000000000000000 ) ) ;
#6784 = DIRECTION ( 'NONE',  ( -1.000000000000000000, 1.259585646868319844E-15, -1.098777426433149983E-15 ) ) ;
#6785 = ADVANCED_FACE ( 'NONE', ( #6713 ), #467, .T. ) ;
#6786 = ORIENTED_EDGE ( 'NONE', *, *, #731, .T. ) ;
#6787 = EDGE_LOOP ( 'NONE', ( #7633, #3286, #2238, #7134, #6981, #8870, #2741, #174, #7071, #9212, #998, #7849, #424, #6695, #346, #6128, #2940, #1830, #4330 ) ) ;
#6788 = VECTOR ( 'NONE', #3281, 39.37007874015748854 ) ;
#6789 = UNCERTAINTY_MEASURE_WITH_UNIT (LENGTH_MEASURE( 1.000000000000000082E-05 ), #1428, 'distance_accuracy_value', 'NONE');
#6790 = CARTESIAN_POINT ( 'NONE',  ( -0.3759788841897500622, 0.03346456692912580522, -0.3543307085505046361 ) ) ;
#6791 = EDGE_LOOP ( 'NONE', ( #4724, #4405, #6052, #8849 ) ) ;
#6792 = LINE ( 'NONE', #10038, #6416 ) ;
#6793 = CARTESIAN_POINT ( 'NONE',  ( -0.1023488650982646714, 0.1062992125901537493, 2.756008457320229957E-10 ) ) ;
#6794 = FACE_OUTER_BOUND ( 'NONE', #1561, .T. ) ;
#6795 = CARTESIAN_POINT ( 'NONE',  ( -0.04133053007778472732, -0.1003936897637806719, -0.1948835163783688151 ) ) ;
#6796 = LINE ( 'NONE', #5231, #1404 ) ;
#6797 = DIRECTION ( 'NONE',  ( -1.000000000000000000, 2.982960006829620341E-15, 8.466415384531759054E-16 ) ) ;
#6798 = EDGE_CURVE ( 'NONE', #7804, #8761, #2294, .T. ) ;
#6799 = ORIENTED_EDGE ( 'NONE', *, *, #2647, .F. ) ;
#6800 = ORIENTED_EDGE ( 'NONE', *, *, #2265, .F. ) ;
#6801 = VECTOR ( 'NONE', #378, 39.37007874015748143 ) ;
#6802 = ORIENTED_EDGE ( 'NONE', *, *, #2450, .T. ) ;
#6803 = ORIENTED_EDGE ( 'NONE', *, *, #10289, .F. ) ;
#6804 = LINE ( 'NONE', #10107, #6881 ) ;
#6805 = ORIENTED_EDGE ( 'NONE', *, *, #9345, .T. ) ;
#6806 = CARTESIAN_POINT ( 'NONE',  ( -0.5452702227724276485, 0.2342519685039300692, 0.007874015858944203791 ) ) ;
#6807 = CARTESIAN_POINT ( 'NONE',  ( -0.3956639235598342630, 0.01968503937007602678, -0.3338050153445904500 ) ) ;
#6808 = CARTESIAN_POINT ( 'NONE',  ( -0.1358134320429690844, -0.1299212598478130809, -0.05708661389753216797 ) ) ;
#6809 = DIRECTION ( 'NONE',  ( 0.9284766908852635225, 0.000000000000000000, 0.3713906763540928413 ) ) ;
#6810 = ORIENTED_EDGE ( 'NONE', *, *, #7928, .F. ) ;
#6811 = CARTESIAN_POINT ( 'NONE',  ( -0.05711185319896893570, -0.1096117967702594093, -0.3270588496554703850 ) ) ;
#6812 = LINE ( 'NONE', #766, #3981 ) ;
#6813 = ORIENTED_EDGE ( 'NONE', *, *, #2475, .F. ) ;
#6814 = VECTOR ( 'NONE', #2643, 39.37007874015748143 ) ;
#6815 = ORIENTED_EDGE ( 'NONE', *, *, #1148, .T. ) ;
#6816 = CARTESIAN_POINT ( 'NONE',  ( -0.3877899078117976184, 0.2342519685039251565, 0.02755905522902296276 ) ) ;
#6817 = ORIENTED_EDGE ( 'NONE', *, *, #3879, .T. ) ;
#6818 = FACE_OUTER_BOUND ( 'NONE', #398, .T. ) ;
#6819 = FACE_OUTER_BOUND ( 'NONE', #5160, .T. ) ;
#6820 = DIRECTION ( 'NONE',  ( 1.000000000000000000, 0.000000000000000000, 1.320822031358179910E-15 ) ) ;
#6821 = CARTESIAN_POINT ( 'NONE',  ( -0.5413332148984167924, 0.01968503937007875723, -0.3246574802040486096 ) ) ;
#6822 = ORIENTED_EDGE ( 'NONE', *, *, #1851, .T. ) ;
#6823 = B_SPLINE_CURVE_WITH_KNOTS ( 'NONE', 3,
 ( #6020, #6859, #6075, #10109 ),
 .UNSPECIFIED., .F., .F.,
 ( 4, 4 ),
 ( 0.000000000000000000, 1.000000000000000000 ),
 .UNSPECIFIED. ) ;
#6824 = ORIENTED_EDGE ( 'NONE', *, *, #4445, .T. ) ;
#6825 = EDGE_CURVE ( 'NONE', #900, #3761, #1516, .T. ) ;
#6826 = EDGE_LOOP ( 'NONE', ( #8585, #3769, #2815, #4433, #10097, #1151 ) ) ;
#6827 = ORIENTED_EDGE ( 'NONE', *, *, #9805, .T. ) ;
#6828 = ORIENTED_EDGE ( 'NONE', *, *, #2698, .F. ) ;
#6829 = CARTESIAN_POINT ( 'NONE',  ( -0.2755905509458358438, 0.2421259842519683514, -1.138746674602552967E-05 ) ) ;
#6830 = EDGE_CURVE ( 'NONE', #78, #8096, #2134, .T. ) ;
#6831 = ADVANCED_FACE ( 'NONE', ( #6187 ), #3129, .F. ) ;
#6832 = PLANE ( 'NONE',  #9387 ) ;
#6833 = FACE_OUTER_BOUND ( 'NONE', #2113, .T. ) ;
#6834 = AXIS2_PLACEMENT_3D ( 'NONE', #2675, #9635, #1796 ) ;
#6835 = PLANE ( 'NONE',  #4750 ) ;
#6836 = DIRECTION ( 'NONE',  ( 0.3713906763539561173, 0.000000000000000000, 0.9284766908853184786 ) ) ;
#6837 = VERTEX_POINT ( 'NONE', #10276 ) ;
#6838 = EDGE_CURVE ( 'NONE', #2994, #3095, #8736, .T. ) ;
#6839 = ORIENTED_EDGE ( 'NONE', *, *, #746, .F. ) ;
#6840 = AXIS2_PLACEMENT_3D ( 'NONE', #6932, #3754, #8390 ) ;
#6841 = EDGE_CURVE ( 'NONE', #2220, #6912, #9413, .T. ) ;
#6842 = DIRECTION ( 'NONE',  ( 0.9999996593176145865, 0.000000000000000000, 0.0008254481537891595775 ) ) ;
#6843 = VERTEX_POINT ( 'NONE', #3856 ) ;
#6844 = LINE ( 'NONE', #1384, #7584 ) ;
#6845 = FACE_OUTER_BOUND ( 'NONE', #7355, .T. ) ;
#6846 = LINE ( 'NONE', #7795, #8103 ) ;
#6847 = CARTESIAN_POINT ( 'NONE',  ( -0.4665300652921126612, -0.1156854394007200554, -0.3405511809914384402 ) ) ;
#6848 = FACE_OUTER_BOUND ( 'NONE', #614, .T. ) ;
#6849 = CARTESIAN_POINT ( 'NONE',  ( -0.5649552621425060206, 0.2342519685039300692, -0.3346456691804255978 ) ) ;
#6850 = ORIENTED_EDGE ( 'NONE', *, *, #4951, .T. ) ;
#6851 = AXIS2_PLACEMENT_3D ( 'NONE', #4591, #9962, #3642 ) ;
#6852 = ORIENTED_EDGE ( 'NONE', *, *, #5572, .T. ) ;
#6853 = ORIENTED_EDGE ( 'NONE', *, *, #6072, .F. ) ;
#6854 = AXIS2_PLACEMENT_3D ( 'NONE', #3064, #9430, #2280 ) ;
#6855 = ORIENTED_EDGE ( 'NONE', *, *, #7500, .T. ) ;
#6856 = ADVANCED_FACE ( 'NONE', ( #4589 ), #6143, .T. ) ;
#6857 = CARTESIAN_POINT ( 'NONE',  ( -0.5452702227724276485, 0.2342519685039295141, -0.3543307085505046361 ) ) ;
#6858 = ORIENTED_EDGE ( 'NONE', *, *, #5827, .T. ) ;
#6859 = CARTESIAN_POINT ( 'NONE',  ( -0.3361362995994978675, 0.01968503937007869131, -0.3228485351762898081 ) ) ;
#6860 = LINE ( 'NONE', #6807, #1995 ) ;
#6861 = CARTESIAN_POINT ( 'NONE',  ( -0.4084218461419527602, -0.1156854393858068875, -0.3287401573694007095 ) ) ;
#6862 = CARTESIAN_POINT ( 'NONE',  ( -0.04493248089200118506, 0.4294716001481418410, 0.01574803160697565291 ) ) ;
#6863 = LINE ( 'NONE', #4468, #1578 ) ;
#6864 = LINE ( 'NONE', #513, #7716 ) ;
#6866 = VECTOR ( 'NONE', #4456, 39.37007874015748143 ) ;
#6865 = DIRECTION ( 'NONE',  ( 1.000000000000000000, -1.259585646868319844E-15, 1.320822031358179910E-15 ) ) ;
#6867 = ORIENTED_EDGE ( 'NONE', *, *, #5513, .T. ) ;
#6868 = VECTOR ( 'NONE', #388, 39.37007874015748143 ) ;
#6869 = ORIENTED_EDGE ( 'NONE', *, *, #212, .F. ) ;
#6870 = AXIS2_PLACEMENT_3D ( 'NONE', #4289, #6784, #9871 ) ;
#6871 = VECTOR ( 'NONE', #3800, 39.37007874015748143 ) ;
#6872 = DIRECTION ( 'NONE',  ( 1.000000000000000000, 0.000000000000000000, -8.466415384531750179E-16 ) ) ;
#6873 = CARTESIAN_POINT ( 'NONE',  ( -0.5413332148984167924, 0.01968503937008094298, -2.236801647310598744E-05 ) ) ;
#6874 = VERTEX_POINT ( 'NONE', #6244 ) ;
#6875 = DIRECTION ( 'NONE',  ( -1.578983857244669950E-15, 0.000000000000000000, 1.000000000000000000 ) ) ;
#6876 = CARTESIAN_POINT ( 'NONE',  ( -0.4665300652921126612, -0.1156854394007200554, -0.009842519574136458088 ) ) ;
#6877 = EDGE_CURVE ( 'NONE', #7277, #6775, #3912, .T. ) ;
#6878 = DIRECTION ( 'NONE',  ( 4.078893220340669608E-32, -2.220446049250309876E-16, -1.000000000000000000 ) ) ;
#6879 = LINE ( 'NONE', #474, #7448 ) ;
#6880 = VERTEX_POINT ( 'NONE', #7030 ) ;
#6881 = VECTOR ( 'NONE', #9999, 39.37007874015748854 ) ;
#6882 = CIRCLE ( 'NONE', #7715, 0.01968503937007875723 ) ;
#6883 = AXIS2_PLACEMENT_3D ( 'NONE', #7141, #688, #9 ) ;
#6884 = ORIENTED_EDGE ( 'NONE', *, *, #3208, .F. ) ;
#6885 = ORIENTED_EDGE ( 'NONE', *, *, #6502, .T. ) ;
#6886 = ORIENTED_EDGE ( 'NONE', *, *, #5453, .T. ) ;
#6887 = ORIENTED_EDGE ( 'NONE', *, *, #341, .T. ) ;
#6888 = DIRECTION ( 'NONE',  ( -0.9999999991463189852, 0.000000000000000000, -4.132023648018220161E-05 ) ) ;
#6889 = DIRECTION ( 'NONE',  ( 1.000000000000000000, 0.000000000000000000, 1.850371707708592551E-14 ) ) ;
#6890 =( LENGTH_UNIT ( ) NAMED_UNIT ( * ) SI_UNIT ( $, .METRE. ) );
#6891 = EDGE_LOOP ( 'NONE', ( #7611, #4823, #9465, #2569 ) ) ;
#6892 = DIRECTION ( 'NONE',  ( 1.000000000000000000, 4.879703635931580299E-31, -6.245969335281450904E-16 ) ) ;
#6893 = LINE ( 'NONE', #594, #9133 ) ;
#6894 = CARTESIAN_POINT ( 'NONE',  ( -0.4665300652921126612, -0.1156854394007200554, -0.3169291337473438275 ) ) ;
#6895 = ORIENTED_EDGE ( 'NONE', *, *, #1820, .F. ) ;
#6896 = EDGE_CURVE ( 'NONE', #5719, #7709, #4576, .T. ) ;
#6897 = VERTEX_POINT ( 'NONE', #3692 ) ;
#6898 = CARTESIAN_POINT ( 'NONE',  ( -0.4507820337960491974, 0.1555118110236150264, -0.3267716534323859556 ) ) ;
#6899 = EDGE_LOOP ( 'NONE', ( #7188, #4430, #8307, #6799 ) ) ;
#6900 = ORIENTED_EDGE ( 'NONE', *, *, #8998, .T. ) ;
#6901 = CARTESIAN_POINT ( 'NONE',  ( -0.4783410889141597178, 0.007874015748028716927, -0.3287401573694028745 ) ) ;
#6902 = CARTESIAN_POINT ( 'NONE',  ( -0.5531442385204589085, 0.09834559032574947957, 0.009696850504613734392 ) ) ;
#6903 = EDGE_CURVE ( 'NONE', #4066, #10000, #9902, .T. ) ;
#6904 = LINE ( 'NONE', #3669, #6766 ) ;
#6905 = VECTOR ( 'NONE', #4370, 39.37007874015748143 ) ;
#6906 = DIRECTION ( 'NONE',  ( -1.000000000000000000, 1.259585646868319844E-15, 0.000000000000000000 ) ) ;
#6907 = CARTESIAN_POINT ( 'NONE',  ( -0.5529303401249746619, 0.2342519685039300692, 0.009696850504613734392 ) ) ;
#6908 = CARTESIAN_POINT ( 'NONE',  ( -0.3169157942321246813, 0.4074803149523592016, -0.01574803122046314341 ) ) ;
#6909 = VERTEX_POINT ( 'NONE', #6873 ) ;
#6910 = ORIENTED_EDGE ( 'NONE', *, *, #9010, .F. ) ;
#6911 = EDGE_CURVE ( 'NONE', #1865, #9209, #3084, .T. ) ;
#6912 = VERTEX_POINT ( 'NONE', #8491 ) ;
#6913 = ORIENTED_EDGE ( 'NONE', *, *, #2827, .F. ) ;
#6914 = DIRECTION ( 'NONE',  ( 0.9999999991463189852, 0.000000000000000000, 4.132023647999849710E-05 ) ) ;
#6915 = ORIENTED_EDGE ( 'NONE', *, *, #4349, .F. ) ;
#6916 = FACE_OUTER_BOUND ( 'NONE', #657, .T. ) ;
#6917 = CARTESIAN_POINT ( 'NONE',  ( -0.4665300652921126612, -0.06074340425057917631, -0.3236683210821467149 ) ) ;
#6918 = EDGE_CURVE ( 'NONE', #1392, #2527, #8602, .T. ) ;
#6919 = LINE ( 'NONE', #5243, #9937 ) ;
#6920 = DIRECTION ( 'NONE',  ( -2.150054361481918740E-14, -0.5142350742875216874, 0.8576492805176875178 ) ) ;
#6921 = CARTESIAN_POINT ( 'NONE',  ( -0.5374758135490458333, 0.2480314960629948773, 0.009696850504613734392 ) ) ;
#6922 = FACE_OUTER_BOUND ( 'NONE', #2897, .T. ) ;
#6923 = DIRECTION ( 'NONE',  ( 0.9999999991463190963, 3.082923038283585257E-21, 4.132023647999850388E-05 ) ) ;
#6924 = ORIENTED_EDGE ( 'NONE', *, *, #9074, .F. ) ;
#6925 = ADVANCED_FACE ( 'NONE', ( #1355 ), #1304, .F. ) ;
#6926 = ORIENTED_EDGE ( 'NONE', *, *, #6691, .F. ) ;
#6927 = VECTOR ( 'NONE', #4193, 39.37007874015748854 ) ;
#6928 = VECTOR ( 'NONE', #9910, 39.37007874015748143 ) ;
#6929 = CARTESIAN_POINT ( 'NONE',  ( -0.03542770308738736607, 0.01968503937007875723, -0.3425196849284575795 ) ) ;
#6930 = DIRECTION ( 'NONE',  ( 4.132023647996297593E-05, 0.000000000000000000, -0.9999999991463189852 ) ) ;
#6931 = ORIENTED_EDGE ( 'NONE', *, *, #6918, .F. ) ;
#6932 = CARTESIAN_POINT ( 'NONE',  ( -0.4448821341644668137, 0.1653543307150614206, -0.01574803122046396220 ) ) ;
#6933 = DIRECTION ( 'NONE',  ( 9.051760982578240415E-15, 1.000000000000000000, 1.770741107047169706E-28 ) ) ;
#6934 = FACE_OUTER_BOUND ( 'NONE', #8663, .T. ) ;
#6935 = DIRECTION ( 'NONE',  ( -8.044134937727570810E-21, 1.000000000000000000, 1.946778531802094728E-16 ) ) ;
#6936 = ORIENTED_EDGE ( 'NONE', *, *, #7366, .T. ) ;
#6938 = EDGE_CURVE ( 'NONE', #6476, #3203, #1246, .T. ) ;
#6937 = AXIS2_PLACEMENT_3D ( 'NONE', #1240, #8030, #1138 ) ;
#6939 = AXIS2_PLACEMENT_3D ( 'NONE', #7973, #1028, #5670 ) ;
#6940 = ADVANCED_FACE ( 'NONE', ( #5358 ), #8546, .T. ) ;
#6941 = ORIENTED_EDGE ( 'NONE', *, *, #10298, .T. ) ;
#6942 = ORIENTED_EDGE ( 'NONE', *, *, #4078, .T. ) ;
#6943 = VECTOR ( 'NONE', #7909, 39.37007874015748143 ) ;
#6944 = AXIS2_PLACEMENT_3D ( 'NONE', #710, #3001, #8521 ) ;
#6945 = LINE ( 'NONE', #9348, #2937 ) ;
#6946 = CARTESIAN_POINT ( 'NONE',  ( -0.3661370143137793187, 0.04133858268976527833, -0.1161568612489632668 ) ) ;
#6947 = CARTESIAN_POINT ( 'NONE',  ( -0.4157984591073162206, 0.1555118110236144990, 0.02671429173554219078 ) ) ;
#6948 = CARTESIAN_POINT ( 'NONE',  ( -0.0005220912570751255364, 0.4842519684963391691, -0.3175029982820984364 ) ) ;
#6949 = CARTESIAN_POINT ( 'NONE',  ( -0.4665300652921126612, -0.02604684404437779266, -0.009842519574126349854 ) ) ;
#6950 = DIRECTION ( 'NONE',  ( 4.132023651299024744E-05, 2.574980159721584614E-16, -0.9999999991463189852 ) ) ;
#6951 = ORIENTED_EDGE ( 'NONE', *, *, #9711, .T. ) ;
#6952 = AXIS2_PLACEMENT_3D ( 'NONE', #4718, #9520, #4766 ) ;
#6953 = VERTEX_POINT ( 'NONE', #683 ) ;
#6954 = DIRECTION ( 'NONE',  ( 1.000000000000000000, 2.669637467189900051E-16, 5.551115123125779621E-17 ) ) ;
#6955 = EDGE_LOOP ( 'NONE', ( #9338, #1852, #7940, #3759 ) ) ;
#6956 = ORIENTED_EDGE ( 'NONE', *, *, #1361, .F. ) ;
#6957 = CARTESIAN_POINT ( 'NONE',  ( -0.1476244556650251338, -0.1003937007926954950, -0.08661417295264810245 ) ) ;
#6958 = VECTOR ( 'NONE', #4705, 39.37007874015748143 ) ;
#6959 = DIRECTION ( 'NONE',  ( 0.000000000000000000, 0.000000000000000000, 1.000000000000000000 ) ) ;
#6960 = DIRECTION ( 'NONE',  ( 1.000000000000000000, 2.086055281271199913E-27, 1.929231152724250301E-14 ) ) ;
#6961 = CARTESIAN_POINT ( 'NONE',  ( 5.367778755658163867E-06, 0.4862204724409451839, -0.009842519574120613124 ) ) ;
#6962 = DIRECTION ( 'NONE',  ( 1.000000000000000000, -6.664964947938540035E-17, 0.000000000000000000 ) ) ;
#6963 = DIRECTION ( 'NONE',  ( 0.000000000000000000, 5.782411586589358822E-15, 1.000000000000000000 ) ) ;
#6964 = ORIENTED_EDGE ( 'NONE', *, *, #756, .F. ) ;
#6965 = ORIENTED_EDGE ( 'NONE', *, *, #6608, .T. ) ;
#6966 = EDGE_LOOP ( 'NONE', ( #8803, #9807, #4570, #3996 ) ) ;
#6967 = AXIS2_PLACEMENT_3D ( 'NONE', #7898, #6470, #8731 ) ;
#6968 = ORIENTED_EDGE ( 'NONE', *, *, #56, .F. ) ;
#6969 = EDGE_CURVE ( 'NONE', #6164, #9995, #10171, .T. ) ;
#6970 = CARTESIAN_POINT ( 'NONE',  ( -0.4547190416700650495, 0.1476377952755860423, -0.3543307085505046361 ) ) ;
#6971 = ORIENTED_EDGE ( 'NONE', *, *, #686, .F. ) ;
#6972 = DIRECTION ( 'NONE',  ( -0.0008254481297943271978, 0.0002411176241745419428, 0.9999996302487698108 ) ) ;
#6973 = FACE_OUTER_BOUND ( 'NONE', #6097, .T. ) ;
#6974 = CARTESIAN_POINT ( 'NONE',  ( -0.2795253626741965869, 0.01968503937007875723, -0.05316115639868267129 ) ) ;
#6975 = DIRECTION ( 'NONE',  ( 4.132023648018220161E-05, 0.000000000000000000, -0.9999999991463189852 ) ) ;
#6976 = ADVANCED_FACE ( 'NONE', ( #2533 ), #47, .F. ) ;
#6977 = CARTESIAN_POINT ( 'NONE',  ( -0.1161363645047149701, -0.1082677165354372639, -0.3393563159933618012 ) ) ;
#6978 = ADVANCED_FACE ( 'NONE', ( #9646 ), #8750, .F. ) ;
#6979 = DIRECTION ( 'NONE',  ( -2.762256532582261109E-15, 0.8576492805176733070, 0.5142350742875451131 ) ) ;
#6980 = VERTEX_POINT ( 'NONE', #5718 ) ;
#6981 = ORIENTED_EDGE ( 'NONE', *, *, #10304, .T. ) ;
#6982 = EDGE_CURVE ( 'NONE', #3575, #4614, #7916, .T. ) ;
#6983 = CARTESIAN_POINT ( 'NONE',  ( -0.3642086334754595089, -0.1003831931476177469, -0.05709151077246389649 ) ) ;
#6984 = DIRECTION ( 'NONE',  ( 1.000000000000000000, -2.982960006829620341E-15, 0.000000000000000000 ) ) ;
#6985 = ORIENTED_EDGE ( 'NONE', *, *, #8434, .F. ) ;
#6986 = CARTESIAN_POINT ( 'NONE',  ( -0.006844229075239092151, 0.4675598519649088458, -0.3543307085505038034 ) ) ;
#6987 = ADVANCED_FACE ( 'NONE', ( #6446 ), #784, .F. ) ;
#6988 = CARTESIAN_POINT ( 'NONE',  ( 5.367778756477718219E-06, 0.4822834645669287768, -0.1299067771285910833 ) ) ;
#6989 = CARTESIAN_POINT ( 'NONE',  ( -0.5118089083698680319, 0.01377952755905360177, -0.05317075440973221406 ) ) ;
#6990 = CARTESIAN_POINT ( 'NONE',  ( -0.3956639235598288229, 0.1149606299212581617, -0.3405511809914499310 ) ) ;
#6991 = ORIENTED_EDGE ( 'NONE', *, *, #928, .T. ) ;
#6992 = ORIENTED_EDGE ( 'NONE', *, *, #5629, .F. ) ;
#6993 = ORIENTED_EDGE ( 'NONE', *, *, #10168, .F. ) ;
#6994 = EDGE_CURVE ( 'NONE', #2704, #2226, #5619, .T. ) ;
#6995 = FACE_OUTER_BOUND ( 'NONE', #1839, .T. ) ;
#6996 = DIRECTION ( 'NONE',  ( 4.078893220340669608E-32, -2.220446049250309876E-16, -1.000000000000000000 ) ) ;
#6997 = FACE_OUTER_BOUND ( 'NONE', #6642, .T. ) ;
#6998 = DIRECTION ( 'NONE',  ( -1.956239355474899994E-14, -2.368475785865020053E-15, 1.000000000000000000 ) ) ;
#6999 = PLANE ( 'NONE',  #5229 ) ;
#7000 = DIRECTION ( 'NONE',  ( -8.044134937727570810E-21, 1.000000000000000000, 1.946778531802094728E-16 ) ) ;
#7001 = CARTESIAN_POINT ( 'NONE',  ( -0.5314827233659782380, 0.2834645669208598617, -0.04724409421259004316 ) ) ;
#7002 = ORIENTED_EDGE ( 'NONE', *, *, #6825, .F. ) ;
#7003 = ORIENTED_EDGE ( 'NONE', *, *, #8369, .T. ) ;
#7004 = DIRECTION ( 'NONE',  ( 2.669637467189900544E-16, -1.000000000000000000, 0.000000000000000000 ) ) ;
#7005 = ORIENTED_EDGE ( 'NONE', *, *, #5480, .T. ) ;
#7006 = ORIENTED_EDGE ( 'NONE', *, *, #1799, .F. ) ;
#7007 = DIRECTION ( 'NONE',  ( 0.000000000000000000, -1.000000000000000000, 2.220446049250309876E-16 ) ) ;
#7008 = DIRECTION ( 'NONE',  ( -1.000000000000000000, 0.000000000000000000, -1.559456281198720078E-15 ) ) ;
#7009 = FACE_BOUND ( 'NONE', #5571, .T. ) ;
#7010 = LINE ( 'NONE', #6169, #4623 ) ;
#7011 = DIRECTION ( 'NONE',  ( -0.9999999991463189852, 0.000000000000000000, -4.132023641995019695E-05 ) ) ;
#7012 = CARTESIAN_POINT ( 'NONE',  ( -0.03936194480172685445, 0.01968503937007875723, -0.1968520203137001934 ) ) ;
#7013 = ADVANCED_FACE ( 'NONE', ( #3322 ), #7136, .T. ) ;
#7014 = ORIENTED_EDGE ( 'NONE', *, *, #3703, .F. ) ;
#7015 = EDGE_LOOP ( 'NONE', ( #8466, #8242, #8375, #8191 ) ) ;
#7016 = FACE_OUTER_BOUND ( 'NONE', #5356, .T. ) ;
#7017 = ORIENTED_EDGE ( 'NONE', *, *, #10106, .T. ) ;
#7018 = CARTESIAN_POINT ( 'NONE',  ( -0.03936812663661910100, 0.01377952755905360177, -0.04724409421258948805 ) ) ;
#7019 = CARTESIAN_POINT ( 'NONE',  ( -0.1161363645047152615, -0.1082677165354372639, -0.3293640665553719815 ) ) ;
#7020 = FACE_OUTER_BOUND ( 'NONE', #5235, .T. ) ;
#7021 = LINE ( 'NONE', #3903, #7939 ) ;
#7022 = AXIS2_PLACEMENT_3D ( 'NONE', #5440, #3049, #1722 ) ;
#7023 = CARTESIAN_POINT ( 'NONE',  ( -0.03936788255224559635, 0.4842519685039369803, -0.05315123303480008554 ) ) ;
#7024 = CARTESIAN_POINT ( 'NONE',  ( -0.4665300652921126612, -0.1082677165354328924, 0.002592413233891411022 ) ) ;
#7025 = EDGE_LOOP ( 'NONE', ( #7638, #1338, #5725, #348 ) ) ;
#7026 = ORIENTED_EDGE ( 'NONE', *, *, #694, .T. ) ;
#7027 = EDGE_CURVE ( 'NONE', #2439, #6019, #2444, .T. ) ;
#7028 = EDGE_CURVE ( 'NONE', #9063, #7209, #6733, .T. ) ;
#7029 = CARTESIAN_POINT ( 'NONE',  ( -0.3523211504689219287, 0.01377952755905360177, -0.1161562903742014707 ) ) ;
#7030 = CARTESIAN_POINT ( 'NONE',  ( -0.4468450259220339005, 0.1240157480314892507, -0.3543307085505046361 ) ) ;
#7031 = ORIENTED_EDGE ( 'NONE', *, *, #2450, .F. ) ;
#7032 = CARTESIAN_POINT ( 'NONE',  ( -0.05708124639447897247, -0.02604684404438735446, -0.3169291337473493231 ) ) ;
#7033 = AXIS2_PLACEMENT_3D ( 'NONE', #3512, #5906, #2057 ) ;
#7034 = CIRCLE ( 'NONE', #2529, 0.02362204724409448092 ) ;
#7035 = CARTESIAN_POINT ( 'NONE',  ( -0.1161363645047149701, -0.02604684404438653567, -0.3287401573693974344 ) ) ;
#7036 = EDGE_CURVE ( 'NONE', #10154, #1214, #9498, .T. ) ;
#7037 = FACE_OUTER_BOUND ( 'NONE', #6966, .T. ) ;
#7038 = DIRECTION ( 'NONE',  ( 6.245969335281450904E-16, -1.004403213699000110E-31, 1.000000000000000000 ) ) ;
#7039 = ADVANCED_FACE ( 'NONE', ( #6347 ), #3178, .F. ) ;
#7040 = ORIENTED_EDGE ( 'NONE', *, *, #1932, .T. ) ;
#7041 = EDGE_CURVE ( 'NONE', #8270, #7839, #4158, .T. ) ;
#7042 = VECTOR ( 'NONE', #3316, 39.37007874015748143 ) ;
#7043 = CIRCLE ( 'NONE', #7703, 0.02362204724409448092 ) ;
#7044 = VERTEX_POINT ( 'NONE', #9694 ) ;
#7045 = ORIENTED_EDGE ( 'NONE', *, *, #3997, .T. ) ;
#7046 = LINE ( 'NONE', #4542, #110 ) ;
#7047 = DIRECTION ( 'NONE',  ( 2.220446049248289653E-16, -3.191150218656369683E-30, -1.000000000000000000 ) ) ;
#7048 = CARTESIAN_POINT ( 'NONE',  ( 0.000000000000000000, 0.000000000000000000, 0.000000000000000000 ) ) ;
#7049 = CIRCLE ( 'NONE', #5706, 0.01968503937007882662 ) ;
#7050 = DIRECTION ( 'NONE',  ( -2.439775995528935424E-31, -1.000000000000000000, 2.220446049250329844E-16 ) ) ;
#7051 = VECTOR ( 'NONE', #8031, 39.37007874015748143 ) ;
#7052 = LINE ( 'NONE', #3874, #1739 ) ;
#7053 = VERTEX_POINT ( 'NONE', #8900 ) ;
#7054 = ADVANCED_FACE ( 'NONE', ( #9544 ), #981, .T. ) ;
#7055 = PRODUCT_DEFINITION_SHAPE ( 'NONE', 'NONE',  #7369 ) ;
#7056 = ORIENTED_EDGE ( 'NONE', *, *, #6776, .F. ) ;
#7057 = VECTOR ( 'NONE', #6746, 39.37007874015748143 ) ;
#7058 = VECTOR ( 'NONE', #6534, 39.37007874015748143 ) ;
#7059 = CIRCLE ( 'NONE', #5535, 0.01181102362204724567 ) ;
#7060 = ORIENTED_EDGE ( 'NONE', *, *, #9495, .T. ) ;
#7061 = VERTEX_POINT ( 'NONE', #8015 ) ;
#7062 = PLANE ( 'NONE',  #4427 ) ;
#7063 = CARTESIAN_POINT ( 'NONE',  ( 0.07284001377324608728, 0.2755905511811020947, -0.1299212597316068418 ) ) ;
#7064 = DIRECTION ( 'NONE',  ( 0.9999999991463190963, 1.836940359963950201E-16, 4.132023648018220838E-05 ) ) ;
#7065 = CARTESIAN_POINT ( 'NONE',  ( -0.03543307083589326834, 0.2421259842519683514, -1.464102866994901932E-06 ) ) ;
#7066 = CYLINDRICAL_SURFACE ( 'NONE', #5567, 0.02755905511811023931 ) ;
#7067 = CARTESIAN_POINT ( 'NONE',  ( -0.5531442385204589085, 0.3279258747788634798, 0.007874015858944203791 ) ) ;
#7068 = EDGE_LOOP ( 'NONE', ( #10133, #10192, #7673, #4953 ) ) ;
#7069 = CIRCLE ( 'NONE', #6553, 0.02755905511811023931 ) ;
#7070 = ADVANCED_FACE ( 'NONE', ( #1757 ), #880, .F. ) ;
#7071 = ORIENTED_EDGE ( 'NONE', *, *, #3647, .T. ) ;
#7072 = VECTOR ( 'NONE', #9460, 39.37007874015748143 ) ;
#7073 = LINE ( 'NONE', #3209, #9224 ) ;
#7074 = ORIENTED_EDGE ( 'NONE', *, *, #2790, .T. ) ;
#7075 = DIRECTION ( 'NONE',  ( 1.956239355474899994E-14, 2.368475785865020053E-15, -1.000000000000000000 ) ) ;
#7076 = PLANE ( 'NONE',  #5000 ) ;
#7077 = DIRECTION ( 'NONE',  ( 0.000000000000000000, 0.000000000000000000, 1.000000000000000000 ) ) ;
#7078 = DIRECTION ( 'NONE',  ( 1.445602896647339163E-16, -1.000000000000000000, 0.000000000000000000 ) ) ;
#7079 = CARTESIAN_POINT ( 'NONE',  ( -2.731847993664263218E-16, 0.2755905511811020947, -0.1299212597316068418 ) ) ;
#7080 = DIRECTION ( 'NONE',  ( -1.000000000000000000, 1.608082204351299748E-16, 0.000000000000000000 ) ) ;
#7081 = ORIENTED_EDGE ( 'NONE', *, *, #10116, .F. ) ;
#7082 = ORIENTED_EDGE ( 'NONE', *, *, #3942, .F. ) ;
#7083 = ORIENTED_EDGE ( 'NONE', *, *, #7681, .F. ) ;
#7084 = DIRECTION ( 'NONE',  ( 4.132023648017780381E-05, 7.759661050625662606E-17, -0.9999999991463190963 ) ) ;
#7085 = CARTESIAN_POINT ( 'NONE',  ( -0.1161363645047157889, -0.1156854394007200554, -0.3169291337473438275 ) ) ;
#7086 = ORIENTED_EDGE ( 'NONE', *, *, #5875, .T. ) ;
#7087 = PLANE ( 'NONE',  #5183 ) ;
#7088 = DIRECTION ( 'NONE',  ( -1.474064725687859833E-13, -1.000000000000000000, -3.644747806515189682E-13 ) ) ;
#7089 = CARTESIAN_POINT ( 'NONE',  ( -2.731847993664263218E-16, 0.2755905511811020947, -0.2155511812863740995 ) ) ;
#7090 = CARTESIAN_POINT ( 'NONE',  ( -0.3169293781561191015, 0.4074803149549243719, -0.01574803122046369158 ) ) ;
#7091 = ORIENTED_EDGE ( 'NONE', *, *, #3330, .F. ) ;
#7092 = EDGE_CURVE ( 'NONE', #4028, #9893, #150, .T. ) ;
#7093 = ADVANCED_FACE ( 'NONE', ( #8070 ), #1569, .T. ) ;
#7094 = EDGE_LOOP ( 'NONE', ( #2778, #7459, #3805, #3753 ) ) ;
#7095 = ORIENTED_EDGE ( 'NONE', *, *, #7036, .F. ) ;
#7096 = CARTESIAN_POINT ( 'NONE',  ( -0.4507820337960491974, 0.1622047244094487750, -0.3405511809914499310 ) ) ;
#7097 = AXIS2_PLACEMENT_3D ( 'NONE', #5592, #7202, #72 ) ;
#7098 = CLOSED_SHELL ( 'NONE', ( #826, #4103, #7984, #7013, #9990, #2596, #2542 ) ) ;
#7099 = CARTESIAN_POINT ( 'NONE',  ( -0.03936788255224559635, 0.2421259842519683514, -0.05315123303480008554 ) ) ;
#7100 = EDGE_CURVE ( 'NONE', #8672, #9689, #6748, .T. ) ;
#7101 = LINE ( 'NONE', #9408, #3567 ) ;
#7102 = EDGE_CURVE ( 'NONE', #6500, #1818, #9892, .T. ) ;
#7103 = EDGE_LOOP ( 'NONE', ( #7413, #1742, #7383, #990, #1891, #7736, #7748, #5135, #2671, #9797, #3063, #5002 ) ) ;
#7104 = CIRCLE ( 'NONE', #1776, 0.007874015748031516770 ) ;
#7105 = AXIS2_PLACEMENT_3D ( 'NONE', #4893, #8019, #2447 ) ;
#7106 = ORIENTED_EDGE ( 'NONE', *, *, #1807, .T. ) ;
#7107 = EDGE_CURVE ( 'NONE', #59, #10085, #9949, .T. ) ;
#7108 = ORIENTED_EDGE ( 'NONE', *, *, #8452, .T. ) ;
#7109 = ORIENTED_EDGE ( 'NONE', *, *, #5198, .T. ) ;
#7110 = CARTESIAN_POINT ( 'NONE',  ( -0.4448822147439288610, 0.1653543307150614206, -0.01379791019066692499 ) ) ;
#7111 = DIRECTION ( 'NONE',  ( -6.245969335281450904E-16, 7.832974272616329547E-17, -1.000000000000000000 ) ) ;
#7112 = ADVANCED_FACE ( 'NONE', ( #1135 ), #7531, .F. ) ;
#7113 = LINE ( 'NONE', #8677, #6611 ) ;
#7114 = PLANE ( 'NONE',  #4948 ) ;
#7115 = DIRECTION ( 'NONE',  ( 1.320822031358179910E-15, -2.123990403742230127E-31, -1.000000000000000000 ) ) ;
#7116 = TOROIDAL_SURFACE ( 'NONE', #3283, 0.01968503937007875723, 0.007874015748031494219 ) ;
#7117 = DIRECTION ( 'NONE',  ( 1.259585646868319844E-15, 1.000000000000000000, 0.000000000000000000 ) ) ;
#7118 = DIRECTION ( 'NONE',  ( -1.000000000000000000, 0.000000000000000000, 6.245969335281450904E-16 ) ) ;
#7119 = AXIS2_PLACEMENT_3D ( 'NONE', #6533, #8840, #8005 ) ;
#7120 = ORIENTED_EDGE ( 'NONE', *, *, #3087, .F. ) ;
#7121 = EDGE_LOOP ( 'NONE', ( #5709, #382, #3247, #9816 ) ) ;
#7122 = AXIS2_PLACEMENT_3D ( 'NONE', #1109, #323, #6728 ) ;
#7123 = VECTOR ( 'NONE', #8446, 39.37007874015748143 ) ;
#7124 = DIRECTION ( 'NONE',  ( 1.000000000000000000, 6.123638448986439244E-17, 4.563802771268149558E-32 ) ) ;
#7125 = ORIENTED_EDGE ( 'NONE', *, *, #6409, .F. ) ;
#7126 = DIRECTION ( 'NONE',  ( 1.320820481978657157E-15, 0.000000000000000000, -1.000000000000000000 ) ) ;
#7127 = PLANE ( 'NONE',  #9679 ) ;
#7128 = EDGE_CURVE ( 'NONE', #3675, #4178, #6081, .T. ) ;
#7129 = CARTESIAN_POINT ( 'NONE',  ( -0.4507820337960491974, 0.1622047244094487750, -0.3287401573694028745 ) ) ;
#7130 = CARTESIAN_POINT ( 'NONE',  ( -0.5636219174924007591, 0.4917361781885331573, -0.01179683605707213152 ) ) ;
#7131 = CARTESIAN_POINT ( 'NONE',  ( -0.5137741597803013871, 0.2480314960629948773, 2.755989334384274202E-10 ) ) ;
#7132 = DIRECTION ( 'NONE',  ( -1.000000000000000000, 1.239088196068504517E-15, 0.000000000000000000 ) ) ;
#7133 = VERTEX_POINT ( 'NONE', #1238 ) ;
#7134 = ORIENTED_EDGE ( 'NONE', *, *, #6203, .F. ) ;
#7135 = DIRECTION ( 'NONE',  ( -1.000000000000000000, -6.123638448986479919E-17, 6.245969335281450904E-16 ) ) ;
#7136 = PLANE ( 'NONE',  #915 ) ;
#7137 = VERTEX_POINT ( 'NONE', #4409 ) ;
#7138 = AXIS2_PLACEMENT_3D ( 'NONE', #4525, #6923, #6705 ) ;
#7139 = DIRECTION ( 'NONE',  ( -1.098777426433149983E-15, 2.220446049250329844E-16, 1.000000000000000000 ) ) ;
#7140 = CARTESIAN_POINT ( 'NONE',  ( -0.5531442385204589085, 0.4803560425756857599, -0.3277559054009220318 ) ) ;
#7141 = CARTESIAN_POINT ( 'NONE',  ( -0.4551685378474741861, 0.1240157480314862393, -0.3377379135609609451 ) ) ;
#7142 = DIRECTION ( 'NONE',  ( 1.000000000000000000, -1.259585646868319844E-15, 1.320822031358179910E-15 ) ) ;
#7143 = ORIENTED_EDGE ( 'NONE', *, *, #8700, .T. ) ;
#7144 = VECTOR ( 'NONE', #5120, 39.37007874015748854 ) ;
#7145 = ORIENTED_EDGE ( 'NONE', *, *, #3881, .F. ) ;
#7146 = CARTESIAN_POINT ( 'NONE',  ( -0.3877899078117976184, 0.1555118110236194118, -0.3425196849284575795 ) ) ;
#7147 = DIRECTION ( 'NONE',  ( 1.000000000000000000, -9.634711363903441210E-15, 1.929231152724350329E-14 ) ) ;
#7148 = PLANE ( 'NONE',  #5211 ) ;
#7149 = CARTESIAN_POINT ( 'NONE',  ( -0.4157984591073172198, 0.1555118110236150264, 0.02671429173554164607 ) ) ;
#7150 = EDGE_CURVE ( 'NONE', #7370, #9429, #2697, .T. ) ;
#7151 = ORIENTED_EDGE ( 'NONE', *, *, #4422, .T. ) ;
#7152 = ADVANCED_FACE ( 'NONE', ( #9161 ), #1082, .F. ) ;
#7153 = EDGE_CURVE ( 'NONE', #4655, #9439, #6680, .T. ) ;
#7154 = ORIENTED_EDGE ( 'NONE', *, *, #5677, .T. ) ;
#7155 = CARTESIAN_POINT ( 'NONE',  ( 5.367778755658163867E-06, 0.01968503937007875723, -0.3543307085505032483 ) ) ;
#7156 = PLANE ( 'NONE',  #4539 ) ;
#7157 = LINE ( 'NONE', #1734, #6440 ) ;
#7158 = DIRECTION ( 'NONE',  ( -1.000000000000000000, -6.123638448986479919E-17, 6.245969335281450904E-16 ) ) ;
#7159 = CIRCLE ( 'NONE', #2661, 0.01181102362204724046 ) ;
#7160 = DIRECTION ( 'NONE',  ( -1.098777426433149983E-15, 2.220446049250329844E-16, 1.000000000000000000 ) ) ;
#7161 = DIRECTION ( 'NONE',  ( 4.132023647286769941E-05, -5.097186439503961438E-21, -0.9999999991463189852 ) ) ;
#7162 = EDGE_CURVE ( 'NONE', #729, #7913, #1181, .T. ) ;
#7163 = CARTESIAN_POINT ( 'NONE',  ( 5.368377182532709768E-06, 0.2755905511811020947, -0.1299212597316068418 ) ) ;
#7164 = ORIENTED_EDGE ( 'NONE', *, *, #1190, .T. ) ;
#7165 = ADVANCED_FACE ( 'NONE', ( #6697 ), #2744, .F. ) ;
#7167 = ORIENTED_EDGE ( 'NONE', *, *, #9298, .T. ) ;
#7166 = EDGE_CURVE ( 'NONE', #2196, #1258, #9051, .T. ) ;
#7168 = CARTESIAN_POINT ( 'NONE',  ( -0.2755905509458358438, 0.000000000000000000, -1.138746674602552967E-05 ) ) ;
#7169 = ORIENTED_EDGE ( 'NONE', *, *, #277, .F. ) ;
#7170 = CARTESIAN_POINT ( 'NONE',  ( -0.4074749471818763791, 0.007874015748028716927, -0.3270588496977320792 ) ) ;
#7171 = DIRECTION ( 'NONE',  ( 1.000000000000000000, 6.123638448986479919E-17, -6.245969335281450904E-16 ) ) ;
#7172 = CARTESIAN_POINT ( 'NONE',  ( -0.05708124639447869492, 0.007874015748028716927, -0.3287401573693985446 ) ) ;
#7173 = CARTESIAN_POINT ( 'NONE',  ( -0.5137741597803013871, 0.1766903569713492161, 0.001968504047920685909 ) ) ;
#7174 = LINE ( 'NONE', #7023, #9726 ) ;
#7175 = DIRECTION ( 'NONE',  ( -6.123638448986479919E-17, 1.000000000000000000, 9.958396954279598582E-17 ) ) ;
#7176 = ORIENTED_EDGE ( 'NONE', *, *, #980, .T. ) ;
#7178 = ORIENTED_EDGE ( 'NONE', *, *, #5722, .F. ) ;
#7177 = EDGE_CURVE ( 'NONE', #8610, #5766, #5086, .T. ) ;
#7179 = DIRECTION ( 'NONE',  ( 1.000000000000000000, -2.982960006829620341E-15, 0.000000000000000000 ) ) ;
#7180 = DIRECTION ( 'NONE',  ( -2.982960006829620341E-15, -1.000000000000000000, 0.000000000000000000 ) ) ;
#7181 = VECTOR ( 'NONE', #2546, 39.37007874015748143 ) ;
#7182 = ORIENTED_EDGE ( 'NONE', *, *, #1815, .F. ) ;
#7183 = CARTESIAN_POINT ( 'NONE',  ( -0.2657480312607967687, 0.2421259842519683514, -0.01970781430357135613 ) ) ;
#7184 = DIRECTION ( 'NONE',  ( 2.023844055306275469E-14, 0.000000000000000000, -1.000000000000000000 ) ) ;
#7185 = DIRECTION ( 'NONE',  ( -1.000000000000000000, 1.259585646868319844E-15, -1.320822031358179910E-15 ) ) ;
#7186 = DIRECTION ( 'NONE',  ( 2.796841973281160348E-31, 2.220446049250309876E-16, 1.000000000000000000 ) ) ;
#7187 = VERTEX_POINT ( 'NONE', #5033 ) ;
#7188 = ORIENTED_EDGE ( 'NONE', *, *, #3118, .T. ) ;
#7189 = AXIS2_PLACEMENT_3D ( 'NONE', #3310, #2480, #4000 ) ;
#7190 = CARTESIAN_POINT ( 'NONE',  ( -0.4468450259220339005, 0.1318897637795195810, -0.3543307085505046361 ) ) ;
#7191 = EDGE_CURVE ( 'NONE', #3761, #2864, #5528, .T. ) ;
#7192 = DIRECTION ( 'NONE',  ( 1.000000000000000000, -1.259585646868319844E-15, 0.000000000000000000 ) ) ;
#7193 = CARTESIAN_POINT ( 'NONE',  ( -0.5137741597803013871, 0.2480314960629924070, -0.3287401573694028745 ) ) ;
#7194 = CARTESIAN_POINT ( 'NONE',  ( -0.4035379393078605825, 0.1622047244094487750, -0.3405511809914499310 ) ) ;
#7195 = DIRECTION ( 'NONE',  ( 1.098777426433149983E-15, -2.220446049250329844E-16, -1.000000000000000000 ) ) ;
#7196 = VECTOR ( 'NONE', #1128, 39.37007874015748143 ) ;
#7197 = VECTOR ( 'NONE', #7203, 39.37007874015748854 ) ;
#7198 = ORIENTED_EDGE ( 'NONE', *, *, #2623, .F. ) ;
#7199 = AXIS2_PLACEMENT_3D ( 'NONE', #7259, #1737, #960 ) ;
#7200 = CIRCLE ( 'NONE', #5715, 0.007874015748031516770 ) ;
#7201 = ORIENTED_EDGE ( 'NONE', *, *, #5938, .T. ) ;
#7202 = DIRECTION ( 'NONE',  ( 1.558264886965240570E-15, 0.9659953486406804846, -0.2585594446245781941 ) ) ;
#7203 = DIRECTION ( 'NONE',  ( 1.870278057786094968E-14, 0.8576492835019019489, -0.5142350693104019710 ) ) ;
#7204 = CARTESIAN_POINT ( 'NONE',  ( -0.5196842254821751883, 0.2933070866141731514, -0.01970781430357135613 ) ) ;
#7205 = CARTESIAN_POINT ( 'NONE',  ( -0.05314399386119541407, -0.1003936897637803943, -0.1358288863528355761 ) ) ;
#7206 = DIRECTION ( 'NONE',  ( 1.000000000000000000, 1.559414442564740059E-16, -1.110223024625159992E-16 ) ) ;
#7207 = DIRECTION ( 'NONE',  ( -1.259585646868319844E-15, -1.000000000000000000, -1.663688472766219883E-30 ) ) ;
#7208 = ORIENTED_EDGE ( 'NONE', *, *, #5882, .F. ) ;
#7209 = VERTEX_POINT ( 'NONE', #4311 ) ;
#7210 = ADVANCED_FACE ( 'NONE', ( #5765 ), #5914, .F. ) ;
#7211 = CIRCLE ( 'NONE', #6041, 0.01552990469826760062 ) ;
#7212 = VECTOR ( 'NONE', #4005, 39.37007874015748854 ) ;
#7213 = VECTOR ( 'NONE', #2020, 39.37007874015748854 ) ;
#7214 = VERTEX_POINT ( 'NONE', #9796 ) ;
#7215 = EDGE_CURVE ( 'NONE', #10076, #8001, #347, .T. ) ;
#7216 = LINE ( 'NONE', #8931, #1760 ) ;
#7217 = ORIENTED_EDGE ( 'NONE', *, *, #3297, .T. ) ;
#7218 = CARTESIAN_POINT ( 'NONE',  ( -0.5531442385204589085, 0.4980314960629916299, -0.3165430069310066763 ) ) ;
#7219 = LINE ( 'NONE', #8935, #7278 ) ;
#7220 = LINE ( 'NONE', #4147, #1946 ) ;
#7221 = AXIS2_PLACEMENT_3D ( 'NONE', #4620, #5596, #4035 ) ;
#7222 = LINE ( 'NONE', #7173, #6767 ) ;
#7223 = DIRECTION ( 'NONE',  ( 1.000000000000000000, 6.123638448986479919E-17, -6.245969335281450904E-16 ) ) ;
#7224 = CARTESIAN_POINT ( 'NONE',  ( -0.03936471096139967235, 0.4239038302175392459, 0.01574803160697565291 ) ) ;
#7225 = EDGE_LOOP ( 'NONE', ( #7014, #7829, #1437, #758 ) ) ;
#7226 = EDGE_CURVE ( 'NONE', #3747, #10076, #8996, .T. ) ;
#7227 = ORIENTED_EDGE ( 'NONE', *, *, #7177, .F. ) ;
#7228 = AXIS2_PLACEMENT_3D ( 'NONE', #6949, #9512, #1586 ) ;
#7229 = ORIENTED_EDGE ( 'NONE', *, *, #8051, .T. ) ;
#7230 = ADVANCED_FACE ( 'NONE', ( #5241 ), #8591, .T. ) ;
#7231 = CARTESIAN_POINT ( 'NONE',  ( -0.4157984591073162206, 0.1240157480314911520, -0.3534859450570232986 ) ) ;
#7232 = CARTESIAN_POINT ( 'NONE',  ( -0.2755905509458358438, 0.2421259842519683514, -1.138746674602552967E-05 ) ) ;
#7233 = ORIENTED_EDGE ( 'NONE', *, *, #3455, .F. ) ;
#7234 = DIRECTION ( 'NONE',  ( 1.908195823574486226E-14, 0.000000000000000000, -1.000000000000000000 ) ) ;
#7235 = CARTESIAN_POINT ( 'NONE',  ( -0.4960549391375220218, 0.01968503937007875723, -0.1949023870358780608 ) ) ;
#7236 = DIRECTION ( 'NONE',  ( 1.000000000000000000, -1.259585646868319844E-15, 0.000000000000000000 ) ) ;
#7237 = EDGE_CURVE ( 'NONE', #7262, #6597, #5402, .T. ) ;
#7238 = LINE ( 'NONE', #1817, #8295 ) ;
#7239 = ORIENTED_EDGE ( 'NONE', *, *, #5569, .T. ) ;
#7240 = VECTOR ( 'NONE', #930, 39.37007874015748854 ) ;
#7241 = VERTEX_POINT ( 'NONE', #3845 ) ;
#7242 = CARTESIAN_POINT ( 'NONE',  ( -0.03936926444221768712, 0.3231772573438815299, -0.01970781430357135613 ) ) ;
#7243 = CARTESIAN_POINT ( 'NONE',  ( -0.4665300652921126612, -0.1082677165354328924, -0.0005186962563802377003 ) ) ;
#7244 = DIRECTION ( 'NONE',  ( 0.9999999991463189852, 1.626294858948754894E-16, 4.132023648205400212E-05 ) ) ;
#7245 = ADVANCED_FACE ( 'NONE', ( #6131 ), #9325, .T. ) ;
#7246 = CARTESIAN_POINT ( 'NONE',  ( 5.368377182524071726E-06, 0.3257513976731640781, -0.2155511810645499016 ) ) ;
#7247 = ADVANCED_FACE ( 'NONE', ( #8424, #6916 ), #1290, .T. ) ;
#7248 = FACE_OUTER_BOUND ( 'NONE', #10021, .T. ) ;
#7249 = AXIS2_PLACEMENT_3D ( 'NONE', #5698, #4872, #7263 ) ;
#7250 = ORIENTED_EDGE ( 'NONE', *, *, #10191, .F. ) ;
#7251 = AXIS2_PLACEMENT_3D ( 'NONE', #707, #4763, #9517 ) ;
#7252 = AXIS2_PLACEMENT_3D ( 'NONE', #6876, #5155, #521 ) ;
#7253 = ORIENTED_EDGE ( 'NONE', *, *, #10002, .F. ) ;
#7254 = FACE_OUTER_BOUND ( 'NONE', #1413, .T. ) ;
#7255 = CARTESIAN_POINT ( 'NONE',  ( -0.5649552621425060206, 0.2696028754788729609, -0.3405511809914499310 ) ) ;
#7256 = CARTESIAN_POINT ( 'NONE',  ( -0.1161363645047141513, 0.007874015748028716927, -0.3405511809914488208 ) ) ;
#7257 = DIRECTION ( 'NONE',  ( -1.956239355474899994E-14, 2.220446049250560093E-16, 1.000000000000000000 ) ) ;
#7258 = CARTESIAN_POINT ( 'NONE',  ( -0.5531442385204589085, 0.4862204724409451839, -0.1633858266607408349 ) ) ;
#7259 = CARTESIAN_POINT ( 'NONE',  ( -0.5118088270308205345, 0.000000000000000000, -0.05513925834337916193 ) ) ;
#7260 = ORIENTED_EDGE ( 'NONE', *, *, #3349, .T. ) ;
#7261 = VECTOR ( 'NONE', #884, 39.37007874015748143 ) ;
#7262 = VERTEX_POINT ( 'NONE', #7018 ) ;
#7263 = DIRECTION ( 'NONE',  ( 1.951563910473907350E-14, 3.523657060577888227E-15, -1.000000000000000000 ) ) ;
#7264 = ORIENTED_EDGE ( 'NONE', *, *, #9622, .F. ) ;
#7265 = LINE ( 'NONE', #3167, #8858 ) ;
#7266 = DIRECTION ( 'NONE',  ( 0.000000000000000000, 1.000000000000000000, -2.220446041624741809E-16 ) ) ;
#7267 = VECTOR ( 'NONE', #9366, 39.37007874015748143 ) ;
#7268 = CARTESIAN_POINT ( 'NONE',  ( -0.5314938663831132448, 0.01968503937007875723, -0.05317156779685343337 ) ) ;
#7269 = CARTESIAN_POINT ( 'NONE',  ( -0.4084218461458216098, -0.1156854394007140324, 0.01377952766995788753 ) ) ;
#7270 = CARTESIAN_POINT ( 'NONE',  ( -0.03542770245871264961, 0.2755905511811020947, -0.1299227238344757562 ) ) ;
#7271 = DIRECTION ( 'NONE',  ( 0.9999999991463189852, 2.168393145264624913E-16, 4.132023648378139368E-05 ) ) ;
#7272 = ORIENTED_EDGE ( 'NONE', *, *, #7888, .F. ) ;
#7273 = EDGE_CURVE ( 'NONE', #8272, #4407, #6234, .T. ) ;
#7274 = CIRCLE ( 'NONE', #1472, 0.01181102362204724046 ) ;
#7275 = CIRCLE ( 'NONE', #2784, 0.01181102362204724567 ) ;
#7276 = ORIENTED_EDGE ( 'NONE', *, *, #4933, .T. ) ;
#7277 = VERTEX_POINT ( 'NONE', #5296 ) ;
#7278 = VECTOR ( 'NONE', #4970, 39.37007874015748854 ) ;
#7279 = CARTESIAN_POINT ( 'NONE',  ( -0.3877899078117976184, 0.2342519685039246014, 0.01574803160697565291 ) ) ;
#7280 = ADVANCED_FACE ( 'NONE', ( #4679 ), #2069, .T. ) ;
#7281 = CARTESIAN_POINT ( 'NONE',  ( -0.3640565629341019349, -0.1299572652927009631, -0.2499977115701836894 ) ) ;
#7282 = EDGE_LOOP ( 'NONE', ( #8371, #10284, #10270, #6067, #9438, #4155, #8410, #8697, #3864, #69, #4966, #5173 ) ) ;
#7283 = EDGE_CURVE ( 'NONE', #2795, #4243, #6519, .T. ) ;
#7284 = LINE ( 'NONE', #152, #6814 ) ;
#7285 = DIRECTION ( 'NONE',  ( 1.098777426433149983E-15, -2.220446049250329844E-16, -1.000000000000000000 ) ) ;
#7286 = AXIS2_PLACEMENT_3D ( 'NONE', #5106, #3541, #9708 ) ;
#7287 = DIRECTION ( 'NONE',  ( 1.445602896647339163E-16, -1.000000000000000000, -1.734723475976806897E-15 ) ) ;
#7288 = CARTESIAN_POINT ( 'NONE',  ( -0.5528651271795625988, 0.4839970494307673232, -0.3181541510605147560 ) ) ;
#7289 = ORIENTED_EDGE ( 'NONE', *, *, #4054, .F. ) ;
#7290 = EDGE_CURVE ( 'NONE', #9996, #6176, #4632, .T. ) ;
#7291 = ORIENTED_EDGE ( 'NONE', *, *, #10033, .T. ) ;
#7292 = VECTOR ( 'NONE', #4912, 39.37007874015748143 ) ;
#7293 = EDGE_CURVE ( 'NONE', #6774, #8671, #3631, .T. ) ;
#7294 = CARTESIAN_POINT ( 'NONE',  ( -0.4074749471818807645, -0.1082677165354328924, -0.3270588496977320792 ) ) ;
#7295 = CARTESIAN_POINT ( 'NONE',  ( -0.002495169433415443932, 0.4862160853704254881, -0.3169301037217283068 ) ) ;
#7296 = CARTESIAN_POINT ( 'NONE',  ( -0.5314938663831122456, 0.2933070866141731514, -0.01970781430357135613 ) ) ;
#7297 = CARTESIAN_POINT ( 'NONE',  ( -0.05708124639447897247, -0.1035381541856675996, -0.3371885655731935993 ) ) ;
#7298 = VECTOR ( 'NONE', #8567, 39.37007874015748143 ) ;
#7299 = ORIENTED_EDGE ( 'NONE', *, *, #5330, .F. ) ;
#7300 = ADVANCED_FACE ( 'NONE', ( #3679, #2847 ), #671, .F. ) ;
#7301 = VERTEX_POINT ( 'NONE', #7753 ) ;
#7302 = DIRECTION ( 'NONE',  ( -2.669637467189900051E-16, 1.000000000000000000, -2.220446049250309876E-16 ) ) ;
#7303 = DIRECTION ( 'NONE',  ( 1.000000000000000000, 0.000000000000000000, 1.084202172485501673E-15 ) ) ;
#7304 = CARTESIAN_POINT ( 'NONE',  ( -2.698415965320556105E-16, 0.3257513976444398329, -0.04429133862079176476 ) ) ;
#7305 = CARTESIAN_POINT ( 'NONE',  ( -0.3759788841897500622, 0.03346456692912580522, -0.3425196849284575795 ) ) ;
#7306 = DIRECTION ( 'NONE',  ( 4.132023644642084391E-05, 1.927470528863104750E-16, -0.9999999991463189852 ) ) ;
#7307 = CYLINDRICAL_SURFACE ( 'NONE', #726, 0.1141732283464567260 ) ;
#7308 = EDGE_LOOP ( 'NONE', ( #4255, #1104 ) ) ;
#7309 = VERTEX_POINT ( 'NONE', #8640 ) ;
#7310 = DIRECTION ( 'NONE',  ( 0.0008255066504744835694, 0.000000000000000000, -0.9999996592693269903 ) ) ;
#7311 = ORIENTED_EDGE ( 'NONE', *, *, #8907, .F. ) ;
#7312 = LINE ( 'NONE', #5901, #9704 ) ;
#7313 = CIRCLE ( 'NONE', #8662, 0.007874015748031516770 ) ;
#7314 = CARTESIAN_POINT ( 'NONE',  ( 0.01181639140080324030, 0.01968503937007875723, -0.3385826770544400621 ) ) ;
#7315 = EDGE_CURVE ( 'NONE', #4775, #3475, #6823, .T. ) ;
#7316 = CARTESIAN_POINT ( 'NONE',  ( -0.3956639235598342630, 0.01968503937007875723, 0.01377952766996799576 ) ) ;
#7317 = CARTESIAN_POINT ( 'NONE',  ( -0.4035379393078605825, 0.1622047244094487750, 0.001968504047920685909 ) ) ;
#7318 = CARTESIAN_POINT ( 'NONE',  ( -0.4665300652921126612, -0.03819412915420820204, -0.3371885656452357494 ) ) ;
#7319 = CYLINDRICAL_SURFACE ( 'NONE', #4537, 0.04527559055118110520 ) ;
#7320 = ORIENTED_EDGE ( 'NONE', *, *, #6463, .F. ) ;
#7321 = ORIENTED_EDGE ( 'NONE', *, *, #7606, .T. ) ;
#7322 = ORIENTED_EDGE ( 'NONE', *, *, #562, .F. ) ;
#7323 = CARTESIAN_POINT ( 'NONE',  ( -2.828215068336530423E-16, 0.3199794100320904056, -0.2032062517978184546 ) ) ;
#7324 = ORIENTED_EDGE ( 'NONE', *, *, #4304, .T. ) ;
#7325 = DIRECTION ( 'NONE',  ( 0.000000000000000000, 0.000000000000000000, 1.000000000000000000 ) ) ;
#7326 = ORIENTED_EDGE ( 'NONE', *, *, #5115, .T. ) ;
#7327 = CARTESIAN_POINT ( 'NONE',  ( -0.5511811018916703553, 0.2480314960629948773, -2.277493349287061455E-05 ) ) ;
#7328 = LINE ( 'NONE', #3229, #8098 ) ;
#7329 = CARTESIAN_POINT ( 'NONE',  ( -0.4114119550558873462, 0.1240157480314958149, 0.01574803160696336066 ) ) ;
#7330 = DIRECTION ( 'NONE',  ( 7.937442533931479416E-15, 1.000000000000000000, 3.279770029231144718E-19 ) ) ;
#7331 = EDGE_CURVE ( 'NONE', #8501, #2112, #5459, .T. ) ;
#7332 = ADVANCED_FACE ( 'NONE', ( #9267 ), #1345, .F. ) ;
#7333 = ORIENTED_EDGE ( 'NONE', *, *, #6877, .T. ) ;
#7334 = VECTOR ( 'NONE', #9144, 39.37007874015748854 ) ;
#7335 = EDGE_CURVE ( 'NONE', #9903, #747, #5089, .T. ) ;
#7336 = CARTESIAN_POINT ( 'NONE',  ( 0.01181639140080515370, 0.4862204724409451839, -0.3354368577407543794 ) ) ;
#7337 = EDGE_CURVE ( 'NONE', #6577, #6714, #5844, .T. ) ;
#7338 = LINE ( 'NONE', #7979, #5918 ) ;
#7339 = FACE_OUTER_BOUND ( 'NONE', #2840, .T. ) ;
#7340 = CARTESIAN_POINT ( 'NONE',  ( -0.5531421091774029186, 0.03072652636145695865, 0.008502338995539494501 ) ) ;
#7341 = EDGE_CURVE ( 'NONE', #2507, #10086, #5015, .T. ) ;
#7342 = VECTOR ( 'NONE', #10054, 39.37007874015748143 ) ;
#7343 = ORIENTED_EDGE ( 'NONE', *, *, #1829, .T. ) ;
#7344 = EDGE_CURVE ( 'NONE', #1364, #3818, #6016, .T. ) ;
#7345 = ORIENTED_EDGE ( 'NONE', *, *, #8126, .F. ) ;
#7346 = CARTESIAN_POINT ( 'NONE',  ( -0.5531442385204589085, 0.1622047244094487750, 0.01377952766996799576 ) ) ;
#7347 = DIRECTION ( 'NONE',  ( 1.000000000000000000, 0.000000000000000000, -9.035018104045872913E-16 ) ) ;
#7348 = CIRCLE ( 'NONE', #5854, 0.007874015748031516770 ) ;
#7349 = CARTESIAN_POINT ( 'NONE',  ( -0.4468450259220339005, 0.1555118110236174966, -0.3543307085505046361 ) ) ;
#7350 = VECTOR ( 'NONE', #6530, 39.37007874015748143 ) ;
#7351 = CARTESIAN_POINT ( 'NONE',  ( -0.3169157942321246813, 0.4074803149523592016, -0.01574803122046314341 ) ) ;
#7352 = DIRECTION ( 'NONE',  ( 1.000000000000000000, -1.233581139564489825E-16, 0.000000000000000000 ) ) ;
#7353 = DIRECTION ( 'NONE',  ( -1.000000000000000000, 9.634711363903441210E-15, -1.929231152724350329E-14 ) ) ;
#7354 = EDGE_CURVE ( 'NONE', #2090, #8669, #9194, .T. ) ;
#7355 = EDGE_LOOP ( 'NONE', ( #6743, #8968, #7154, #3536 ) ) ;
#7356 = ORIENTED_EDGE ( 'NONE', *, *, #7832, .T. ) ;
#7357 = VECTOR ( 'NONE', #3305, 39.37007874015748143 ) ;
#7358 = CIRCLE ( 'NONE', #2537, 0.01968503937007873988 ) ;
#7359 = CYLINDRICAL_SURFACE ( 'NONE', #2264, 0.04527559055118110520 ) ;
#7360 = ORIENTED_EDGE ( 'NONE', *, *, #8948, .T. ) ;
#7361 = DIRECTION ( 'NONE',  ( -0.000000000000000000, -0.000000000000000000, -1.000000000000000000 ) ) ;
#7362 = DIRECTION ( 'NONE',  ( -1.000000000000000000, 0.000000000000000000, 8.466415384531750179E-16 ) ) ;
#7363 = CARTESIAN_POINT ( 'NONE',  ( -0.1338560714672580310, 0.01968503937007875723, -0.05315513730911535645 ) ) ;
#7364 = CARTESIAN_POINT ( 'NONE',  ( 1.333960390283828660E-05, 0.01968503937007821253, -0.3228346453936932203 ) ) ;
#7365 = DIRECTION ( 'NONE',  ( 1.320822031358179910E-15, 0.000000000000000000, -1.000000000000000000 ) ) ;
#7366 = EDGE_CURVE ( 'NONE', #2854, #8258, #4033, .T. ) ;
#7367 = DIRECTION ( 'NONE',  ( 6.123638448986479919E-17, -1.000000000000000000, -9.958396954279598582E-17 ) ) ;
#7368 = VECTOR ( 'NONE', #7135, 39.37007874015748143 ) ;
#7369 = PRODUCT_DEFINITION ( 'UNKNOWN', '', #2151, #2829 ) ;
#7370 = VERTEX_POINT ( 'NONE', #3211 ) ;
#7371 = EDGE_CURVE ( 'NONE', #2566, #4845, #8688, .T. ) ;
#7372 = ORIENTED_EDGE ( 'NONE', *, *, #5632, .T. ) ;
#7373 = EDGE_LOOP ( 'NONE', ( #1076, #556, #6858, #564, #6915, #7917 ) ) ;
#7374 = VECTOR ( 'NONE', #8291, 39.37007874015748143 ) ;
#7375 = CARTESIAN_POINT ( 'NONE',  ( -0.0005220912571095467870, 0.4842519684980733374, -0.009268655040626230454 ) ) ;
#7376 = ORIENTED_EDGE ( 'NONE', *, *, #7989, .T. ) ;
#7377 = DIRECTION ( 'NONE',  ( -1.000000000000000000, 2.982960006829620341E-15, 8.466415384531759054E-16 ) ) ;
#7378 = EDGE_LOOP ( 'NONE', ( #5197, #1177, #2362, #10144 ) ) ;
#7379 = FACE_OUTER_BOUND ( 'NONE', #8141, .T. ) ;
#7380 = CARTESIAN_POINT ( 'NONE',  ( -0.5531442385204587975, 0.4826976209588383360, -0.007153153099429176466 ) ) ;
#7381 = CARTESIAN_POINT ( 'NONE',  ( -0.01377415978030067413, 0.2696028754788729609, -0.3405511809914504862 ) ) ;
#7382 = PLANE ( 'NONE',  #1804 ) ;
#7383 = ORIENTED_EDGE ( 'NONE', *, *, #291, .T. ) ;
#7384 = CIRCLE ( 'NONE', #1235, 0.01968503937007873988 ) ;
#7385 = ORIENTED_EDGE ( 'NONE', *, *, #9462, .F. ) ;
#7386 = ORIENTED_EDGE ( 'NONE', *, *, #2194, .T. ) ;
#7387 = LINE ( 'NONE', #1980, #3343 ) ;
#7388 = AXIS2_PLACEMENT_3D ( 'NONE', #4706, #754, #3929 ) ;
#7389 = PLANE ( 'NONE',  #9761 ) ;
#7390 = EDGE_CURVE ( 'NONE', #781, #3973, #4097, .T. ) ;
#7391 = CARTESIAN_POINT ( 'NONE',  ( -0.5157346918699158289, 0.4645669291338582196, -0.01970781430357135613 ) ) ;
#7392 = LINE ( 'NONE', #3199, #3792 ) ;
#7393 = CARTESIAN_POINT ( 'NONE',  ( -0.5649552621425060206, 0.2342519685039300692, -0.3543307085505046361 ) ) ;
#7394 = VERTEX_POINT ( 'NONE', #6289 ) ;
#7395 = EDGE_CURVE ( 'NONE', #654, #5305, #137, .T. ) ;
#7396 = ORIENTED_EDGE ( 'NONE', *, *, #5970, .F. ) ;
#7397 = EDGE_LOOP ( 'NONE', ( #10219, #2477, #2486, #8624 ) ) ;
#7398 = PLANE ( 'NONE',  #5589 ) ;
#7399 = EDGE_CURVE ( 'NONE', #7903, #8288, #6480, .T. ) ;
#7400 = EDGE_CURVE ( 'NONE', #2312, #3188, #770, .T. ) ;
#7401 = CARTESIAN_POINT ( 'NONE',  ( -0.4507820337960491974, 0.1149606299212581617, 0.01377952766996799576 ) ) ;
#7402 = CARTESIAN_POINT ( 'NONE',  ( -0.03345122730298927261, 0.3231772573438818075, -0.01970781430357135613 ) ) ;
#7403 = CARTESIAN_POINT ( 'NONE',  ( -0.3759788841897500622, 0.2224409448818800150, 0.01574803160697565291 ) ) ;
#7404 = DIRECTION ( 'NONE',  ( -1.000000000000000000, 0.000000000000000000, 0.000000000000000000 ) ) ;
#7405 = DIRECTION ( 'NONE',  ( -4.132023648018220161E-05, -7.221721796416450051E-17, 0.9999999991463189852 ) ) ;
#7406 = ORIENTED_EDGE ( 'NONE', *, *, #3987, .T. ) ;
#7407 = ORIENTED_EDGE ( 'NONE', *, *, #1822, .T. ) ;
#7408 = EDGE_CURVE ( 'NONE', #5656, #3583, #7689, .T. ) ;
#7409 = VECTOR ( 'NONE', #2626, 39.37007874015748143 ) ;
#7410 = ORIENTED_EDGE ( 'NONE', *, *, #9783, .T. ) ;
#7411 = EDGE_CURVE ( 'NONE', #9084, #479, #3198, .T. ) ;
#7412 = DIRECTION ( 'NONE',  ( -0.000000000000000000, -1.000000000000000000, -0.000000000000000000 ) ) ;
#7413 = ORIENTED_EDGE ( 'NONE', *, *, #677, .F. ) ;
#7414 = CARTESIAN_POINT ( 'NONE',  ( -0.03541973123199015916, 0.000000000000000000, -0.3228361094965610523 ) ) ;
#7415 = DIRECTION ( 'NONE',  ( 1.000000000000000000, -1.259585646868319844E-15, 0.000000000000000000 ) ) ;
#7416 = DIRECTION ( 'NONE',  ( 1.460128860962150031E-13, 1.000000000000000000, 3.650322152405474915E-13 ) ) ;
#7417 = CYLINDRICAL_SURFACE ( 'NONE', #4117, 0.01574803149606299191 ) ;
#7418 = DIRECTION ( 'NONE',  ( 0.000000000000000000, 5.782411586589356455E-15, 1.000000000000000000 ) ) ;
#7419 = VECTOR ( 'NONE', #531, 39.37007874015748143 ) ;
#7420 = PLANE ( 'NONE',  #7033 ) ;
#7421 = VECTOR ( 'NONE', #6204, 39.37007874015748854 ) ;
#7422 = ORIENTED_EDGE ( 'NONE', *, *, #3147, .F. ) ;
#7423 = VERTEX_POINT ( 'NONE', #10317 ) ;
#7424 = EDGE_LOOP ( 'NONE', ( #5489, #755, #8163, #901, #822, #2980, #9538, #5761, #3829, #5600 ) ) ;
#7425 = TOROIDAL_SURFACE ( 'NONE', #2116, 0.01968503937007903132, 0.007874015748031626058 ) ;
#7426 = VECTOR ( 'NONE', #4315, 39.37007874015748143 ) ;
#7427 = EDGE_CURVE ( 'NONE', #9179, #4700, #2430, .T. ) ;
#7428 = LINE ( 'NONE', #7279, #5713 ) ;
#7429 = ORIENTED_EDGE ( 'NONE', *, *, #6264, .T. ) ;
#7430 = CARTESIAN_POINT ( 'NONE',  ( -0.003931640095259656201, 0.4675598519649055707, 0.02755905522902296276 ) ) ;
#7431 = ORIENTED_EDGE ( 'NONE', *, *, #5809, .F. ) ;
#7432 = CARTESIAN_POINT ( 'NONE',  ( -0.5511810154746037416, 0.02497524227597527902, -0.002114173117433575458 ) ) ;
#7433 = CARTESIAN_POINT ( 'NONE',  ( -0.003764270458074713260, 0.4706398105820679967, -0.3425170162765702742 ) ) ;
#7434 = DIRECTION ( 'NONE',  ( -0.9999996298403813766, 0.0002426064928955201086, -0.0008255066261800503508 ) ) ;
#7435 = CARTESIAN_POINT ( 'NONE',  ( -0.4448685501376358209, 0.1200787401492105638, 2.755981239372299547E-10 ) ) ;
#7436 = CARTESIAN_POINT ( 'NONE',  ( -0.1338534686177134114, 0.1791228604982141870, -0.1161472632379161596 ) ) ;
#7437 = ORIENTED_EDGE ( 'NONE', *, *, #156, .T. ) ;
#7438 = AXIS2_PLACEMENT_3D ( 'NONE', #9302, #2095, #10138 ) ;
#7439 = AXIS2_PLACEMENT_3D ( 'NONE', #3509, #1902, #8363 ) ;
#7440 = EDGE_LOOP ( 'NONE', ( #4736, #2160, #4625, #7578 ) ) ;
#7441 = ORIENTED_EDGE ( 'NONE', *, *, #362, .F. ) ;
#7442 = VECTOR ( 'NONE', #3758, 39.37007874015748143 ) ;
#7443 = DIRECTION ( 'NONE',  ( 2.984032525197640007E-21, -1.000000000000000000, -7.221721790251659849E-17 ) ) ;
#7444 = CARTESIAN_POINT ( 'NONE',  ( -0.4074749471818813196, -0.06074340428933617392, -0.003103332228540043973 ) ) ;
#7445 = DIRECTION ( 'NONE',  ( 2.439775995528935424E-31, 1.000000000000000000, -2.220446049250329844E-16 ) ) ;
#7446 = DIRECTION ( 'NONE',  ( 2.891205805630489746E-16, -1.000000000000000000, 0.000000000000000000 ) ) ;
#7447 = CARTESIAN_POINT ( 'NONE',  ( -0.1338534686177145216, 0.01377952755905360177, -0.1161472632379161596 ) ) ;
#7448 = VECTOR ( 'NONE', #1360, 39.37007874015748143 ) ;
#7449 = ORIENTED_EDGE ( 'NONE', *, *, #3663, .T. ) ;
#7450 = EDGE_LOOP ( 'NONE', ( #6426, #8359, #401, #576 ) ) ;
#7451 = CARTESIAN_POINT ( 'NONE',  ( -0.4547190416700650495, 0.1476377952755860423, 0.02755905522902296276 ) ) ;
#7452 = AXIS2_PLACEMENT_3D ( 'NONE', #8657, #2449, #5626 ) ;
#7453 = CARTESIAN_POINT ( 'NONE',  ( -0.4547190416700650495, 0.1476377952755860423, 0.01574803160697565291 ) ) ;
#7454 = EDGE_CURVE ( 'NONE', #3919, #8824, #1376, .T. ) ;
#7455 = LINE ( 'NONE', #1157, #9116 ) ;
#7456 = DIRECTION ( 'NONE',  ( 1.241154504388520031E-14, 1.000000000000000000, 0.000000000000000000 ) ) ;
#7457 = LINE ( 'NONE', #325, #3816 ) ;
#7458 = CARTESIAN_POINT ( 'NONE',  ( -0.03936194480172658383, 0.01377952755905360177, -0.1968520203137001934 ) ) ;
#7459 = ORIENTED_EDGE ( 'NONE', *, *, #9595, .F. ) ;
#7460 = EDGE_CURVE ( 'NONE', #7474, #5617, #7265, .T. ) ;
#7461 = VECTOR ( 'NONE', #8146, 39.37007874015748854 ) ;
#7462 = EDGE_CURVE ( 'NONE', #9597, #4152, #6336, .T. ) ;
#7463 = ORIENTED_EDGE ( 'NONE', *, *, #3582, .F. ) ;
#7464 = DIRECTION ( 'NONE',  ( 4.132023649483959854E-05, 2.590038523190449370E-16, -0.9999999991463189852 ) ) ;
#7465 = ORIENTED_EDGE ( 'NONE', *, *, #1302, .T. ) ;
#7466 = LINE ( 'NONE', #280, #4861 ) ;
#7467 = EDGE_CURVE ( 'NONE', #343, #997, #823, .T. ) ;
#7468 = DIRECTION ( 'NONE',  ( 4.078893220340669608E-32, -2.220446049250309876E-16, -1.000000000000000000 ) ) ;
#7469 = ADVANCED_FACE ( 'NONE', ( #8887 ), #3898, .T. ) ;
#7470 = CARTESIAN_POINT ( 'NONE',  ( -0.04133297024923053564, 0.05511811023621959738, -0.1358283983185490373 ) ) ;
#7471 = CARTESIAN_POINT ( 'NONE',  ( -0.5452702227724276485, 0.02165354330708013295, 0.007874015858944203791 ) ) ;
#7472 = LINE ( 'NONE', #7318, #10058 ) ;
#7473 = CARTESIAN_POINT ( 'NONE',  ( -0.4586560495440809571, 0.1543307086614156831, 0.01377952766996799576 ) ) ;
#7474 = VERTEX_POINT ( 'NONE', #3260 ) ;
#7475 = VERTEX_POINT ( 'NONE', #6431 ) ;
#7476 = ADVANCED_FACE ( 'NONE', ( #9634 ), #5798, .F. ) ;
#7477 = ORIENTED_EDGE ( 'NONE', *, *, #862, .T. ) ;
#7478 = CIRCLE ( 'NONE', #3002, 0.02362204724409448092 ) ;
#7479 = ORIENTED_EDGE ( 'NONE', *, *, #1994, .F. ) ;
#7480 = PLANE ( 'NONE',  #5210 ) ;
#7481 = ORIENTED_EDGE ( 'NONE', *, *, #3085, .F. ) ;
#7482 = CARTESIAN_POINT ( 'NONE',  ( 0.04557623434267695645, 0.3464566924999992747, -0.1299212597316068141 ) ) ;
#7483 = ORIENTED_EDGE ( 'NONE', *, *, #2131, .T. ) ;
#7484 = CARTESIAN_POINT ( 'NONE',  ( -0.04133776837922725766, 0.3053926301065230109, -0.01970781430357135613 ) ) ;
#7485 = CARTESIAN_POINT ( 'NONE',  ( -0.5118030519583994797, 0.01377952755905360177, -0.1949030377516246526 ) ) ;
#7486 = LINE ( 'NONE', #5244, #118 ) ;
#7487 = LINE ( 'NONE', #2910, #3225 ) ;
#7488 = DIRECTION ( 'NONE',  ( 1.320822031358179910E-15, 0.000000000000000000, -1.000000000000000000 ) ) ;
#7489 = ORIENTED_EDGE ( 'NONE', *, *, #6657, .F. ) ;
#7490 = VECTOR ( 'NONE', #8326, 39.37007874015748143 ) ;
#7491 = EDGE_CURVE ( 'NONE', #4845, #7394, #7466, .T. ) ;
#7492 = ORIENTED_EDGE ( 'NONE', *, *, #4538, .F. ) ;
#7493 = ORIENTED_EDGE ( 'NONE', *, *, #7150, .F. ) ;
#7494 = LINE ( 'NONE', #8133, #4522 ) ;
#7495 = LINE ( 'NONE', #2083, #8428 ) ;
#7496 = CARTESIAN_POINT ( 'NONE',  ( -0.2893703230144822336, 0.4074803149549243719, -0.01574803122046369158 ) ) ;
#7497 = FACE_OUTER_BOUND ( 'NONE', #1204, .T. ) ;
#7498 = B_SPLINE_CURVE_WITH_KNOTS ( 'NONE', 3,
 ( #7700, #5975, #2324, #10062 ),
 .UNSPECIFIED., .F., .F.,
 ( 4, 4 ),
 ( 0.000000000000000000, 1.000000000000000000 ),
 .UNSPECIFIED. ) ;
#7499 = VERTEX_POINT ( 'NONE', #8153 ) ;
#7500 = EDGE_CURVE ( 'NONE', #4127, #988, #7034, .T. ) ;
#7501 = VERTEX_POINT ( 'NONE', #1898 ) ;
#7502 = ORIENTED_EDGE ( 'NONE', *, *, #3361, .T. ) ;
#7503 = CARTESIAN_POINT ( 'NONE',  ( -0.5236198506427892641, 0.000000000000000000, -0.05317124244066077227 ) ) ;
#7504 = VECTOR ( 'NONE', #7464, 39.37007874015748854 ) ;
#7505 = DIRECTION ( 'NONE',  ( 4.132023649155090842E-05, 7.221721796416660824E-17, -0.9999999991463190963 ) ) ;
#7506 = CARTESIAN_POINT ( 'NONE',  ( -0.4468450259220339005, 0.1318897637795195810, -0.3543307085505046361 ) ) ;
#7507 = CARTESIAN_POINT ( 'NONE',  ( 5.368377182532709768E-06, 0.2755905511811020947, -0.1299212597316068418 ) ) ;
#7508 = DIRECTION ( 'NONE',  ( -1.098777426433149983E-15, 2.220446049250329844E-16, 1.000000000000000000 ) ) ;
#7509 = DIRECTION ( 'NONE',  ( 1.559456281198720078E-15, 6.459479416000690079E-16, -1.000000000000000000 ) ) ;
#7510 = ORIENTED_EDGE ( 'NONE', *, *, #5882, .T. ) ;
#7511 = ORIENTED_EDGE ( 'NONE', *, *, #4701, .F. ) ;
#7512 = AXIS2_PLACEMENT_3D ( 'NONE', #4843, #6549, #5625 ) ;
#7514 = CARTESIAN_POINT ( 'NONE',  ( -0.5137741597803013871, 0.2480314960629948773, 0.009696850504613734392 ) ) ;
#7513 = AXIS2_PLACEMENT_3D ( 'NONE', #10210, #3011, #3796 ) ;
#7515 = ORIENTED_EDGE ( 'NONE', *, *, #9971, .F. ) ;
#7516 = FACE_OUTER_BOUND ( 'NONE', #1996, .T. ) ;
#7517 = FACE_OUTER_BOUND ( 'NONE', #5370, .T. ) ;
#7518 = DIRECTION ( 'NONE',  ( 1.000000000000000000, 0.000000000000000000, 1.084202172485504434E-15 ) ) ;
#7519 = DIRECTION ( 'NONE',  ( 8.466415384531749193E-16, -9.958396954279598582E-17, 1.000000000000000000 ) ) ;
#7520 = DIRECTION ( 'NONE',  ( -2.947193223346190172E-16, 1.000000000000000000, 0.000000000000000000 ) ) ;
#7521 = ADVANCED_FACE ( 'NONE', ( #7516 ), #387, .F. ) ;
#7522 = CARTESIAN_POINT ( 'NONE',  ( -0.3759788841897500622, 0.2224409448818800150, -0.3543307085505046361 ) ) ;
#7523 = ORIENTED_EDGE ( 'NONE', *, *, #2502, .F. ) ;
#7524 = AXIS2_PLACEMENT_3D ( 'NONE', #9204, #6797, #3622 ) ;
#7525 = VECTOR ( 'NONE', #9671, 39.37007874015748143 ) ;
#7526 = EDGE_LOOP ( 'NONE', ( #6564, #7167, #8587, #1664 ) ) ;
#7527 = EDGE_CURVE ( 'NONE', #8997, #785, #3355, .T. ) ;
#7528 = ORIENTED_EDGE ( 'NONE', *, *, #6630, .F. ) ;
#7529 = CARTESIAN_POINT ( 'NONE',  ( -0.5527505377330569347, 0.2480314960629948773, 0.01377952766996799576 ) ) ;
#7530 = ORIENTED_EDGE ( 'NONE', *, *, #5439, .F. ) ;
#7531 = PLANE ( 'NONE',  #7869 ) ;
#7532 = LINE ( 'NONE', #1969, #5983 ) ;
#7533 = VECTOR ( 'NONE', #3254, 39.37007874015748143 ) ;
#7534 = LINE ( 'NONE', #6752, #1102 ) ;
#7535 = AXIS2_PLACEMENT_3D ( 'NONE', #3765, #5375, #697 ) ;
#7536 = LINE ( 'NONE', #407, #1773 ) ;
#7537 = EDGE_CURVE ( 'NONE', #785, #9985, #7312, .T. ) ;
#7538 = LINE ( 'NONE', #3686, #9886 ) ;
#7539 = DIRECTION ( 'NONE',  ( -1.000000000000000000, 0.000000000000000000, 6.245969335281450904E-16 ) ) ;
#7540 = ORIENTED_EDGE ( 'NONE', *, *, #5681, .T. ) ;
#7541 = AXIS2_PLACEMENT_3D ( 'NONE', #7672, #2097, #5380 ) ;
#7542 = ORIENTED_EDGE ( 'NONE', *, *, #7861, .T. ) ;
#7543 = EDGE_CURVE ( 'NONE', #9189, #8116, #8933, .T. ) ;
#7544 = CIRCLE ( 'NONE', #4558, 0.003937007874015724558 ) ;
#7545 = VECTOR ( 'NONE', #9056, 39.37007874015748143 ) ;
#7546 = CARTESIAN_POINT ( 'NONE',  ( -0.4035379393078605825, 0.1543307086614156831, -0.3405511809914499310 ) ) ;
#7547 = ORIENTED_EDGE ( 'NONE', *, *, #1867, .T. ) ;
#7548 = FACE_OUTER_BOUND ( 'NONE', #1490, .T. ) ;
#7549 = EDGE_CURVE ( 'NONE', #3203, #2686, #1121, .T. ) ;
#7550 = DIRECTION ( 'NONE',  ( -1.929231152724370208E-14, -1.421085471520169922E-14, 1.000000000000000000 ) ) ;
#7551 = DIRECTION ( 'NONE',  ( 1.322197771323786179E-15, 0.000000000000000000, -1.000000000000000000 ) ) ;
#7552 = DIRECTION ( 'NONE',  ( -1.000000000000000000, -6.123638448986479919E-17, 6.245969335281450904E-16 ) ) ;
#7553 = AXIS2_PLACEMENT_3D ( 'NONE', #5892, #6781, #8302 ) ;
#7554 = ORIENTED_EDGE ( 'NONE', *, *, #4560, .F. ) ;
#7555 = ORIENTED_EDGE ( 'NONE', *, *, #3175, .T. ) ;
#7556 = CIRCLE ( 'NONE', #3737, 0.03149606299212598381 ) ;
#7557 = EDGE_CURVE ( 'NONE', #7423, #2530, #182, .T. ) ;
#7558 = EDGE_CURVE ( 'NONE', #7613, #9995, #9779, .T. ) ;
#7559 = ORIENTED_EDGE ( 'NONE', *, *, #3020, .F. ) ;
#7560 = FACE_OUTER_BOUND ( 'NONE', #910, .T. ) ;
#7561 = DIRECTION ( 'NONE',  ( 0.000000000000000000, 1.000000000000000000, 7.812564189785108689E-16 ) ) ;
#7562 = DIRECTION ( 'NONE',  ( 1.000000000000000000, 0.000000000000000000, 1.084202172485501673E-15 ) ) ;
#7563 = DIRECTION ( 'NONE',  ( -1.578983857244669950E-15, 0.000000000000000000, 1.000000000000000000 ) ) ;
#7564 = CARTESIAN_POINT ( 'NONE',  ( -0.3759788841897500622, 0.03346456692912580522, 0.01574803160697565291 ) ) ;
#7565 = PLANE ( 'NONE',  #1046 ) ;
#7566 = VERTEX_POINT ( 'NONE', #8259 ) ;
#7567 = B_SPLINE_CURVE_WITH_KNOTS ( 'NONE', 3,
 ( #1427, #5429, #5534, #4758 ),
 .UNSPECIFIED., .F., .F.,
 ( 4, 4 ),
 ( 0.000000000000000000, 1.000000000000000000 ),
 .UNSPECIFIED. ) ;
#7568 = VERTEX_POINT ( 'NONE', #3506 ) ;
#7569 = CARTESIAN_POINT ( 'NONE',  ( -0.4664994584876268058, -0.1096117967702588542, 0.0002871963339950005809 ) ) ;
#7570 = ORIENTED_EDGE ( 'NONE', *, *, #3285, .F. ) ;
#7571 = DIRECTION ( 'NONE',  ( -4.078893220340669608E-32, 2.220446049250309876E-16, 1.000000000000000000 ) ) ;
#7572 = DIRECTION ( 'NONE',  ( -0.9284766908852770673, 2.775557561562650748E-15, 0.3713906763540590350 ) ) ;
#7573 = LINE ( 'NONE', #1070, #5772 ) ;
#7574 = CARTESIAN_POINT ( 'NONE',  ( 0.1574856827393862624, 0.2755905511811020947, -0.1299212597316068418 ) ) ;
#7575 = DIRECTION ( 'NONE',  ( 1.320820481978657157E-15, 0.000000000000000000, -1.000000000000000000 ) ) ;
#7576 = LINE ( 'NONE', #2005, #6866 ) ;
#7577 = ORIENTED_EDGE ( 'NONE', *, *, #9095, .F. ) ;
#7578 = ORIENTED_EDGE ( 'NONE', *, *, #2402, .T. ) ;
#7579 = VERTEX_POINT ( 'NONE', #8311 ) ;
#7580 = ORIENTED_EDGE ( 'NONE', *, *, #425, .F. ) ;
#7581 = CARTESIAN_POINT ( 'NONE',  ( 0.01181639140080324030, 0.4744094488188931868, 0.001968504047952375404 ) ) ;
#7582 = ORIENTED_EDGE ( 'NONE', *, *, #9913, .T. ) ;
#7583 = CARTESIAN_POINT ( 'NONE',  ( -0.4468450259220339005, 0.1318897637795195810, 0.01574803160697565291 ) ) ;
#7584 = VECTOR ( 'NONE', #6005, 39.37007874015748143 ) ;
#7585 = DIRECTION ( 'NONE',  ( 0.9999999991463189852, 0.000000000000000000, 4.132023648018220161E-05 ) ) ;
#7586 = VECTOR ( 'NONE', #9557, 39.37007874015748143 ) ;
#7587 = CARTESIAN_POINT ( 'NONE',  ( -0.4507820337960491974, 0.1070866141732256249, 0.001968504047920685909 ) ) ;
#7588 = LINE ( 'NONE', #459, #5602 ) ;
#7589 = ORIENTED_EDGE ( 'NONE', *, *, #8140, .T. ) ;
#7590 = LINE ( 'NONE', #4361, #1727 ) ;
#7591 = CARTESIAN_POINT ( 'NONE',  ( 0.01181639140080324030, 0.01968503937007875723, -0.3543307085505032483 ) ) ;
#7592 = EDGE_CURVE ( 'NONE', #6775, #10124, #9090, .T. ) ;
#7593 = ORIENTED_EDGE ( 'NONE', *, *, #6708, .F. ) ;
#7594 = CIRCLE ( 'NONE', #4274, 0.02952755905511810983 ) ;
#7595 = ORIENTED_EDGE ( 'NONE', *, *, #6512, .T. ) ;
#7596 = ADVANCED_FACE ( 'NONE', ( #9034 ), #9146, .T. ) ;
#7597 = EDGE_CURVE ( 'NONE', #1979, #9370, #1929, .T. ) ;
#7598 = DIRECTION ( 'NONE',  ( 0.000000000000000000, 0.000000000000000000, 1.000000000000000000 ) ) ;
#7599 = ORIENTED_EDGE ( 'NONE', *, *, #8131, .F. ) ;
#7600 = CARTESIAN_POINT ( 'NONE',  ( -2.198721908713777853E-07, 0.4895731408101184901, 0.005321172395054910541 ) ) ;
#7601 = DIRECTION ( 'NONE',  ( 1.000000000000000000, 4.879703635931580299E-31, -6.245969335281450904E-16 ) ) ;
#7602 = AXIS2_PLACEMENT_3D ( 'NONE', #510, #6134, #1347 ) ;
#7603 = AXIS2_PLACEMENT_3D ( 'NONE', #5904, #5076, #8157 ) ;
#7604 = CARTESIAN_POINT ( 'NONE',  ( 5.367778755658163867E-06, 0.4862204724409451839, -0.009842519574120613124 ) ) ;
#7605 = CARTESIAN_POINT ( 'NONE',  ( -0.05708124639447897247, -0.02604684404438708731, -0.3287401573693961021 ) ) ;
#7606 = EDGE_CURVE ( 'NONE', #8161, #705, #1068, .T. ) ;
#7607 = VERTEX_POINT ( 'NONE', #2674 ) ;
#7608 = ORIENTED_EDGE ( 'NONE', *, *, #4745, .F. ) ;
#7609 = ADVANCED_FACE ( 'NONE', ( #6683 ), #967, .T. ) ;
#7610 = VECTOR ( 'NONE', #1826, 39.37007874015748143 ) ;
#7611 = ORIENTED_EDGE ( 'NONE', *, *, #6255, .F. ) ;
#7612 = ORIENTED_EDGE ( 'NONE', *, *, #3651, .T. ) ;
#7613 = VERTEX_POINT ( 'NONE', #3410 ) ;
#7614 = DIRECTION ( 'NONE',  ( 0.000000000000000000, 0.000000000000000000, 1.000000000000000000 ) ) ;
#7615 = DIRECTION ( 'NONE',  ( 1.000000000000000000, -2.824670172274429892E-14, 0.000000000000000000 ) ) ;
#7616 = CARTESIAN_POINT ( 'NONE',  ( 5.368377182532709768E-06, 0.1899606299212599492, -0.1299212597861287843 ) ) ;
#7617 = DIRECTION ( 'NONE',  ( -1.000000000000000000, 0.000000000000000000, 6.245969335281450904E-16 ) ) ;
#7618 = AXIS2_PLACEMENT_3D ( 'NONE', #1676, #4075, #6361 ) ;
#7619 = DIRECTION ( 'NONE',  ( 1.000000000000000000, -9.634711363903441210E-15, 1.929231152724350329E-14 ) ) ;
#7620 = EDGE_LOOP ( 'NONE', ( #1600, #4416, #6498, #1383, #1322, #254, #5504, #9011, #1422, #5382, #9248, #3661, #318 ) ) ;
#7621 = EDGE_CURVE ( 'NONE', #2619, #4873, #8102, .T. ) ;
#7622 = VERTEX_POINT ( 'NONE', #7414 ) ;
#7623 = VECTOR ( 'NONE', #2593, 39.37007874015748854 ) ;
#7624 = LINE ( 'NONE', #8309, #10194 ) ;
#7625 = ORIENTED_EDGE ( 'NONE', *, *, #1463, .T. ) ;
#7626 = LINE ( 'NONE', #494, #4761 ) ;
#7627 = LINE ( 'NONE', #6902, #6868 ) ;
#7628 = FACE_BOUND ( 'NONE', #4087, .T. ) ;
#7629 = CARTESIAN_POINT ( 'NONE',  ( -0.5137741597803057170, 0.01968503937007875723, -0.3246574802040486096 ) ) ;
#7630 = PLANE ( 'NONE',  #1894 ) ;
#7631 = CARTESIAN_POINT ( 'NONE',  ( -0.4074749471818763791, -0.05466976173548421247, -0.3135386051284354547 ) ) ;
#7632 = VERTEX_POINT ( 'NONE', #5847 ) ;
#7633 = ORIENTED_EDGE ( 'NONE', *, *, #2464, .T. ) ;
#7634 = VERTEX_POINT ( 'NONE', #2052 ) ;
#7635 = EDGE_LOOP ( 'NONE', ( #6632, #304, #4159, #3612 ) ) ;
#7636 = EDGE_CURVE ( 'NONE', #8512, #5814, #8411, .T. ) ;
#7637 = CARTESIAN_POINT ( 'NONE',  ( -2.801045643687039259E-16, 0.3607439524741243853, -0.1403594528993203361 ) ) ;
#7638 = ORIENTED_EDGE ( 'NONE', *, *, #1107, .F. ) ;
#7639 = CARTESIAN_POINT ( 'NONE',  ( -0.5452702227724276485, 0.1279527559055029240, 0.007874015858944203791 ) ) ;
#7640 = CARTESIAN_POINT ( 'NONE',  ( -0.5531442385204589085, 0.4862204724409451839, -0.3405511809914499310 ) ) ;
#7641 = FACE_BOUND ( 'NONE', #9617, .T. ) ;
#7642 = CARTESIAN_POINT ( 'NONE',  ( -0.5516146725188229016, 0.4855926671419841800, -0.009904456661384593644 ) ) ;
#7643 = DIRECTION ( 'NONE',  ( 1.000000000000000000, 0.000000000000000000, 0.000000000000000000 ) ) ;
#7644 = FACE_OUTER_BOUND ( 'NONE', #5128, .T. ) ;
#7645 = DIRECTION ( 'NONE',  ( -1.000000000000000000, 0.000000000000000000, -1.734723475976807726E-14 ) ) ;
#7646 = VERTEX_POINT ( 'NONE', #4449 ) ;
#7647 = AXIS2_PLACEMENT_3D ( 'NONE', #1084, #8168, #1813 ) ;
#7648 = ORIENTED_EDGE ( 'NONE', *, *, #5569, .F. ) ;
#7649 = FACE_OUTER_BOUND ( 'NONE', #6747, .T. ) ;
#7650 = CARTESIAN_POINT ( 'NONE',  ( -0.4448825401001204605, 0.1929133858331713580, -0.005923894449357734911 ) ) ;
#7651 = ORIENTED_EDGE ( 'NONE', *, *, #3312, .F. ) ;
#7652 = DIRECTION ( 'NONE',  ( 1.578983857244669950E-15, 0.000000000000000000, -1.000000000000000000 ) ) ;
#7653 = CARTESIAN_POINT ( 'NONE',  ( -0.4074749471818763791, -0.02604684405929642149, -0.3169291337473471026 ) ) ;
#7654 = AXIS2_PLACEMENT_3D ( 'NONE', #869, #4633, #2334 ) ;
#7655 = CARTESIAN_POINT ( 'NONE',  ( -0.3169157942321246813, 0.4074803149523592016, 2.755994798080261856E-10 ) ) ;
#7656 = DIRECTION ( 'NONE',  ( -1.000000000000000000, 2.982960006829620341E-15, 8.466415384531759054E-16 ) ) ;
#7657 = EDGE_LOOP ( 'NONE', ( #3626, #1651, #357 ) ) ;
#7658 = EDGE_CURVE ( 'NONE', #8824, #2941, #4656, .T. ) ;
#7659 = EDGE_CURVE ( 'NONE', #889, #7987, #6844, .T. ) ;
#7660 = VERTEX_POINT ( 'NONE', #6221 ) ;
#7661 = ADVANCED_FACE ( 'NONE', ( #5281 ), #1274, .F. ) ;
#7662 = ORIENTED_EDGE ( 'NONE', *, *, #2024, .F. ) ;
#7663 = EDGE_CURVE ( 'NONE', #9806, #9375, #3723, .T. ) ;
#7664 = ORIENTED_EDGE ( 'NONE', *, *, #4410, .F. ) ;
#7665 = ORIENTED_EDGE ( 'NONE', *, *, #6838, .T. ) ;
#7666 = CARTESIAN_POINT ( 'NONE',  ( -0.4507820337960491974, 0.1543307086614156831, 0.01377952766996799576 ) ) ;
#7667 = CARTESIAN_POINT ( 'NONE',  ( -0.04723872670943303487, 0.01968503937007875723, 0.02755905522902296276 ) ) ;
#7668 =( CONVERSION_BASED_UNIT ( 'INCH', #8507 ) LENGTH_UNIT ( ) NAMED_UNIT ( #1961 ) );
#7669 = TOROIDAL_SURFACE ( 'NONE', #2354, 0.01968503936870055759, 0.007874015748031497688 ) ;
#7670 = DIRECTION ( 'NONE',  ( -1.000000000000000000, 1.608082204351659665E-16, -1.578983857244669950E-15 ) ) ;
#7671 = EDGE_CURVE ( 'NONE', #8385, #5070, #6792, .T. ) ;
#7672 = CARTESIAN_POINT ( 'NONE',  ( -0.3877899078117976184, 0.03346456692912580522, -0.3543307085505046361 ) ) ;
#7673 = ORIENTED_EDGE ( 'NONE', *, *, #7226, .T. ) ;
#7674 = VERTEX_POINT ( 'NONE', #2833 ) ;
#7675 = EDGE_CURVE ( 'NONE', #8020, #2037, #7626, .T. ) ;
#7676 = DIRECTION ( 'NONE',  ( 1.000000000000000000, 6.123638448986479919E-17, -6.245969335281450904E-16 ) ) ;
#7677 = VERTEX_POINT ( 'NONE', #550 ) ;
#7678 = ORIENTED_EDGE ( 'NONE', *, *, #4354, .F. ) ;
#7679 = CARTESIAN_POINT ( 'NONE',  ( -0.1161363645047149701, -0.1035381541856670445, -0.3371885655731944320 ) ) ;
#7680 = CARTESIAN_POINT ( 'NONE',  ( 5.367778756477718219E-06, 0.4822834645669287768, -0.1299067771285910833 ) ) ;
#7681 = EDGE_CURVE ( 'NONE', #5719, #3919, #7877, .T. ) ;
#7682 = DIRECTION ( 'NONE',  ( 8.466415384531750179E-16, -9.958396954279598582E-17, 1.000000000000000000 ) ) ;
#7683 = DIRECTION ( 'NONE',  ( -8.951470305420620389E-21, 1.000000000000000000, 2.166364730150245313E-16 ) ) ;
#7684 = CARTESIAN_POINT ( 'NONE',  ( -0.5492072306464430564, 0.4862204724409451839, -0.3165430069310017913 ) ) ;
#7685 = DIRECTION ( 'NONE',  ( 0.000000000000000000, 5.782411586589358822E-15, 1.000000000000000000 ) ) ;
#7686 = VERTEX_POINT ( 'NONE', #6058 ) ;
#7687 = VERTEX_POINT ( 'NONE', #9252 ) ;
#7688 = VERTEX_POINT ( 'NONE', #2105 ) ;
#7689 = CIRCLE ( 'NONE', #369, 0.02952755905511811330 ) ;
#7690 = ORIENTED_EDGE ( 'NONE', *, *, #5170, .F. ) ;
#7691 = DIRECTION ( 'NONE',  ( -1.000000000000000000, 0.000000000000000000, -1.734723475976807726E-14 ) ) ;
#7692 = VERTEX_POINT ( 'NONE', #8467 ) ;
#7693 = DIRECTION ( 'NONE',  ( -4.132023648870389516E-05, 5.097186441478290904E-21, 0.9999999991463189852 ) ) ;
#7694 = EDGE_CURVE ( 'NONE', #6176, #2276, #5389, .T. ) ;
#7695 = LINE ( 'NONE', #2070, #7490 ) ;
#7696 = DIRECTION ( 'NONE',  ( 4.078893220340669608E-32, -2.220446049250309876E-16, -1.000000000000000000 ) ) ;
#7697 = CARTESIAN_POINT ( 'NONE',  ( 3.510291671839006829E-07, 0.4824821522552599773, -0.008495332977572229299 ) ) ;
#7698 = LINE ( 'NONE', #572, #4887 ) ;
#7699 = CARTESIAN_POINT ( 'NONE',  ( -0.5157346918699158289, 0.2834645669208641916, 2.756013921016217094E-10 ) ) ;
#7701 = AXIS2_PLACEMENT_3D ( 'NONE', #3016, #3745, #9381 ) ;
#7700 = CARTESIAN_POINT ( 'NONE',  ( -0.1151894655446440846, -0.1156854393858063462, -0.3287401573694021528 ) ) ;
#7702 = ORIENTED_EDGE ( 'NONE', *, *, #306, .F. ) ;
#7703 = AXIS2_PLACEMENT_3D ( 'NONE', #233, #6433, #919 ) ;
#7704 = ORIENTED_EDGE ( 'NONE', *, *, #8013, .T. ) ;
#7705 = AXIS2_PLACEMENT_3D ( 'NONE', #8252, #7353, #226 ) ;
#7706 = CIRCLE ( 'NONE', #9218, 0.01181102362204724046 ) ;
#7707 = CARTESIAN_POINT ( 'NONE',  ( -0.5649552621425060206, 0.4921259842519686845, -0.3267716534323946709 ) ) ;
#7708 = DIRECTION ( 'NONE',  ( 1.000000000000000000, 6.123638448986479919E-17, -6.245969335281450904E-16 ) ) ;
#7709 = VERTEX_POINT ( 'NONE', #7679 ) ;
#7710 = CARTESIAN_POINT ( 'NONE',  ( -0.3759788841897500622, 0.03346456692912580522, 0.02755905522902296276 ) ) ;
#7711 = FACE_OUTER_BOUND ( 'NONE', #7745, .T. ) ;
#7712 = DIRECTION ( 'NONE',  ( 1.000000000000000000, -1.437166293563720158E-14, 2.220446049248289899E-16 ) ) ;
#7713 = CARTESIAN_POINT ( 'NONE',  ( -0.03541973123199015916, 0.2421259842519683514, -0.3228361094965607747 ) ) ;
#7714 = ORIENTED_EDGE ( 'NONE', *, *, #3349, .F. ) ;
#7715 = AXIS2_PLACEMENT_3D ( 'NONE', #9490, #2386, #3905 ) ;
#7716 = VECTOR ( 'NONE', #353, 39.37007874015748143 ) ;
#7717 = ORIENTED_EDGE ( 'NONE', *, *, #4486, .T. ) ;
#7718 = EDGE_LOOP ( 'NONE', ( #6732, #1933, #61, #3750 ) ) ;
#7719 = VERTEX_POINT ( 'NONE', #8518 ) ;
#7720 = ADVANCED_FACE ( 'NONE', ( #6166, #7738 ), #2000, .T. ) ;
#7721 = CIRCLE ( 'NONE', #3234, 0.1181102357165354499 ) ;
#7722 = AXIS2_PLACEMENT_3D ( 'NONE', #6568, #3252, #5790 ) ;
#7723 = DIRECTION ( 'NONE',  ( -1.259585646868319844E-15, -1.000000000000000000, 2.220446049250309876E-16 ) ) ;
#7724 = DIRECTION ( 'NONE',  ( -9.657597171693619975E-15, 1.000000000000000000, -3.990541994188074385E-19 ) ) ;
#7725 = CARTESIAN_POINT ( 'NONE',  ( -0.3956639235598288229, 0.1543307086614156831, 0.001968504047920685909 ) ) ;
#7726 = CARTESIAN_POINT ( 'NONE',  ( -0.04723872670943193852, 0.4239038302175392459, 0.02755905522902296276 ) ) ;
#7727 = CARTESIAN_POINT ( 'NONE',  ( -0.5529303401249746619, 0.2342519685039300692, -0.3364685038260962213 ) ) ;
#7728 = ORIENTED_EDGE ( 'NONE', *, *, #6475, .T. ) ;
#7729 = EDGE_CURVE ( 'NONE', #9985, #7860, #2929, .T. ) ;
#7730 =( BOUNDED_CURVE ( )  B_SPLINE_CURVE ( 3, ( #4602, #10291, #3142, #1584 ),
 .UNSPECIFIED., .F., .F. ) 
 B_SPLINE_CURVE_WITH_KNOTS ( ( 4, 4 ),
 ( 1.570796326794894560, 3.077819419343605034 ),
 .UNSPECIFIED. ) 
 CURVE ( )  GEOMETRIC_REPRESENTATION_ITEM ( )  RATIONAL_B_SPLINE_CURVE ( ( 1.000000000000000000, 0.8195271710249354413, 0.8195271710249354413, 1.000000000000000000 ) ) 
 REPRESENTATION_ITEM ( '' )  );
#7731 = VECTOR ( 'NONE', #1468, 39.37007874015748143 ) ;
#7732 = ORIENTED_EDGE ( 'NONE', *, *, #6590, .T. ) ;
#7733 = EDGE_CURVE ( 'NONE', #3892, #3350, #4258, .T. ) ;
#7734 = ADVANCED_FACE ( 'NONE', ( #10148 ), #782, .T. ) ;
#7735 = DIRECTION ( 'NONE',  ( 1.000000000000000000, -1.259585646868319844E-15, 1.320822031358179910E-15 ) ) ;
#7736 = ORIENTED_EDGE ( 'NONE', *, *, #1434, .T. ) ;
#7737 = VERTEX_POINT ( 'NONE', #2998 ) ;
#7738 = FACE_OUTER_BOUND ( 'NONE', #5061, .T. ) ;
#7739 = DIRECTION ( 'NONE',  ( -1.000000000000000000, -6.123638448986479919E-17, 6.245969335281450904E-16 ) ) ;
#7740 = CARTESIAN_POINT ( 'NONE',  ( -0.3169294589540417317, 0.4074803149549243719, -0.01379262315253539095 ) ) ;
#7741 = AXIS2_PLACEMENT_3D ( 'NONE', #1412, #632, #6984 ) ;
#7742 = LINE ( 'NONE', #6121, #9105 ) ;
#7743 = DIRECTION ( 'NONE',  ( 1.836940358395789878E-16, -1.000000000000000000, 7.590281007370150941E-21 ) ) ;
#7744 = DIRECTION ( 'NONE',  ( -1.000000000000000000, -2.669637467189900051E-16, -5.551115123125779621E-17 ) ) ;
#7745 = EDGE_LOOP ( 'NONE', ( #3484, #5240, #7577, #2727 ) ) ;
#7746 = EDGE_CURVE ( 'NONE', #2935, #6354, #5174, .T. ) ;
#7747 = ORIENTED_EDGE ( 'NONE', *, *, #1501, .F. ) ;
#7748 = ORIENTED_EDGE ( 'NONE', *, *, #4291, .F. ) ;
#7750 = ORIENTED_EDGE ( 'NONE', *, *, #3802, .F. ) ;
#7749 = EDGE_CURVE ( 'NONE', #2642, #7903, #1447, .T. ) ;
#7751 = FACE_OUTER_BOUND ( 'NONE', #9762, .T. ) ;
#7752 = VERTEX_POINT ( 'NONE', #123 ) ;
#7753 = CARTESIAN_POINT ( 'NONE',  ( -0.04493248089200173323, 0.4294716001481418410, 0.02755905522902296276 ) ) ;
#7754 = DIRECTION ( 'NONE',  ( 0.9999999991463189852, 1.982541115402064370E-16, 4.132023648026930370E-05 ) ) ;
#7755 = PLANE ( 'NONE',  #1771 ) ;
#7756 = LINE ( 'NONE', #2124, #7950 ) ;
#7757 = CARTESIAN_POINT ( 'NONE',  ( -0.05708124639447869492, -0.05466976173548994400, -0.3135386051284344000 ) ) ;
#7758 = CARTESIAN_POINT ( 'NONE',  ( -0.003931640095261295514, 0.01968503937007875723, -0.3385826770544420050 ) ) ;
#7759 = VERTEX_POINT ( 'NONE', #6321 ) ;
#7761 = EDGE_LOOP ( 'NONE', ( #4869, #1977, #10237, #3832 ) ) ;
#7760 = ADVANCED_FACE ( 'NONE', ( #7841 ), #3986, .F. ) ;
#7762 = AXIS2_PLACEMENT_3D ( 'NONE', #1885, #3342, #5786 ) ;
#7763 = VECTOR ( 'NONE', #6614, 39.37007874015748854 ) ;
#7764 = DIRECTION ( 'NONE',  ( 1.000000000000000000, 0.000000000000000000, 0.000000000000000000 ) ) ;
#7765 = CARTESIAN_POINT ( 'NONE',  ( -0.4665300652921126612, -0.05466976174329210569, -0.3135386051237546989 ) ) ;
#7766 = ORIENTED_EDGE ( 'NONE', *, *, #7462, .T. ) ;
#7767 = DIRECTION ( 'NONE',  ( 1.445602896647339035E-14, 1.000000000000000000, 3.523657060577889411E-15 ) ) ;
#7768 = ADVANCED_FACE ( 'NONE', ( #1492 ), #2367, .F. ) ;
#7769 = CARTESIAN_POINT ( 'NONE',  ( -0.5531442385204589085, 0.4862204724409451839, 0.001968504047920685909 ) ) ;
#7770 = CYLINDRICAL_SURFACE ( 'NONE', #9399, 0.007874015748031516770 ) ;
#7771 = CARTESIAN_POINT ( 'NONE',  ( -0.4960607955489905185, 0.2421259842519683514, -0.05317010369398534469 ) ) ;
#7772 = EDGE_LOOP ( 'NONE', ( #10230, #504, #1305, #10142 ) ) ;
#7773 = AXIS2_PLACEMENT_3D ( 'NONE', #7880, #6254, #1526 ) ;
#7774 = VECTOR ( 'NONE', #2591, 39.37007874015748143 ) ;
#7775 = ORIENTED_EDGE ( 'NONE', *, *, #1480, .F. ) ;
#7776 = ORIENTED_EDGE ( 'NONE', *, *, #3005, .F. ) ;
#7777 = AXIS2_PLACEMENT_3D ( 'NONE', #10200, #709, #6120 ) ;
#7778 = VECTOR ( 'NONE', #7683, 39.37007874015748143 ) ;
#7779 = EDGE_CURVE ( 'NONE', #5627, #5045, #853, .T. ) ;
#7780 = DIRECTION ( 'NONE',  ( -0.9999999991463190963, -4.243938240542861349E-15, -4.132023649192669967E-05 ) ) ;
#7781 = DIRECTION ( 'NONE',  ( 1.098777426433149983E-15, -2.220446049250329844E-16, -1.000000000000000000 ) ) ;
#7782 = LINE ( 'NONE', #2200, #1394 ) ;
#7783 = DIRECTION ( 'NONE',  ( 4.132023649192669289E-05, 0.000000000000000000, -0.9999999991463189852 ) ) ;
#7784 = CARTESIAN_POINT ( 'NONE',  ( 0.01181639140080324030, 0.4744094488188976277, 0.001968504047924783760 ) ) ;
#7785 = FACE_OUTER_BOUND ( 'NONE', #6689, .T. ) ;
#7786 = VERTEX_POINT ( 'NONE', #8040 ) ;
#7787 = AXIS2_PLACEMENT_3D ( 'NONE', #3990, #7158, #3105 ) ;
#7788 = ORIENTED_EDGE ( 'NONE', *, *, #1741, .T. ) ;
#7789 = CARTESIAN_POINT ( 'NONE',  ( -0.2755905509458358438, 0.4803149606216534084, -1.138746674602552967E-05 ) ) ;
#7790 = EDGE_LOOP ( 'NONE', ( #1950, #7515, #8735, #1548 ) ) ;
#7791 = VERTEX_POINT ( 'NONE', #4081 ) ;
#7792 = DIRECTION ( 'NONE',  ( 1.000000000000000000, 0.000000000000000000, -8.466415384531750179E-16 ) ) ;
#7793 = AXIS2_PLACEMENT_3D ( 'NONE', #3441, #1150, #4328 ) ;
#7794 = DIRECTION ( 'NONE',  ( 0.000000000000000000, -1.946702628992019695E-16, 1.000000000000000000 ) ) ;
#7795 = CARTESIAN_POINT ( 'NONE',  ( 5.367778755111793735E-06, 0.4113098302422226737, 0.01181102373296006453 ) ) ;
#7796 = LINE ( 'NONE', #6847, #3126 ) ;
#7797 = CARTESIAN_POINT ( 'NONE',  ( -0.1297564568935376250, -0.1003937007926949676, -0.08661417295264810245 ) ) ;
#7798 = LINE ( 'NONE', #3004, #4707 ) ;
#7799 = ORIENTED_EDGE ( 'NONE', *, *, #9845, .T. ) ;
#7800 = EDGE_CURVE ( 'NONE', #6141, #8152, #761, .T. ) ;
#7801 = ORIENTED_EDGE ( 'NONE', *, *, #9973, .T. ) ;
#7802 = ADVANCED_FACE ( 'NONE', ( #7254 ), #7062, .T. ) ;
#7803 = VECTOR ( 'NONE', #10177, 39.37007874015748143 ) ;
#7804 = VERTEX_POINT ( 'NONE', #5490 ) ;
#7805 = EDGE_CURVE ( 'NONE', #8342, #9681, #2435, .T. ) ;
#7806 = EDGE_CURVE ( 'NONE', #7737, #9120, #3299, .T. ) ;
#7807 = CARTESIAN_POINT ( 'NONE',  ( -0.1358134320429707498, 0.01968503937007875723, -0.01970781430357135613 ) ) ;
#7808 = ORIENTED_EDGE ( 'NONE', *, *, #7500, .F. ) ;
#7809 = CARTESIAN_POINT ( 'NONE',  ( -0.1338534686177156041, 0.01968503937007875723, -0.1161472632379161596 ) ) ;
#7810 = CARTESIAN_POINT ( 'NONE',  ( -0.1023625300140871275, 0.1062992126077747096, -0.01378375719628132864 ) ) ;
#7811 = DIRECTION ( 'NONE',  ( 0.9999999991463190963, 3.082923038283585257E-21, 4.132023647999850388E-05 ) ) ;
#7812 = CARTESIAN_POINT ( 'NONE',  ( -0.03345122730298927261, 0.2716534914463908934, -0.1259873017308093812 ) ) ;
#7813 = CARTESIAN_POINT ( 'NONE',  ( -0.3169157942321246813, 0.3622047244011780687, 2.755994898612267648E-10 ) ) ;
#7814 = CARTESIAN_POINT ( 'NONE',  ( -0.4665300652921126612, -0.1082677165354328924, -0.3262529570661548139 ) ) ;
#7815 = EDGE_CURVE ( 'NONE', #760, #3515, #3195, .T. ) ;
#7816 = ORIENTED_EDGE ( 'NONE', *, *, #740, .T. ) ;
#7817 = ORIENTED_EDGE ( 'NONE', *, *, #1753, .F. ) ;
#7818 = CARTESIAN_POINT ( 'NONE',  ( -0.3641598865386609374, -0.1003974323773922511, -0.1161466070469970857 ) ) ;
#7819 = DIRECTION ( 'NONE',  ( 0.000000000000000000, 0.000000000000000000, 1.000000000000000000 ) ) ;
#7820 = ORIENTED_EDGE ( 'NONE', *, *, #2049, .T. ) ;
#7821 = CARTESIAN_POINT ( 'NONE',  ( -0.5452702227724276485, 0.2342519685039300692, -0.3346456691804258754 ) ) ;
#7822 = CYLINDRICAL_SURFACE ( 'NONE', #9939, 0.1181102357165354499 ) ;
#7823 = LINE ( 'NONE', #583, #3528 ) ;
#7824 = EDGE_CURVE ( 'NONE', #386, #6953, #5007, .T. ) ;
#7825 = CARTESIAN_POINT ( 'NONE',  ( -0.3956639235598288229, 0.1543307086614156831, 0.001968504047920685909 ) ) ;
#7826 = EDGE_LOOP ( 'NONE', ( #6343, #3233, #1694, #3531, #3088, #9154, #7865, #5764 ) ) ;
#7827 = AXIS2_PLACEMENT_3D ( 'NONE', #4647, #7139, #9445 ) ;
#7828 = ORIENTED_EDGE ( 'NONE', *, *, #2464, .F. ) ;
#7829 = ORIENTED_EDGE ( 'NONE', *, *, #3548, .T. ) ;
#7830 = DIRECTION ( 'NONE',  ( 4.132023649202460990E-05, 2.166364731999629866E-16, -0.9999999991463190963 ) ) ;
#7831 = LINE ( 'NONE', #8814, #1610 ) ;
#7832 = EDGE_CURVE ( 'NONE', #1153, #6201, #20, .T. ) ;
#7833 = CARTESIAN_POINT ( 'NONE',  ( -0.5157346918699158289, 0.1641196286710540631, -0.04724409421258948805 ) ) ;
#7834 = DIRECTION ( 'NONE',  ( 1.241154504388520031E-14, 1.000000000000000000, 0.000000000000000000 ) ) ;
#7835 = CARTESIAN_POINT ( 'NONE',  ( -0.3169297843102342194, 0.4074803149549245385, -0.005918607411225624941 ) ) ;
#7836 = DIRECTION ( 'NONE',  ( 0.000000000000000000, 0.000000000000000000, 1.000000000000000000 ) ) ;
#7837 = VERTEX_POINT ( 'NONE', #5443 ) ;
#7838 = VERTEX_POINT ( 'NONE', #9569 ) ;
#7839 = VERTEX_POINT ( 'NONE', #2418 ) ;
#7840 = ORIENTED_EDGE ( 'NONE', *, *, #7597, .T. ) ;
#7841 = FACE_OUTER_BOUND ( 'NONE', #7094, .T. ) ;
#7842 = DIRECTION ( 'NONE',  ( -1.437166293563720158E-14, -1.000000000000000000, 0.000000000000000000 ) ) ;
#7843 = LINE ( 'NONE', #2054, #2289 ) ;
#7844 = LINE ( 'NONE', #4619, #5609 ) ;
#7845 = LINE ( 'NONE', #2372, #5223 ) ;
#7846 = CARTESIAN_POINT ( 'NONE',  ( -0.4665300652921126612, -0.08098887955701494779, -0.003103332195715524395 ) ) ;
#7847 = ORIENTED_EDGE ( 'NONE', *, *, #6477, .F. ) ;
#7848 = AXIS2_PLACEMENT_3D ( 'NONE', #311, #9064, #5154 ) ;
#7849 = ORIENTED_EDGE ( 'NONE', *, *, #7806, .T. ) ;
#7850 = CARTESIAN_POINT ( 'NONE',  ( -0.4507820337960491974, 0.1240157480314862393, -0.3267716534323946709 ) ) ;
#7851 = ORIENTED_EDGE ( 'NONE', *, *, #6474, .T. ) ;
#7852 = DIRECTION ( 'NONE',  ( 1.836940358395789878E-16, -1.000000000000000000, 7.590281007370150941E-21 ) ) ;
#7853 = EDGE_CURVE ( 'NONE', #8167, #3179, #3101, .T. ) ;
#7854 = PLANE ( 'NONE',  #7654 ) ;
#7855 = DIRECTION ( 'NONE',  ( 2.984032524928865199E-21, -1.000000000000000000, -7.221721790026230519E-17 ) ) ;
#7856 = LINE ( 'NONE', #4521, #8445 ) ;
#7857 = CIRCLE ( 'NONE', #4188, 0.01181102362204724046 ) ;
#7858 = DIRECTION ( 'NONE',  ( 8.466415384531749193E-16, -9.958396954279598582E-17, 1.000000000000000000 ) ) ;
#7859 = CARTESIAN_POINT ( 'NONE',  ( -0.4448821341644668137, 0.1653543307150614206, -0.01574803122046396220 ) ) ;
#7860 = VERTEX_POINT ( 'NONE', #8626 ) ;
#7861 = EDGE_CURVE ( 'NONE', #3317, #10037, #7988, .T. ) ;
#7862 = ORIENTED_EDGE ( 'NONE', *, *, #1659, .F. ) ;
#7863 = CARTESIAN_POINT ( 'NONE',  ( -0.2755772113419328040, 0.000000000000000000, -0.3228460328604400575 ) ) ;
#7864 = DIRECTION ( 'NONE',  ( -1.224695368760045214E-16, 1.000000000000000000, 1.175418422793074315E-16 ) ) ;
#7865 = ORIENTED_EDGE ( 'NONE', *, *, #10065, .T. ) ;
#7866 = ADVANCED_FACE ( 'NONE', ( #9620 ), #8726, .T. ) ;
#7867 = CARTESIAN_POINT ( 'NONE',  ( -0.04723872670943193852, 0.4239038302175392459, -0.3425196849284575795 ) ) ;
#7868 = VECTOR ( 'NONE', #8796, 39.37007874015748854 ) ;
#7869 = AXIS2_PLACEMENT_3D ( 'NONE', #4256, #3476, #8376 ) ;
#7870 = CARTESIAN_POINT ( 'NONE',  ( -0.5649552621425060206, 0.02165354330708068459, -0.3543307085505046361 ) ) ;
#7871 = CARTESIAN_POINT ( 'NONE',  ( -0.4271520147045647642, 0.07086614172401456413, 2.756013964725784830E-10 ) ) ;
#7872 = CARTESIAN_POINT ( 'NONE',  ( -0.3661396171633256036, 0.01377952755905360177, -0.05316473532016489922 ) ) ;
#7873 = EDGE_LOOP ( 'NONE', ( #6162, #6165, #6430, #8325 ) ) ;
#7874 = EDGE_CURVE ( 'NONE', #3331, #6880, #3248, .T. ) ;
#7875 = VECTOR ( 'NONE', #9570, 39.37007874015748143 ) ;
#7876 = EDGE_CURVE ( 'NONE', #3639, #6330, #8825, .T. ) ;
#7877 = B_SPLINE_CURVE_WITH_KNOTS ( 'NONE', 3,
 ( #441, #2162, #5335, #4564 ),
 .UNSPECIFIED., .F., .F.,
 ( 4, 4 ),
 ( 0.000000000000000000, 1.000000000000000000 ),
 .UNSPECIFIED. ) ;
#7878 = VERTEX_POINT ( 'NONE', #954 ) ;
#7879 = VERTEX_POINT ( 'NONE', #6622 ) ;
#7880 = CARTESIAN_POINT ( 'NONE',  ( -0.4783410889141597178, 0.007874015748028716927, -0.3349576237734109285 ) ) ;
#7881 = CARTESIAN_POINT ( 'NONE',  ( -0.003680734523833816777, 0.4707233465163116470, -0.3425116816859345992 ) ) ;
#7882 = VECTOR ( 'NONE', #9442, 39.37007874015748854 ) ;
#7883 = PLANE ( 'NONE',  #3458 ) ;
#7884 = VECTOR ( 'NONE', #9561, 39.37007874015748854 ) ;
#7885 = CARTESIAN_POINT ( 'NONE',  ( -0.1161363645047136101, 0.007874015748028716927, -0.3349576237734070983 ) ) ;
#7886 = ORIENTED_EDGE ( 'NONE', *, *, #1386, .T. ) ;
#7887 = EDGE_LOOP ( 'NONE', ( #3370, #4144, #7143, #5872 ) ) ;
#7888 = EDGE_CURVE ( 'NONE', #5249, #4837, #221, .T. ) ;
#7889 = AXIS2_PLACEMENT_3D ( 'NONE', #7079, #3121, #829 ) ;
#7890 = VERTEX_POINT ( 'NONE', #6565 ) ;
#7891 = ORIENTED_EDGE ( 'NONE', *, *, #402, .F. ) ;
#7892 = DIRECTION ( 'NONE',  ( -1.259585646868319844E-15, -1.000000000000000000, 2.220446049250309876E-16 ) ) ;
#7893 = FACE_OUTER_BOUND ( 'NONE', #8477, .T. ) ;
#7894 = EDGE_CURVE ( 'NONE', #6897, #1895, #3394, .T. ) ;
#7895 = CARTESIAN_POINT ( 'NONE',  ( -0.1358134320429690844, 0.01968503937007875723, -0.1161417320077681586 ) ) ;
#7896 = CARTESIAN_POINT ( 'NONE',  ( -0.4665198612608881801, -0.1091640410387052784, -0.3267903812883820591 ) ) ;
#7897 = DIRECTION ( 'NONE',  ( 1.098777426433149983E-15, -2.220446049250329844E-16, -1.000000000000000000 ) ) ;
#7898 = CARTESIAN_POINT ( 'NONE',  ( -0.4783410889141597178, 0.007874015748028716927, -0.3405511809914474886 ) ) ;
#7899 = DIRECTION ( 'NONE',  ( 2.669637467189900051E-16, -1.000000000000000000, 0.000000000000000000 ) ) ;
#7900 = ORIENTED_EDGE ( 'NONE', *, *, #9560, .T. ) ;
#7901 = AXIS2_PLACEMENT_3D ( 'NONE', #8145, #6469, #171 ) ;
#7902 = B_SPLINE_CURVE_WITH_KNOTS ( 'NONE', 3,
 ( #1045, #5055, #7340, #8238, #365, #9812, #1098 ),
 .UNSPECIFIED., .F., .F.,
 ( 4, 3, 4 ),
 ( 0.000000000000000000, 7.241602039667904844E-05, 7.351146616895705497E-05 ),
 .UNSPECIFIED. ) ;
#7903 = VERTEX_POINT ( 'NONE', #9818 ) ;
#7904 = AXIS2_PLACEMENT_3D ( 'NONE', #10010, #5202, #2079 ) ;
#7905 = LINE ( 'NONE', #9374, #5044 ) ;
#7906 = ORIENTED_EDGE ( 'NONE', *, *, #4809, .F. ) ;
#7907 = DIRECTION ( 'NONE',  ( 1.098777426433149983E-15, -2.220446049250329844E-16, -1.000000000000000000 ) ) ;
#7908 = CARTESIAN_POINT ( 'NONE',  ( -0.04493248089200118506, 0.4294716001481418410, -0.3543307085505043585 ) ) ;
#7909 = DIRECTION ( 'NONE',  ( 0.000000000000000000, 0.000000000000000000, 1.000000000000000000 ) ) ;
#7910 = DIRECTION ( 'NONE',  ( -2.439775995528935424E-31, -1.000000000000000000, 2.220446049250329844E-16 ) ) ;
#7911 = FACE_OUTER_BOUND ( 'NONE', #9891, .T. ) ;
#7912 = DIRECTION ( 'NONE',  ( 4.132023651426874541E-05, 1.027984282060345936E-15, -0.9999999991463189852 ) ) ;
#7913 = VERTEX_POINT ( 'NONE', #7451 ) ;
#7914 = VERTEX_POINT ( 'NONE', #9021 ) ;
#7915 = LINE ( 'NONE', #7863, #393 ) ;
#7916 = LINE ( 'NONE', #8847, #7240 ) ;
#7917 = ORIENTED_EDGE ( 'NONE', *, *, #7558, .T. ) ;
#7918 = CARTESIAN_POINT ( 'NONE',  ( -0.4270405767649864681, 0.1279527559055029240, -0.3543307085505046361 ) ) ;
#7919 = EDGE_CURVE ( 'NONE', #5112, #2090, #9763, .T. ) ;
#7920 = FACE_OUTER_BOUND ( 'NONE', #6528, .T. ) ;
#7921 = DIRECTION ( 'NONE',  ( 1.000000000000000000, -1.437166293563720158E-14, 2.220446049248289899E-16 ) ) ;
#7922 = DIRECTION ( 'NONE',  ( -1.000000000000000000, 1.105633362946382197E-14, -1.843992577158445299E-14 ) ) ;
#7923 = ORIENTED_EDGE ( 'NONE', *, *, #415, .T. ) ;
#7924 = ADVANCED_FACE ( 'NONE', ( #2719 ), #7398, .T. ) ;
#7925 = EDGE_CURVE ( 'NONE', #3735, #4127, #1938, .T. ) ;
#7926 = VECTOR ( 'NONE', #6367, 39.37007874015748854 ) ;
#7927 = EDGE_CURVE ( 'NONE', #9362, #10262, #1001, .T. ) ;
#7928 = EDGE_CURVE ( 'NONE', #865, #7632, #2611, .T. ) ;
#7929 = DIRECTION ( 'NONE',  ( 1.517883041479706208E-14, 1.000000000000000000, 0.000000000000000000 ) ) ;
#7930 = DIRECTION ( 'NONE',  ( 0.000000000000000000, -3.642919299551253499E-13, 1.000000000000000000 ) ) ;
#7931 = VECTOR ( 'NONE', #4804, 39.37007874015748143 ) ;
#7932 = LINE ( 'NONE', #6947, #5708 ) ;
#7933 = AXIS2_PLACEMENT_3D ( 'NONE', #3591, #6765, #9173 ) ;
#7934 = CARTESIAN_POINT ( 'NONE',  ( 0.1574856827393863179, 0.1692913390346449665, -0.1299212597316068418 ) ) ;
#7935 = DIRECTION ( 'NONE',  ( 4.132023648196362709E-05, 5.711311554044878993E-17, -0.9999999991463190963 ) ) ;
#7936 = ADVANCED_FACE ( 'NONE', ( #4132 ), #8090, .T. ) ;
#7937 = VERTEX_POINT ( 'NONE', #4908 ) ;
#7938 = AXIS2_PLACEMENT_3D ( 'NONE', #10184, #4754, #7930 ) ;
#7939 = VECTOR ( 'NONE', #5407, 39.37007874015748143 ) ;
#7940 = ORIENTED_EDGE ( 'NONE', *, *, #6255, .T. ) ;
#7941 = ORIENTED_EDGE ( 'NONE', *, *, #5557, .T. ) ;
#7942 = DIRECTION ( 'NONE',  ( -1.000000000000000000, 1.355252715606880543E-15, 0.000000000000000000 ) ) ;
#7943 = CYLINDRICAL_SURFACE ( 'NONE', #5201, 0.01552990469826761276 ) ;
#7944 = DIRECTION ( 'NONE',  ( 4.078893220340669608E-32, -2.220446049250309876E-16, -1.000000000000000000 ) ) ;
#7945 = CYLINDRICAL_SURFACE ( 'NONE', #7787, 0.01181102362204724567 ) ;
#7946 = FACE_OUTER_BOUND ( 'NONE', #3267, .T. ) ;
#7947 = AXIS2_PLACEMENT_3D ( 'NONE', #5285, #5392, #8469 ) ;
#7948 = CARTESIAN_POINT ( 'NONE',  ( -0.01377415978030012769, 0.4822834645669287768, -0.001968503826094902039 ) ) ;
#7949 = CARTESIAN_POINT ( 'NONE',  ( -0.5531442385204589085, 0.4862204724409451839, 0.01377952766996799576 ) ) ;
#7950 = VECTOR ( 'NONE', #4682, 39.37007874015748143 ) ;
#7951 = ADVANCED_FACE ( 'NONE', ( #5062 ), #5735, .T. ) ;
#7952 = EDGE_LOOP ( 'NONE', ( #9884, #5732, #2260, #4624, #9277, #1720 ) ) ;
#7953 = VERTEX_POINT ( 'NONE', #5113 ) ;
#7954 = VECTOR ( 'NONE', #813, 39.37007874015748143 ) ;
#7955 = CIRCLE ( 'NONE', #1124, 0.01181102362204724046 ) ;
#7956 = DIRECTION ( 'NONE',  ( -1.000000000000000000, 9.634711363903441210E-15, -1.929231152724350329E-14 ) ) ;
#7957 = ORIENTED_EDGE ( 'NONE', *, *, #6712, .T. ) ;
#7958 = CARTESIAN_POINT ( 'NONE',  ( 5.367778755658163867E-06, 0.01968503937007875723, 0.02755905522902296276 ) ) ;
#7959 = CARTESIAN_POINT ( 'NONE',  ( -0.4468450259220339005, 0.1240157480314870719, 0.02755905522902296276 ) ) ;
#7960 = FACE_OUTER_BOUND ( 'NONE', #1067, .T. ) ;
#7961 = DIRECTION ( 'NONE',  ( -0.9284766908852576384, 6.442601250303668237E-16, 0.3713906763541078848 ) ) ;
#7962 = FACE_OUTER_BOUND ( 'NONE', #5486, .T. ) ;
#7963 = CARTESIAN_POINT ( 'NONE',  ( -0.04527022277243084036, 0.007874015748028716927, -0.3405511809914493759 ) ) ;
#7964 = ORIENTED_EDGE ( 'NONE', *, *, #9097, .F. ) ;
#7965 = AXIS2_PLACEMENT_3D ( 'NONE', #4535, #7656, #584 ) ;
#7966 = ADVANCED_FACE ( 'NONE', ( #8245 ), #9261, .T. ) ;
#7967 = ORIENTED_EDGE ( 'NONE', *, *, #10116, .T. ) ;
#7968 = LINE ( 'NONE', #9497, #7368 ) ;
#7969 = DIRECTION ( 'NONE',  ( -1.559414442564740059E-16, 1.000000000000000000, 0.000000000000000000 ) ) ;
#7970 = ORIENTED_EDGE ( 'NONE', *, *, #8042, .T. ) ;
#7971 = VECTOR ( 'NONE', #4137, 39.37007874015748143 ) ;
#7972 = DIRECTION ( 'NONE',  ( -0.9999999991463190963, -1.836940359963950694E-16, -4.132023648018220838E-05 ) ) ;
#7973 = CARTESIAN_POINT ( 'NONE',  ( -0.05314277377547278053, -0.1003936897637803943, -0.1653564453827466862 ) ) ;
#7974 = FACE_OUTER_BOUND ( 'NONE', #3584, .T. ) ;
#7975 = DIRECTION ( 'NONE',  ( 8.267803524841207511E-28, -2.323290369603518374E-16, -1.000000000000000000 ) ) ;
#7976 = ORIENTED_EDGE ( 'NONE', *, *, #1534, .F. ) ;
#7977 = ORIENTED_EDGE ( 'NONE', *, *, #1893, .F. ) ;
#7978 = FACE_OUTER_BOUND ( 'NONE', #3689, .T. ) ;
#7979 = CARTESIAN_POINT ( 'NONE',  ( -2.731847993664263218E-16, 0.01968503937007875723, -0.05708661389753161286 ) ) ;
#7980 = CARTESIAN_POINT ( 'NONE',  ( -0.1161363645047149701, -0.06871868292612044737, -0.3287401573693974344 ) ) ;
#7981 = EDGE_CURVE ( 'NONE', #8272, #5853, #4232, .T. ) ;
#7982 = CARTESIAN_POINT ( 'NONE',  ( -0.5649552621425060206, 0.02165354330708013295, 0.007874015858944203791 ) ) ;
#7983 = CARTESIAN_POINT ( 'NONE',  ( -0.5531442385204589085, 0.03149606299212852345, -0.1633858266607443877 ) ) ;
#7984 = ADVANCED_FACE ( 'NONE', ( #321 ), #4957, .F. ) ;
#7985 = VECTOR ( 'NONE', #2535, 39.37007874015748143 ) ;
#7986 = ORIENTED_EDGE ( 'NONE', *, *, #4544, .F. ) ;
#7987 = VERTEX_POINT ( 'NONE', #8142 ) ;
#7988 = LINE ( 'NONE', #2318, #260 ) ;
#7989 = EDGE_CURVE ( 'NONE', #6597, #6201, #1731, .T. ) ;
#7990 = LINE ( 'NONE', #4030, #7525 ) ;
#7991 = DIRECTION ( 'NONE',  ( -5.421010862427524142E-16, 0.000000000000000000, -1.000000000000000000 ) ) ;
#7992 = CARTESIAN_POINT ( 'NONE',  ( -0.01377415978030012769, 0.4822834645669287768, -0.3287401573694261336 ) ) ;
#7993 = CARTESIAN_POINT ( 'NONE',  ( -0.03935673911401224578, 0.01377952755905360177, -1.626229768465824687E-06 ) ) ;
#7994 = CARTESIAN_POINT ( 'NONE',  ( -0.5314960625374112180, 0.000000000000000000, -2.196154301366544072E-05 ) ) ;
#7995 = DIRECTION ( 'NONE',  ( 4.078893220340669608E-32, -2.220446049250309876E-16, -1.000000000000000000 ) ) ;
#7996 = ORIENTED_EDGE ( 'NONE', *, *, #1260, .T. ) ;
#7997 = ADVANCED_FACE ( 'NONE', ( #8871 ), #9716, .T. ) ;
#7998 = EDGE_LOOP ( 'NONE', ( #9322, #3884, #7201, #6345 ) ) ;
#7999 = ADVANCED_FACE ( 'NONE', ( #6048 ), #2871, .T. ) ;
#8000 = CARTESIAN_POINT ( 'NONE',  ( -0.5531442385204589085, 0.4822834645669287768, 0.001968504047920685909 ) ) ;
#8001 = VERTEX_POINT ( 'NONE', #5945 ) ;
#8002 = CARTESIAN_POINT ( 'NONE',  ( 5.368377180347230933E-06, 0.2421259842519683514, -0.1299212597316068418 ) ) ;
#8003 = FACE_OUTER_BOUND ( 'NONE', #3024, .T. ) ;
#8004 = DIRECTION ( 'NONE',  ( 0.000000000000000000, 1.000000000000000000, -2.220446049351462798E-16 ) ) ;
#8005 = DIRECTION ( 'NONE',  ( 4.188553582357403568E-16, -2.911145142350635014E-14, -1.000000000000000000 ) ) ;
#8006 = DIRECTION ( 'NONE',  ( 1.951563910473908612E-14, 0.000000000000000000, -1.000000000000000000 ) ) ;
#8007 = DIRECTION ( 'NONE',  ( 1.000000000000000000, -1.259585646868319844E-15, 1.320822031358179910E-15 ) ) ;
#8008 = ORIENTED_EDGE ( 'NONE', *, *, #9655, .F. ) ;
#8009 = ORIENTED_EDGE ( 'NONE', *, *, #5304, .F. ) ;
#8010 = ORIENTED_EDGE ( 'NONE', *, *, #2219, .F. ) ;
#8011 = EDGE_LOOP ( 'NONE', ( #1420, #7291, #7595, #8664, #1232, #9759 ) ) ;
#8012 = EDGE_CURVE ( 'NONE', #2305, #5112, #9085, .T. ) ;
#8013 = EDGE_CURVE ( 'NONE', #1979, #5775, #10081, .T. ) ;
#8014 = CARTESIAN_POINT ( 'NONE',  ( -2.820224344025136943E-16, 0.3319685568225265171, -0.1946402617772690635 ) ) ;
#8015 = CARTESIAN_POINT ( 'NONE',  ( -0.1161363645047149701, -0.06074340425057807996, -0.3236683210821478252 ) ) ;
#8016 = VECTOR ( 'NONE', #9032, 39.37007874015748143 ) ;
#8017 = EDGE_LOOP ( 'NONE', ( #1718, #10155 ) ) ;
#8018 = FACE_OUTER_BOUND ( 'NONE', #1353, .T. ) ;
#8019 = DIRECTION ( 'NONE',  ( 4.078893220340669608E-32, -2.220446049250309876E-16, -1.000000000000000000 ) ) ;
#8020 = VERTEX_POINT ( 'NONE', #1987 ) ;
#8021 = ADVANCED_FACE ( 'NONE', ( #2092 ), #427, .F. ) ;
#8022 = DIRECTION ( 'NONE',  ( 0.000000000000000000, 1.000000000000000000, -1.807003620809173892E-16 ) ) ;
#8023 = CARTESIAN_POINT ( 'NONE',  ( 5.367778755658163867E-06, 0.4862204724409451839, -0.3169291337473607584 ) ) ;
#8024 = EDGE_LOOP ( 'NONE', ( #8723, #5927, #6087, #9835, #8047, #7570 ) ) ;
#8025 = ORIENTED_EDGE ( 'NONE', *, *, #8434, .T. ) ;
#8026 = VECTOR ( 'NONE', #5769, 39.37007874015748143 ) ;
#8027 = AXIS2_PLACEMENT_3D ( 'NONE', #10263, #3114, #85 ) ;
#8028 = DIRECTION ( 'NONE',  ( -1.000000000000000000, -6.123638448986479919E-17, 6.245969335281450904E-16 ) ) ;
#8029 = DIRECTION ( 'NONE',  ( -1.259585646868319844E-15, -1.000000000000000000, 2.220446049250309876E-16 ) ) ;
#8030 = DIRECTION ( 'NONE',  ( 1.837020799745159741E-16, -1.000000000000000000, -1.946702628992019695E-16 ) ) ;
#8031 = DIRECTION ( 'NONE',  ( -2.220446049248259577E-16, 2.220446049250319983E-16, 1.000000000000000000 ) ) ;
#8032 = DIRECTION ( 'NONE',  ( 0.9999999991463189852, -1.259576470857450086E-15, 4.132023648339509922E-05 ) ) ;
#8033 = VECTOR ( 'NONE', #8316, 39.37007874015748143 ) ;
#8034 = VECTOR ( 'NONE', #854, 39.37007874015748143 ) ;
#8035 = ORIENTED_EDGE ( 'NONE', *, *, #3118, .F. ) ;
#8036 = VERTEX_POINT ( 'NONE', #5270 ) ;
#8037 = VECTOR ( 'NONE', #1546, 39.37007874015748143 ) ;
#8038 = VECTOR ( 'NONE', #1043, 39.37007874015748854 ) ;
#8039 = ORIENTED_EDGE ( 'NONE', *, *, #7694, .F. ) ;
#8040 = CARTESIAN_POINT ( 'NONE',  ( -0.5314952491133210222, 0.2933070866141731514, -0.01970781430357135613 ) ) ;
#8041 = CARTESIAN_POINT ( 'NONE',  ( -0.5531442385204589085, 0.2696028754788729609, -0.3405511809914499310 ) ) ;
#8042 = EDGE_CURVE ( 'NONE', #10028, #1794, #6726, .T. ) ;
#8043 = DIRECTION ( 'NONE',  ( -1.259585646868319844E-15, -1.000000000000000000, 2.220446049250309876E-16 ) ) ;
#8044 = CARTESIAN_POINT ( 'NONE',  ( -0.5196716993225255488, 0.2933070866141731514, -0.3228561189024178324 ) ) ;
#8045 = FACE_OUTER_BOUND ( 'NONE', #6220, .T. ) ;
#8046 = DIRECTION ( 'NONE',  ( -0.000000000000000000, -0.3162277660168769100, -0.9486832980505006674 ) ) ;
#8047 = ORIENTED_EDGE ( 'NONE', *, *, #501, .T. ) ;
#8048 = AXIS2_PLACEMENT_3D ( 'NONE', #2278, #7956, #772 ) ;
#8049 = VECTOR ( 'NONE', #9588, 39.37007874015748143 ) ;
#8050 = AXIS2_PLACEMENT_3D ( 'NONE', #7758, #1559, #2339 ) ;
#8051 = EDGE_CURVE ( 'NONE', #3599, #841, #4385, .T. ) ;
#8052 = ADVANCED_FACE ( 'NONE', ( #7560 ), #9300, .T. ) ;
#8053 = EDGE_LOOP ( 'NONE', ( #4239, #1921 ) ) ;
#8054 = FACE_OUTER_BOUND ( 'NONE', #4979, .T. ) ;
#8055 = VERTEX_POINT ( 'NONE', #2928 ) ;
#8056 = CARTESIAN_POINT ( 'NONE',  ( 1.333960390283828660E-05, 0.4771046189767036982, -0.3228346453936932203 ) ) ;
#8057 = DIRECTION ( 'NONE',  ( -8.044101912688939722E-19, -1.000000000000000000, 1.946770539349570398E-14 ) ) ;
#8058 = ADVANCED_FACE ( 'NONE', ( #5991 ), #1424, .T. ) ;
#8059 = CARTESIAN_POINT ( 'NONE',  ( -0.5314827233659782380, 0.2834645669208598617, -0.01970781430357135613 ) ) ;
#8060 = VECTOR ( 'NONE', #711, 39.37007874015748143 ) ;
#8061 = LINE ( 'NONE', #2576, #10128 ) ;
#8062 = CYLINDRICAL_SURFACE ( 'NONE', #6542, 0.08562992125984250635 ) ;
#8063 = CARTESIAN_POINT ( 'NONE',  ( -0.1023488650982646714, 0.1062992125901537493, 2.756008457320229957E-10 ) ) ;
#8064 = VERTEX_POINT ( 'NONE', #5324 ) ;
#8065 = ADVANCED_FACE ( 'NONE', ( #8346 ), #10136, .F. ) ;
#8066 = ORIENTED_EDGE ( 'NONE', *, *, #9789, .T. ) ;
#8067 = VECTOR ( 'NONE', #1303, 39.37007874015748854 ) ;
#8068 = ORIENTED_EDGE ( 'NONE', *, *, #9157, .F. ) ;
#8069 = CARTESIAN_POINT ( 'NONE',  ( -2.811084266564012529E-16, 0.3456821735219651748, -0.1791946270597155610 ) ) ;
#8070 = FACE_OUTER_BOUND ( 'NONE', #5222, .T. ) ;
#8071 = EDGE_LOOP ( 'NONE', ( #849, #7891, #5537, #2973 ) ) ;
#8072 = LINE ( 'NONE', #4986, #5652 ) ;
#8073 = CARTESIAN_POINT ( 'NONE',  ( -0.3523488672885771167, -0.1004002978084099912, -0.1161368569687351027 ) ) ;
#8074 = LINE ( 'NONE', #7329, #9565 ) ;
#8075 = CARTESIAN_POINT ( 'NONE',  ( -0.4507820337960491974, 0.1555118110236218543, 1.109127553579697145E-10 ) ) ;
#8076 = ORIENTED_EDGE ( 'NONE', *, *, #8162, .F. ) ;
#8077 = VECTOR ( 'NONE', #6301, 39.37007874015748143 ) ;
#8078 = EDGE_CURVE ( 'NONE', #5515, #462, #1368, .T. ) ;
#8079 = ORIENTED_EDGE ( 'NONE', *, *, #1372, .F. ) ;
#8080 = CARTESIAN_POINT ( 'NONE',  ( -0.2952734754950759322, 0.04133858268976527833, -0.05316180711442927004 ) ) ;
#8081 = DIRECTION ( 'NONE',  ( -1.000000000000000000, 2.824670172274429892E-14, 0.000000000000000000 ) ) ;
#8082 = CARTESIAN_POINT ( 'NONE',  ( -0.5137741597803013871, 0.2480314960629948773, 0.001968504047920685909 ) ) ;
#8083 = CARTESIAN_POINT ( 'NONE',  ( -0.2755883547915327636, 0.2421259842519683514, -0.05316099372058551847 ) ) ;
#8084 = EDGE_LOOP ( 'NONE', ( #7714, #8625, #1533, #6993 ) ) ;
#8085 = EDGE_CURVE ( 'NONE', #2157, #5249, #4437, .T. ) ;
#8086 = ORIENTED_EDGE ( 'NONE', *, *, #1156, .F. ) ;
#8087 = VECTOR ( 'NONE', #4029, 39.37007874015748143 ) ;
#8088 = CIRCLE ( 'NONE', #264, 0.01181102362204724046 ) ;
#8089 = ORIENTED_EDGE ( 'NONE', *, *, #1588, .T. ) ;
#8090 = PLANE ( 'NONE',  #7762 ) ;
#8091 = PLANE ( 'NONE',  #5369 ) ;
#8092 = LINE ( 'NONE', #4717, #4794 ) ;
#8093 = PLANE ( 'NONE',  #7901 ) ;
#8094 = DIRECTION ( 'NONE',  ( -1.084202172485504434E-15, 0.000000000000000000, 1.000000000000000000 ) ) ;
#8095 = DIRECTION ( 'NONE',  ( 0.9999999991463190963, 3.082923038283490841E-21, 4.132023647999851065E-05 ) ) ;
#8096 = VERTEX_POINT ( 'NONE', #8455 ) ;
#8097 = VECTOR ( 'NONE', #4023, 39.37007874015748143 ) ;
#8098 = VECTOR ( 'NONE', #1814, 39.37007874015748143 ) ;
#8099 = ORIENTED_EDGE ( 'NONE', *, *, #7658, .F. ) ;
#8100 = CYLINDRICAL_SURFACE ( 'NONE', #103, 0.02952755905511810983 ) ;
#8101 = VERTEX_POINT ( 'NONE', #2038 ) ;
#8102 = LINE ( 'NONE', #6581, #7409 ) ;
#8103 = VECTOR ( 'NONE', #2270, 39.37007874015748143 ) ;
#8104 = DIRECTION ( 'NONE',  ( 8.466415384531750179E-16, -9.958396954279598582E-17, 1.000000000000000000 ) ) ;
#8105 = VECTOR ( 'NONE', #140, 39.37007874015748143 ) ;
#8106 = CARTESIAN_POINT ( 'NONE',  ( -0.3169157942321246813, 0.4074803149523592016, 2.755994798080261856E-10 ) ) ;
#8107 = CARTESIAN_POINT ( 'NONE',  ( -0.04723872670943385366, 0.03149606299212852345, 0.02755905522902296276 ) ) ;
#8108 = EDGE_CURVE ( 'NONE', #8661, #8981, #1454, .T. ) ;
#8109 = LINE ( 'NONE', #3315, #2551 ) ;
#8110 = ADVANCED_FACE ( 'NONE', ( #8402 ), #9349, .F. ) ;
#8111 = CARTESIAN_POINT ( 'NONE',  ( -0.01377415978030067413, 0.4980314960629916299, -0.3287401573694031520 ) ) ;
#8112 = ORIENTED_EDGE ( 'NONE', *, *, #935, .T. ) ;
#8113 = STYLED_ITEM ( 'NONE', ( #4493 ), #9158 ) ;
#8114 = ADVANCED_FACE ( 'NONE', ( #8561 ), #2768, .T. ) ;
#8115 = AXIS2_PLACEMENT_3D ( 'NONE', #8729, #24, #9015 ) ;
#8116 = VERTEX_POINT ( 'NONE', #3654 ) ;
#8117 = EDGE_CURVE ( 'NONE', #417, #8499, #1631, .T. ) ;
#8118 = ORIENTED_EDGE ( 'NONE', *, *, #6462, .T. ) ;
#8119 = DIRECTION ( 'NONE',  ( 1.098777426433149983E-15, -2.220446049250329844E-16, -1.000000000000000000 ) ) ;
#8120 = DIRECTION ( 'NONE',  ( -0.9999999991463189852, 0.000000000000000000, -4.132023649202460312E-05 ) ) ;
#8121 = ORIENTED_EDGE ( 'NONE', *, *, #5499, .T. ) ;
#8122 = FACE_OUTER_BOUND ( 'NONE', #6270, .T. ) ;
#8123 = ADVANCED_FACE ( 'NONE', ( #10241 ), #5424, .F. ) ;
#8124 = CARTESIAN_POINT ( 'NONE',  ( -0.5314827233659782380, 0.01968503937007875723, -0.04724409421258948805 ) ) ;
#8125 = CIRCLE ( 'NONE', #1962, 0.01968503937007873988 ) ;
#8126 = EDGE_CURVE ( 'NONE', #1436, #3614, #4849, .T. ) ;
#8127 = DIRECTION ( 'NONE',  ( 4.078893220340669608E-32, -2.220446049250309876E-16, -1.000000000000000000 ) ) ;
#8128 = FACE_OUTER_BOUND ( 'NONE', #9848, .T. ) ;
#8129 = ORIENTED_EDGE ( 'NONE', *, *, #1386, .F. ) ;
#8130 = ORIENTED_EDGE ( 'NONE', *, *, #3493, .F. ) ;
#8131 = EDGE_CURVE ( 'NONE', #7660, #2451, #9405, .T. ) ;
#8132 = VECTOR ( 'NONE', #7186, 39.37007874015748143 ) ;
#8133 = CARTESIAN_POINT ( 'NONE',  ( -0.4468450259220339005, 0.1555118110236194118, -0.3425196849284575795 ) ) ;
#8134 = EDGE_CURVE ( 'NONE', #178, #7953, #798, .T. ) ;
#8135 = CARTESIAN_POINT ( 'NONE',  ( -0.3503889014928985857, 0.01377952755905360177, -0.1161562105332166472 ) ) ;
#8136 = CYLINDRICAL_SURFACE ( 'NONE', #9031, 0.01181102362204724046 ) ;
#8137 = CARTESIAN_POINT ( 'NONE',  ( -0.1358134320429693065, -0.1299212598478136083, -0.08661417295264810245 ) ) ;
#8138 = ORIENTED_EDGE ( 'NONE', *, *, #8306, .T. ) ;
#8139 = VERTEX_POINT ( 'NONE', #7096 ) ;
#8140 = EDGE_CURVE ( 'NONE', #575, #9209, #5482, .T. ) ;
#8141 = EDGE_LOOP ( 'NONE', ( #7489, #309, #6381, #6756 ) ) ;
#8142 = CARTESIAN_POINT ( 'NONE',  ( -0.4432141094287342376, 0.1240157480314875993, -0.3425196849284575795 ) ) ;
#8143 = CARTESIAN_POINT ( 'NONE',  ( -0.1161363645047152615, -0.08706252216377324826, -0.3135386052317867267 ) ) ;
#8144 = DIRECTION ( 'NONE',  ( 2.796841973281160348E-31, 2.220446049250309876E-16, 1.000000000000000000 ) ) ;
#8145 = CARTESIAN_POINT ( 'NONE',  ( -0.1476244556650251338, 0.1771653543254158580, -0.05708661389753216797 ) ) ;
#8146 = DIRECTION ( 'NONE',  ( -4.132023649477719593E-05, 5.097186442200730548E-21, 0.9999999991463189852 ) ) ;
#8147 = PLANE ( 'NONE',  #8868 ) ;
#8148 = ORIENTED_EDGE ( 'NONE', *, *, #4940, .F. ) ;
#8149 = AXIS2_PLACEMENT_3D ( 'NONE', #5720, #3425, #247 ) ;
#8150 = ORIENTED_EDGE ( 'NONE', *, *, #859, .T. ) ;
#8151 = DIRECTION ( 'NONE',  ( 0.000000000000000000, 0.000000000000000000, 1.000000000000000000 ) ) ;
#8152 = VERTEX_POINT ( 'NONE', #845 ) ;
#8153 = CARTESIAN_POINT ( 'NONE',  ( -0.5314827233659782380, 0.01968503937007875723, -0.01970781430357135613 ) ) ;
#8154 = AXIS2_PLACEMENT_3D ( 'NONE', #10055, #1400, #4411 ) ;
#8155 = DIRECTION ( 'NONE',  ( 0.9999999991463189852, -1.233581138511405876E-16, 4.132023648378355530E-05 ) ) ;
#8156 = CARTESIAN_POINT ( 'NONE',  ( -0.4645672540972012321, 0.1653543307150614206, -0.01379872358114882062 ) ) ;
#8157 = DIRECTION ( 'NONE',  ( -2.409338175133397910E-16, 1.000000000000000000, 0.000000000000000000 ) ) ;
#8158 = DIRECTION ( 'NONE',  ( -1.000000000000000000, 1.608082204351299748E-16, -1.929231152724250301E-14 ) ) ;
#8159 = LINE ( 'NONE', #3172, #4870 ) ;
#8160 = ORIENTED_EDGE ( 'NONE', *, *, #2007, .T. ) ;
#8161 = VERTEX_POINT ( 'NONE', #14 ) ;
#8163 = ORIENTED_EDGE ( 'NONE', *, *, #1302, .F. ) ;
#8162 = EDGE_CURVE ( 'NONE', #8898, #6160, #7831, .T. ) ;
#8164 = PLANE ( 'NONE',  #2883 ) ;
#8165 = ORIENTED_EDGE ( 'NONE', *, *, #6531, .F. ) ;
#8166 = DIRECTION ( 'NONE',  ( 1.929231152724350329E-14, -2.220446049250560093E-16, -1.000000000000000000 ) ) ;
#8167 = VERTEX_POINT ( 'NONE', #3977 ) ;
#8168 = DIRECTION ( 'NONE',  ( -0.9999999991463190963, -1.836940359963950694E-16, -4.132023648018220838E-05 ) ) ;
#8169 = LINE ( 'NONE', #4938, #7774 ) ;
#8170 = CIRCLE ( 'NONE', #3185, 0.007874015748031516770 ) ;
#8171 = CARTESIAN_POINT ( 'NONE',  ( -0.2952676190836066028, 0.01968503937007875723, -0.1948940904563258025 ) ) ;
#8172 = DIRECTION ( 'NONE',  ( -8.466415384531750179E-16, 9.958396954279598582E-17, -1.000000000000000000 ) ) ;
#8173 = EDGE_CURVE ( 'NONE', #795, #7890, #3090, .T. ) ;
#8174 = EDGE_LOOP ( 'NONE', ( #2182, #6965, #1580, #4499 ) ) ;
#8175 = ORIENTED_EDGE ( 'NONE', *, *, #8943, .T. ) ;
#8176 = EDGE_CURVE ( 'NONE', #9527, #4371, #3240, .T. ) ;
#8177 = CIRCLE ( 'NONE', #2360, 0.01552990469136782646 ) ;
#8178 = ADVANCED_FACE ( 'NONE', ( #2357 ), #9612, .F. ) ;
#8179 = VERTEX_POINT ( 'NONE', #9457 ) ;
#8180 = DIRECTION ( 'NONE',  ( 1.320822031358189968E-15, 7.452763270214839996E-16, -1.000000000000000000 ) ) ;
#8181 = CARTESIAN_POINT ( 'NONE',  ( -0.1118884581220787738, -0.1003937007926949676, -0.05708661389752998222 ) ) ;
#8182 = CARTESIAN_POINT ( 'NONE',  ( -0.4586560495440809571, 0.1543307086614156831, -0.3405511809914499310 ) ) ;
#8183 = DIRECTION ( 'NONE',  ( -1.000000000000000000, 1.259585646868319844E-15, 0.000000000000000000 ) ) ;
#8184 = FACE_OUTER_BOUND ( 'NONE', #4381, .T. ) ;
#8185 = EDGE_CURVE ( 'NONE', #4853, #926, #6414, .T. ) ;
#8186 = AXIS2_PLACEMENT_3D ( 'NONE', #1357, #1414, #7767 ) ;
#8187 = ORIENTED_EDGE ( 'NONE', *, *, #6657, .T. ) ;
#8188 = ADVANCED_FACE ( 'NONE', ( #646 ), #1673, .F. ) ;
#8189 = VECTOR ( 'NONE', #5813, 39.37007874015748854 ) ;
#8190 = ORIENTED_EDGE ( 'NONE', *, *, #2564, .F. ) ;
#8191 = ORIENTED_EDGE ( 'NONE', *, *, #1365, .T. ) ;
#8192 = CARTESIAN_POINT ( 'NONE',  ( -0.5374758135490458333, 0.09834559032574947957, -0.002114173117433575458 ) ) ;
#8193 = CARTESIAN_POINT ( 'NONE',  ( -0.3956639235598288229, 0.1766903569713492161, 0.001968504047920685909 ) ) ;
#8194 = VECTOR ( 'NONE', #8212, 39.37007874015748143 ) ;
#8195 = DIRECTION ( 'NONE',  ( -8.466415384531750179E-16, 9.958396954279598582E-17, -1.000000000000000000 ) ) ;
#8196 = CIRCLE ( 'NONE', #6032, 0.01968503937007875723 ) ;
#8197 = DIRECTION ( 'NONE',  ( 1.000000000000000000, -9.634711363903441210E-15, 1.929231152724350329E-14 ) ) ;
#8198 = CARTESIAN_POINT ( 'NONE',  ( -0.4547190416700650495, 0.1318897637795195810, -0.3425196849284575795 ) ) ;
#8199 = LINE ( 'NONE', #5841, #558 ) ;
#8200 = ORIENTED_EDGE ( 'NONE', *, *, #2633, .F. ) ;
#8201 = EDGE_CURVE ( 'NONE', #1283, #5898, #8717, .T. ) ;
#8202 = EDGE_CURVE ( 'NONE', #3331, #1838, #9450, .T. ) ;
#8203 = ORIENTED_EDGE ( 'NONE', *, *, #9373, .T. ) ;
#8204 = VECTOR ( 'NONE', #7615, 39.37007874015748143 ) ;
#8205 = DIRECTION ( 'NONE',  ( -4.132023648018220161E-05, -7.221721796416450051E-17, 0.9999999991463189852 ) ) ;
#8206 = ORIENTED_EDGE ( 'NONE', *, *, #732, .T. ) ;
#8207 = CARTESIAN_POINT ( 'NONE',  ( -0.4074749471818813196, -0.08706252210713083528, -0.01323304814137110132 ) ) ;
#8208 = CARTESIAN_POINT ( 'NONE',  ( -0.4035379393078605825, 0.1149606299212581617, 0.001968504047920685909 ) ) ;
#8209 = CARTESIAN_POINT ( 'NONE',  ( -2.731847993664263218E-16, 0.4645669291338582196, -0.3228450628684350066 ) ) ;
#8210 = PLANE ( 'NONE',  #629 ) ;
#8211 = CARTESIAN_POINT ( 'NONE',  ( -0.5649552621425060206, 0.4921259842519686845, 1.109127553579697145E-10 ) ) ;
#8212 = DIRECTION ( 'NONE',  ( -0.3713906763539924216, 3.932039878880683819E-13, -0.9284766908853038236 ) ) ;
#8213 = VECTOR ( 'NONE', #1853, 39.37007874015748854 ) ;
#8214 = ORIENTED_EDGE ( 'NONE', *, *, #732, .F. ) ;
#8215 = VECTOR ( 'NONE', #5353, 39.37007874015748143 ) ;
#8216 = CIRCLE ( 'NONE', #9043, 0.01181102362204724567 ) ;
#8217 = ORIENTED_EDGE ( 'NONE', *, *, #8407, .T. ) ;
#8218 = ORIENTED_EDGE ( 'NONE', *, *, #2567, .T. ) ;
#8219 = VECTOR ( 'NONE', #126, 39.37007874015748143 ) ;
#8220 = CARTESIAN_POINT ( 'NONE',  ( -0.3503915043424415399, 0.01968503937007875723, -0.05316408460441830047 ) ) ;
#8221 = ORIENTED_EDGE ( 'NONE', *, *, #5565, .F. ) ;
#8222 = CARTESIAN_POINT ( 'NONE',  ( -0.4507820337960491974, 0.1555118110236150264, -0.3267716534323832356 ) ) ;
#8223 = EDGE_LOOP ( 'NONE', ( #7977, #7750, #6308, #2288, #2636 ) ) ;
#8224 = FACE_OUTER_BOUND ( 'NONE', #4367, .T. ) ;
#8225 = CARTESIAN_POINT ( 'NONE',  ( -0.003680734523833816777, 0.4707233465163116470, -0.3425116816859345992 ) ) ;
#8226 = DIRECTION ( 'NONE',  ( -0.000000000000000000, -0.000000000000000000, -1.000000000000000000 ) ) ;
#8227 = DIRECTION ( 'NONE',  ( -8.044134937727570810E-21, 1.000000000000000000, 1.946778531802094728E-16 ) ) ;
#8228 = CARTESIAN_POINT ( 'NONE',  ( -0.4960549391375220218, 0.01377952755905360177, -0.1949023870358780608 ) ) ;
#8229 = ORIENTED_EDGE ( 'NONE', *, *, #4154, .F. ) ;
#8230 = AXIS2_PLACEMENT_3D ( 'NONE', #2133, #9906, #2754 ) ;
#8231 = ORIENTED_EDGE ( 'NONE', *, *, #7408, .T. ) ;
#8232 = EDGE_CURVE ( 'NONE', #539, #4667, #2412, .T. ) ;
#8233 = ORIENTED_EDGE ( 'NONE', *, *, #3407, .F. ) ;
#8234 = DIRECTION ( 'NONE',  ( -1.929231152724350329E-14, 0.000000000000000000, 1.000000000000000000 ) ) ;
#8235 = CARTESIAN_POINT ( 'NONE',  ( -0.5118089083698680319, 0.01968503937007875723, -0.05317075440973221406 ) ) ;
#8236 = DIRECTION ( 'NONE',  ( -8.466415384531749193E-16, 9.958396954279598582E-17, -1.000000000000000000 ) ) ;
#8237 = DIRECTION ( 'NONE',  ( -1.000000000000000000, -6.123638448986479919E-17, 6.245969335281450904E-16 ) ) ;
#8238 = CARTESIAN_POINT ( 'NONE',  ( -0.5531441912762528057, 0.03146265636530537479, 0.007901292240747851206 ) ) ;
#8239 = EDGE_CURVE ( 'NONE', #5138, #8918, #8764, .T. ) ;
#8240 = EDGE_CURVE ( 'NONE', #8610, #5341, #4266, .T. ) ;
#8241 = EDGE_CURVE ( 'NONE', #5143, #1895, #4768, .T. ) ;
#8242 = ORIENTED_EDGE ( 'NONE', *, *, #7888, .T. ) ;
#8243 = EDGE_CURVE ( 'NONE', #643, #9427, #2800, .T. ) ;
#8244 = ORIENTED_EDGE ( 'NONE', *, *, #1039, .T. ) ;
#8245 = FACE_OUTER_BOUND ( 'NONE', #6760, .T. ) ;
#8246 = FACE_OUTER_BOUND ( 'NONE', #6464, .T. ) ;
#8247 = VECTOR ( 'NONE', #9776, 39.37007874015748143 ) ;
#8248 = EDGE_CURVE ( 'NONE', #7890, #5823, #9294, .T. ) ;
#8249 = LINE ( 'NONE', #7402, #10127 ) ;
#8250 = LINE ( 'NONE', #9673, #6720 ) ;
#8251 = PLANE ( 'NONE',  #9648 ) ;
#8252 = CARTESIAN_POINT ( 'NONE',  ( -0.1161363645047144288, -0.07086614186344671051, -0.3405511809914425481 ) ) ;
#8253 = ORIENTED_EDGE ( 'NONE', *, *, #291, .F. ) ;
#8254 = VECTOR ( 'NONE', #1154, 39.37007874015748143 ) ;
#8255 = AXIS2_PLACEMENT_3D ( 'NONE', #8716, #1582, #13 ) ;
#8256 = ORIENTED_EDGE ( 'NONE', *, *, #6608, .F. ) ;
#8257 = CARTESIAN_POINT ( 'NONE',  ( -0.4960607955489910736, 0.01968503937007875723, -0.05317010369398561531 ) ) ;
#8258 = VERTEX_POINT ( 'NONE', #6701 ) ;
#8259 = CARTESIAN_POINT ( 'NONE',  ( -0.05711185319896893570, -0.1096117967702594093, -0.3270588496554703850 ) ) ;
#8260 = LINE ( 'NONE', #3261, #1869 ) ;
#8261 = ADVANCED_FACE ( 'NONE', ( #2747 ), #299, .F. ) ;
#8262 = DIRECTION ( 'NONE',  ( -1.098777426433149983E-15, 2.220446049250329844E-16, 1.000000000000000000 ) ) ;
#8263 = DIRECTION ( 'NONE',  ( -1.000000000000000000, -5.158789017058210023E-16, -1.719596339019399890E-16 ) ) ;
#8264 = DIRECTION ( 'NONE',  ( -1.000000000000000000, -2.669637467189900051E-16, -5.551115123125779621E-17 ) ) ;
#8265 = VECTOR ( 'NONE', #9242, 39.37007874015748143 ) ;
#8266 = VERTEX_POINT ( 'NONE', #1184 ) ;
#8267 = CARTESIAN_POINT ( 'NONE',  ( 5.367778757843641855E-06, 0.4862204724409451839, -0.3169291337473607584 ) ) ;
#8268 = VECTOR ( 'NONE', #6079, 39.37007874015748854 ) ;
#8269 = ORIENTED_EDGE ( 'NONE', *, *, #10064, .T. ) ;
#8270 = VERTEX_POINT ( 'NONE', #9111 ) ;
#8271 = VERTEX_POINT ( 'NONE', #8327 ) ;
#8272 = VERTEX_POINT ( 'NONE', #6654 ) ;
#8273 = AXIS2_PLACEMENT_3D ( 'NONE', #1222, #4398, #443 ) ;
#8274 = CARTESIAN_POINT ( 'NONE',  ( -2.805075188002922981E-16, 0.3546980927473896150, -0.1627288740084917307 ) ) ;
#8275 = VERTEX_POINT ( 'NONE', #7587 ) ;
#8276 = CARTESIAN_POINT ( 'NONE',  ( -0.03542770308738736607, 0.03149606299212852345, -0.3543307085505043585 ) ) ;
#8277 = ORIENTED_EDGE ( 'NONE', *, *, #2254, .T. ) ;
#8278 = LINE ( 'NONE', #6493, #3319 ) ;
#8279 = FACE_OUTER_BOUND ( 'NONE', #913, .T. ) ;
#8280 = DIRECTION ( 'NONE',  ( -5.551115123125779621E-17, -1.636020887289085065E-32, -1.000000000000000000 ) ) ;
#8281 = CARTESIAN_POINT ( 'NONE',  ( -0.05708124639447951371, -0.1082677165354375554, -0.3262529570661537037 ) ) ;
#8282 = CARTESIAN_POINT ( 'NONE',  ( -0.5504698910747878315, 0.4860585634604703276, -0.3166331933861258885 ) ) ;
#8283 = ORIENTED_EDGE ( 'NONE', *, *, #7237, .F. ) ;
#8284 = AXIS2_PLACEMENT_3D ( 'NONE', #4275, #764, #1642 ) ;
#8285 = ADVANCED_FACE ( 'NONE', ( #8279 ), #5145, .F. ) ;
#8286 = AXIS2_PLACEMENT_3D ( 'NONE', #5848, #1696, #2481 ) ;
#8287 = ORIENTED_EDGE ( 'NONE', *, *, #8527, .T. ) ;
#8288 = VERTEX_POINT ( 'NONE', #1085 ) ;
#8289 = LINE ( 'NONE', #992, #1690 ) ;
#8290 = DIRECTION ( 'NONE',  ( 1.259585646868319844E-15, 1.000000000000000000, 1.663688472766219883E-30 ) ) ;
#8291 = DIRECTION ( 'NONE',  ( -0.000000000000000000, -0.000000000000000000, -1.000000000000000000 ) ) ;
#8292 = LINE ( 'NONE', #5984, #8945 ) ;
#8293 = CARTESIAN_POINT ( 'NONE',  ( -0.1161363645047152615, -0.05466976174329647720, -0.3135386051237546989 ) ) ;
#8294 = EDGE_LOOP ( 'NONE', ( #8440, #8711, #4749, #861, #5388, #4822 ) ) ;
#8295 = VECTOR ( 'NONE', #987, 39.37007874015748143 ) ;
#8296 = ORIENTED_EDGE ( 'NONE', *, *, #5268, .F. ) ;
#8297 = ADVANCED_FACE ( 'NONE', ( #458 ), #5192, .T. ) ;
#8298 = ORIENTED_EDGE ( 'NONE', *, *, #9479, .F. ) ;
#8299 = CARTESIAN_POINT ( 'NONE',  ( -0.03935673911401415398, 0.01377952755905387412, -0.3228562815805118280 ) ) ;
#8300 = DIRECTION ( 'NONE',  ( 2.947193223346190172E-16, -1.000000000000000000, 0.000000000000000000 ) ) ;
#8301 = CARTESIAN_POINT ( 'NONE',  ( -0.4665300652921126612, -0.1082677165354328924, 0.01258466267188016428 ) ) ;
#8302 = DIRECTION ( 'NONE',  ( -3.469446952196290522E-14, 1.000000000000000000, 5.421010862806703572E-17 ) ) ;
#8303 = FACE_OUTER_BOUND ( 'NONE', #3473, .T. ) ;
#8304 = CARTESIAN_POINT ( 'NONE',  ( -0.5531442385204589085, 0.4921259842519686845, -0.3149606298103474478 ) ) ;
#8305 = ORIENTED_EDGE ( 'NONE', *, *, #3881, .T. ) ;
#8306 = EDGE_CURVE ( 'NONE', #4371, #502, #3272, .T. ) ;
#8307 = ORIENTED_EDGE ( 'NONE', *, *, #4480, .T. ) ;
#8308 = EDGE_CURVE ( 'NONE', #476, #7579, #9951, .T. ) ;
#8309 = CARTESIAN_POINT ( 'NONE',  ( -0.4665300652921126612, -0.03212048658943922330, -0.3270588496977331339 ) ) ;
#8310 = ORIENTED_EDGE ( 'NONE', *, *, #8907, .T. ) ;
#8311 = CARTESIAN_POINT ( 'NONE',  ( -0.5314827233659782380, 0.01968503937007875723, 2.755994798080261856E-10 ) ) ;
#8312 = DIRECTION ( 'NONE',  ( 2.078086771331134936E-15, -0.8576492809131081030, -0.5142350736280330015 ) ) ;
#8313 = FACE_OUTER_BOUND ( 'NONE', #503, .T. ) ;
#8314 = CARTESIAN_POINT ( 'NONE',  ( -0.3877899078117976184, 0.2224409448818800150, 0.01574803160697565291 ) ) ;
#8315 = CARTESIAN_POINT ( 'NONE',  ( -0.2755883547915327636, 0.2421259842519683514, -0.05316099372058551847 ) ) ;
#8316 = DIRECTION ( 'NONE',  ( 1.000000000000000000, -3.898338654518710047E-15, 6.501710124445080994E-15 ) ) ;
#8317 = ORIENTED_EDGE ( 'NONE', *, *, #2888, .F. ) ;
#8318 = EDGE_CURVE ( 'NONE', #1803, #5366, #2692, .T. ) ;
#8320 = VERTEX_POINT ( 'NONE', #9799 ) ;
#8319 = EDGE_CURVE ( 'NONE', #462, #8385, #4314, .T. ) ;
#8321 = ORIENTED_EDGE ( 'NONE', *, *, #7853, .T. ) ;
#8322 = LINE ( 'NONE', #5400, #3715 ) ;
#8323 = ORIENTED_EDGE ( 'NONE', *, *, #1862, .F. ) ;
#8324 = CARTESIAN_POINT ( 'NONE',  ( 0.01181639140080252559, 0.4693058186810365462, 0.02103600700267473089 ) ) ;
#8325 = ORIENTED_EDGE ( 'NONE', *, *, #6387, .F. ) ;
#8326 = DIRECTION ( 'NONE',  ( -8.466415384531759054E-16, 2.525497849326525195E-30, -1.000000000000000000 ) ) ;
#8327 = CARTESIAN_POINT ( 'NONE',  ( -0.05708124639447951371, -0.1082677165354375554, -0.3262529570661537037 ) ) ;
#8328 = CARTESIAN_POINT ( 'NONE',  ( -0.5529303401249746619, 0.2279393153421851170, 0.009696850504613734392 ) ) ;
#8329 = DIRECTION ( 'NONE',  ( -1.098777426433149983E-15, 2.220446049250329844E-16, 1.000000000000000000 ) ) ;
#8330 = PLANE ( 'NONE',  #9480 ) ;
#8331 = ORIENTED_EDGE ( 'NONE', *, *, #9815, .F. ) ;
#8332 = EDGE_CURVE ( 'NONE', #6488, #2566, #2849, .T. ) ;
#8334 = ORIENTED_EDGE ( 'NONE', *, *, #7749, .F. ) ;
#8333 = EDGE_CURVE ( 'NONE', #6551, #7987, #5091, .T. ) ;
#8335 = DIRECTION ( 'NONE',  ( -1.320822031358179910E-15, 0.000000000000000000, 1.000000000000000000 ) ) ;
#8336 = ORIENTED_EDGE ( 'NONE', *, *, #4040, .F. ) ;
#8337 = DIRECTION ( 'NONE',  ( 3.676142058828564389E-05, -0.4566021940109523669, -0.8896709701192808684 ) ) ;
#8338 = DIRECTION ( 'NONE',  ( 1.836940358395789878E-16, -1.000000000000000000, 7.590281007370150941E-21 ) ) ;
#8339 = CARTESIAN_POINT ( 'NONE',  ( -0.4507820337960491974, 0.1070866141732264576, 0.001968504047920685909 ) ) ;
#8340 = CARTESIAN_POINT ( 'NONE',  ( -0.5196716993225255488, 0.2933070866141731514, -0.3228561189024178324 ) ) ;
#8341 = AXIS2_PLACEMENT_3D ( 'NONE', #9310, #6954, #9360 ) ;
#8342 = VERTEX_POINT ( 'NONE', #5972 ) ;
#8343 = APPLICATION_CONTEXT ( 'automotive_design' ) ;
#8344 = EDGE_LOOP ( 'NONE', ( #2534, #8221, #2662, #4251 ) ) ;
#8345 = ORIENTED_EDGE ( 'NONE', *, *, #2164, .T. ) ;
#8346 = FACE_OUTER_BOUND ( 'NONE', #5953, .T. ) ;
#8347 = VECTOR ( 'NONE', #1922, 39.37007874015748143 ) ;
#8348 = DIRECTION ( 'NONE',  ( 0.9999999991463189852, 0.000000000000000000, 4.132023649128440475E-05 ) ) ;
#8349 = CARTESIAN_POINT ( 'NONE',  ( -0.5314959760867379313, 0.01968503937007875723, -0.002114173117433575458 ) ) ;
#8350 = CARTESIAN_POINT ( 'NONE',  ( -0.03936788255224559635, 0.4842519685039369803, -0.05315123303480008554 ) ) ;
#8351 = CARTESIAN_POINT ( 'NONE',  ( -0.5511677622877689808, 0.4842519685039369803, -0.3228574203271863396 ) ) ;
#8352 = DIRECTION ( 'NONE',  ( 8.044134937727570810E-21, -1.000000000000000000, -1.946778531802094728E-16 ) ) ;
#8353 = ORIENTED_EDGE ( 'NONE', *, *, #6838, .F. ) ;
#8354 = ORIENTED_EDGE ( 'NONE', *, *, #5499, .F. ) ;
#8355 = VECTOR ( 'NONE', #923, 39.37007874015748143 ) ;
#8356 = EDGE_CURVE ( 'NONE', #4611, #729, #2441, .T. ) ;
#8358 = CARTESIAN_POINT ( 'NONE',  ( -0.1023488650982646714, 0.06102362203897264414, -0.01574803122046313300 ) ) ;
#8357 = AXIS2_PLACEMENT_3D ( 'NONE', #6529, #2573, #9828 ) ;
#8359 = ORIENTED_EDGE ( 'NONE', *, *, #9833, .T. ) ;
#8360 = CARTESIAN_POINT ( 'NONE',  ( -0.3759788841897500622, 0.2224409448818800150, 0.01574803160697565291 ) ) ;
#8361 = LINE ( 'NONE', #4343, #4871 ) ;
#8362 = LINE ( 'NONE', #5021, #2776 ) ;
#8363 = DIRECTION ( 'NONE',  ( 4.132023647966327534E-05, 1.128275431047924502E-15, -0.9999999991463190963 ) ) ;
#8364 = LINE ( 'NONE', #10042, #9235 ) ;
#8365 = FACE_BOUND ( 'NONE', #240, .T. ) ;
#8366 = ORIENTED_EDGE ( 'NONE', *, *, #7315, .F. ) ;
#8367 = EDGE_CURVE ( 'NONE', #8751, #3502, #350, .T. ) ;
#8368 = ORIENTED_EDGE ( 'NONE', *, *, #4047, .F. ) ;
#8369 = EDGE_CURVE ( 'NONE', #2584, #549, #7534, .T. ) ;
#8370 = AXIS2_PLACEMENT_3D ( 'NONE', #9733, #1275, #4451 ) ;
#8371 = ORIENTED_EDGE ( 'NONE', *, *, #9717, .F. ) ;
#8372 = ORIENTED_EDGE ( 'NONE', *, *, #4009, .T. ) ;
#8373 = EDGE_CURVE ( 'NONE', #5226, #4845, #6267, .T. ) ;
#8374 = CARTESIAN_POINT ( 'NONE',  ( -0.4665300652921126612, -0.08706252216376668407, -0.3135386052317861716 ) ) ;
#8375 = ORIENTED_EDGE ( 'NONE', *, *, #9373, .F. ) ;
#8376 = DIRECTION ( 'NONE',  ( 4.132023649192669289E-05, 0.000000000000000000, -0.9999999991463189852 ) ) ;
#8377 = DIRECTION ( 'NONE',  ( -1.259585646868319844E-15, -1.000000000000000000, 2.220446049250309876E-16 ) ) ;
#8378 = CIRCLE ( 'NONE', #8543, 0.01181102362204724046 ) ;
#8379 = DIRECTION ( 'NONE',  ( 2.081668171172166620E-14, 0.000000000000000000, -1.000000000000000000 ) ) ;
#8380 = VECTOR ( 'NONE', #3336, 39.37007874015748143 ) ;
#8381 = LINE ( 'NONE', #8328, #7426 ) ;
#8382 = CARTESIAN_POINT ( 'NONE',  ( -0.4157984591073166647, 0.1240157480314884181, -0.3534859450570230210 ) ) ;
#8383 = EDGE_CURVE ( 'NONE', #3545, #2006, #4319, .T. ) ;
#8384 = CARTESIAN_POINT ( 'NONE',  ( -0.5137741597803013871, 0.01968503937007875723, 0.001968504047920685909 ) ) ;
#8385 = VERTEX_POINT ( 'NONE', #6974 ) ;
#8386 = ORIENTED_EDGE ( 'NONE', *, *, #8910, .T. ) ;
#8387 = CIRCLE ( 'NONE', #898, 0.01181102362204724567 ) ;
#8388 = DIRECTION ( 'NONE',  ( -1.000000000000000000, -2.669637467189900051E-16, 0.000000000000000000 ) ) ;
#8389 = ORIENTED_EDGE ( 'NONE', *, *, #4807, .T. ) ;
#8390 = DIRECTION ( 'NONE',  ( -1.000000000000000000, 1.239088196068504517E-15, 0.000000000000000000 ) ) ;
#8391 = DIRECTION ( 'NONE',  ( 2.023844055306275469E-14, 0.000000000000000000, -1.000000000000000000 ) ) ;
#8392 = DIRECTION ( 'NONE',  ( -1.098777426433149983E-15, 2.220446049250329844E-16, 1.000000000000000000 ) ) ;
#8393 = EDGE_CURVE ( 'NONE', #7677, #2146, #622, .T. ) ;
#8394 = CYLINDRICAL_SURFACE ( 'NONE', #301, 0.01968503937007875723 ) ;
#8395 = AXIS2_PLACEMENT_3D ( 'NONE', #7507, #5273, #3710 ) ;
#8396 = ORIENTED_EDGE ( 'NONE', *, *, #3658, .T. ) ;
#8397 =( BOUNDED_CURVE ( )  B_SPLINE_CURVE ( 3, ( #1119, #2050, #4295, #8465 ),
 .UNSPECIFIED., .F., .F. ) 
 B_SPLINE_CURVE_WITH_KNOTS ( ( 4, 4 ),
 ( 1.507023092548328780, 1.570796326794723141 ),
 .UNSPECIFIED. ) 
 CURVE ( )  GEOMETRIC_REPRESENTATION_ITEM ( )  RATIONAL_B_SPLINE_CURVE ( ( 1.000000000000000000, 0.9996611099316583537, 0.9996611099316583537, 1.000000000000000000 ) ) 
 REPRESENTATION_ITEM ( '' )  );
#8398 = ORIENTED_EDGE ( 'NONE', *, *, #1866, .T. ) ;
#8399 = VECTOR ( 'NONE', #5309, 39.37007874015748143 ) ;
#8400 = ORIENTED_EDGE ( 'NONE', *, *, #10143, .F. ) ;
#8401 = ORIENTED_EDGE ( 'NONE', *, *, #2023, .F. ) ;
#8402 = FACE_OUTER_BOUND ( 'NONE', #7873, .T. ) ;
#8403 = CARTESIAN_POINT ( 'NONE',  ( -0.04493248089200118506, 0.4294716001481418410, -0.3543307085505032483 ) ) ;
#8404 = DIRECTION ( 'NONE',  ( 1.000000000000000000, 6.123638448986479919E-17, -6.245969335281450904E-16 ) ) ;
#8405 = CARTESIAN_POINT ( 'NONE',  ( -0.3661314019194540359, 0.04133858268976527833, -0.2519836327865563330 ) ) ;
#8406 = ORIENTED_EDGE ( 'NONE', *, *, #7331, .F. ) ;
#8407 = EDGE_CURVE ( 'NONE', #3173, #1937, #6077, .T. ) ;
#8408 = VERTEX_POINT ( 'NONE', #9327 ) ;
#8409 = DIRECTION ( 'NONE',  ( 1.445602896647339666E-14, 1.000000000000000000, -5.330660681387065571E-15 ) ) ;
#8410 = ORIENTED_EDGE ( 'NONE', *, *, #1571, .T. ) ;
#8411 = LINE ( 'NONE', #9313, #9606 ) ;
#8412 = DIRECTION ( 'NONE',  ( 1.559456281198720078E-15, 6.459479416000690079E-16, -1.000000000000000000 ) ) ;
#8413 = CARTESIAN_POINT ( 'NONE',  ( -0.1161363645047149701, -0.02604684404438653567, -0.3287401573693974344 ) ) ;
#8414 = PLANE ( 'NONE',  #1115 ) ;
#8415 = CARTESIAN_POINT ( 'NONE',  ( 5.367778755658163867E-06, 0.2421259842519683514, -0.1299067771285910833 ) ) ;
#8416 = LINE ( 'NONE', #1280, #3365 ) ;
#8417 = EDGE_LOOP ( 'NONE', ( #6100, #4131, #5965, #9668 ) ) ;
#8418 = ORIENTED_EDGE ( 'NONE', *, *, #9967, .T. ) ;
#8419 = VERTEX_POINT ( 'NONE', #4466 ) ;
#8420 = VERTEX_POINT ( 'NONE', #3067 ) ;
#8421 = DIRECTION ( 'NONE',  ( 8.044134937727570810E-21, -1.000000000000000000, -1.946778531802094728E-16 ) ) ;
#8422 = ORIENTED_EDGE ( 'NONE', *, *, #7919, .F. ) ;
#8423 = ADVANCED_FACE ( 'NONE', ( #7020 ), #3013, .T. ) ;
#8424 = FACE_BOUND ( 'NONE', #3430, .T. ) ;
#8425 = ADVANCED_FACE ( 'NONE', ( #6236 ), #9434, .F. ) ;
#8426 = VECTOR ( 'NONE', #9470, 39.37007874015748143 ) ;
#8427 = LINE ( 'NONE', #2177, #1340 ) ;
#8428 = VECTOR ( 'NONE', #7601, 39.37007874015748143 ) ;
#8429 = FACE_OUTER_BOUND ( 'NONE', #4457, .T. ) ;
#8430 = CARTESIAN_POINT ( 'NONE',  ( -0.3759788841897500622, 0.2342519685039251565, 0.02755905522902296276 ) ) ;
#8431 = CARTESIAN_POINT ( 'NONE',  ( -0.4074749471818763791, -0.08706252216376723918, -0.3135386052317856720 ) ) ;
#8432 = DIRECTION ( 'NONE',  ( 1.000000000000000000, 0.000000000000000000, 1.929231152724370208E-14 ) ) ;
#8433 = ORIENTED_EDGE ( 'NONE', *, *, #4111, .F. ) ;
#8434 = EDGE_CURVE ( 'NONE', #5396, #4786, #6919, .T. ) ;
#8435 = ADVANCED_FACE ( 'NONE', ( #2284 ), #7755, .T. ) ;
#8436 = VECTOR ( 'NONE', #3325, 39.37007874015748854 ) ;
#8437 = EDGE_LOOP ( 'NONE', ( #6824, #5548, #9020, #4007, #5487 ) ) ;
#8438 = DIRECTION ( 'NONE',  ( 1.517883041479706208E-14, 1.000000000000000000, 8.809142651444724512E-16 ) ) ;
#8439 = CARTESIAN_POINT ( 'NONE',  ( -0.4783410889141597178, 0.007874015748028716927, 0.001968504047920685909 ) ) ;
#8440 = ORIENTED_EDGE ( 'NONE', *, *, #859, .F. ) ;
#8441 = ADVANCED_FACE ( 'NONE', ( #8429 ), #673, .F. ) ;
#8442 = LINE ( 'NONE', #1306, #5527 ) ;
#8443 = CARTESIAN_POINT ( 'NONE',  ( 0.07284001377324604565, 0.3937007868976374891, -0.1299212597316068141 ) ) ;
#8444 = AXIS2_PLACEMENT_3D ( 'NONE', #8106, #3358, #6435 ) ;
#8445 = VECTOR ( 'NONE', #723, 39.37007874015748143 ) ;
#8446 = DIRECTION ( 'NONE',  ( 6.123638448986479919E-17, -1.000000000000000000, -3.824805797272000045E-32 ) ) ;
#8447 = DIRECTION ( 'NONE',  ( 1.000000000000000000, 0.000000000000000000, 1.084202172485501673E-15 ) ) ;
#8448 = EDGE_CURVE ( 'NONE', #1794, #8682, #9270, .T. ) ;
#8449 = ORIENTED_EDGE ( 'NONE', *, *, #3921, .T. ) ;
#8450 = CIRCLE ( 'NONE', #3289, 0.01968503937007873988 ) ;
#8451 = ORIENTED_EDGE ( 'NONE', *, *, #8998, .F. ) ;
#8452 = EDGE_CURVE ( 'NONE', #1261, #9681, #7104, .T. ) ;
#8453 = ORIENTED_EDGE ( 'NONE', *, *, #7658, .T. ) ;
#8454 = ORIENTED_EDGE ( 'NONE', *, *, #2131, .F. ) ;
#8455 = CARTESIAN_POINT ( 'NONE',  ( -0.3661396171633222729, 0.01377952756254845375, -0.05316473532016489922 ) ) ;
#8456 = CARTESIAN_POINT ( 'NONE',  ( -0.07480339370956204381, 0.1062992126077746957, -0.01574803122046369158 ) ) ;
#8457 = DIRECTION ( 'NONE',  ( 1.000000000000000000, -1.259585646868319844E-15, 0.000000000000000000 ) ) ;
#8458 = CARTESIAN_POINT ( 'NONE',  ( -0.5531442385204589085, -0.02604684405929586985, -0.3405511809914502086 ) ) ;
#8459 = VECTOR ( 'NONE', #4025, 39.37007874015748143 ) ;
#8460 = DIRECTION ( 'NONE',  ( 1.836940358395789878E-16, -1.000000000000000000, 7.590281007370150941E-21 ) ) ;
#8461 = VERTEX_POINT ( 'NONE', #2178 ) ;
#8462 = EDGE_CURVE ( 'NONE', #749, #580, #10265, .T. ) ;
#8463 = ORIENTED_EDGE ( 'NONE', *, *, #8498, .T. ) ;
#8464 = AXIS2_PLACEMENT_3D ( 'NONE', #5476, #1522, #3918 ) ;
#8465 = CARTESIAN_POINT ( 'NONE',  ( -0.003931640095259656201, 0.4704724409448823308, 0.01574803160697565291 ) ) ;
#8466 = ORIENTED_EDGE ( 'NONE', *, *, #8085, .T. ) ;
#8467 = CARTESIAN_POINT ( 'NONE',  ( -0.5511811018916714655, 0.4842519685039369803, -2.277493349287061455E-05 ) ) ;
#8468 = PLANE ( 'NONE',  #1562 ) ;
#8469 = DIRECTION ( 'NONE',  ( 0.000000000000000000, -1.000000000000000000, -7.812564189785108689E-16 ) ) ;
#8470 = CARTESIAN_POINT ( 'NONE',  ( -0.4975276919558053734, 0.01968503937007875723, -0.3246574802040486096 ) ) ;
#8471 = CARTESIAN_POINT ( 'NONE',  ( 5.367778755658163867E-06, 0.2755905511811020947, -0.1299212597316068418 ) ) ;
#8472 = DIRECTION ( 'NONE',  ( 1.000000000000000000, 6.123638448986479919E-17, -6.245969335281450904E-16 ) ) ;
#8473 = ORIENTED_EDGE ( 'NONE', *, *, #2567, .F. ) ;
#8474 = ORIENTED_EDGE ( 'NONE', *, *, #8588, .F. ) ;
#8475 = AXIS2_PLACEMENT_3D ( 'NONE', #1060, #4237, #7404 ) ;
#8476 = VERTEX_POINT ( 'NONE', #1292 ) ;
#8477 = EDGE_LOOP ( 'NONE', ( #6070, #7437, #2753, #9669 ) ) ;
#8478 = DIRECTION ( 'NONE',  ( 1.929231152724350329E-14, -2.220446049250560093E-16, -1.000000000000000000 ) ) ;
#8479 = ORIENTED_EDGE ( 'NONE', *, *, #7927, .F. ) ;
#8480 = DIRECTION ( 'NONE',  ( -2.796841973281160348E-31, -2.220446049250309876E-16, -1.000000000000000000 ) ) ;
#8481 = CARTESIAN_POINT ( 'NONE',  ( -0.4665300652921126612, -0.07086614189580271728, 0.01377952766995460890 ) ) ;
#8482 = PLANE ( 'NONE',  #7602 ) ;
#8483 = DIRECTION ( 'NONE',  ( 1.836940358395769910E-16, -1.000000000000000000, 7.590281009303740970E-21 ) ) ;
#8484 = LINE ( 'NONE', #1349, #9398 ) ;
#8485 = CARTESIAN_POINT ( 'NONE',  ( -0.5531442385204589085, 0.2696028754788729609, -0.3405511809914499310 ) ) ;
#8486 = FACE_OUTER_BOUND ( 'NONE', #3268, .T. ) ;
#8487 = ORIENTED_EDGE ( 'NONE', *, *, #7733, .F. ) ;
#8488 = ADVANCED_FACE ( 'NONE', ( #7641, #10163 ), #8482, .T. ) ;
#8489 = ORIENTED_EDGE ( 'NONE', *, *, #2732, .T. ) ;
#8490 = CARTESIAN_POINT ( 'NONE',  ( -0.1338534686177145216, 0.01968503937007875723, -0.1161472632379161596 ) ) ;
#8491 = CARTESIAN_POINT ( 'NONE',  ( -0.05314879201135646464, 0.2457902771795129337, -0.01970781430357135613 ) ) ;
#8492 = ORIENTED_EDGE ( 'NONE', *, *, #2143, .T. ) ;
#8493 = DIRECTION ( 'NONE',  ( -1.000000000000000000, 2.982960006829620341E-15, 0.000000000000000000 ) ) ;
#8494 = ADVANCED_FACE ( 'NONE', ( #568 ), #3742, .F. ) ;
#8495 = FACE_OUTER_BOUND ( 'NONE', #4834, .T. ) ;
#8496 = DIRECTION ( 'NONE',  ( 0.000000000000000000, -1.000000000000000000, 1.807003620809173892E-16 ) ) ;
#8497 = PLANE ( 'NONE',  #7965 ) ;
#8498 = EDGE_CURVE ( 'NONE', #2619, #2507, #9378, .T. ) ;
#8499 = VERTEX_POINT ( 'NONE', #4876 ) ;
#8500 = EDGE_CURVE ( 'NONE', #9375, #2941, #3443, .T. ) ;
#8501 = VERTEX_POINT ( 'NONE', #7316 ) ;
#8502 = VERTEX_POINT ( 'NONE', #7172 ) ;
#8503 = ADVANCED_FACE ( 'NONE', ( #969 ), #2482, .F. ) ;
#8504 = CARTESIAN_POINT ( 'NONE',  ( -0.4975276919558053734, 0.01968503937007875723, 0.001968504047920685909 ) ) ;
#8505 = CARTESIAN_POINT ( 'NONE',  ( -0.2952734754950773199, 0.01968503937007875723, -0.05316180711442927004 ) ) ;
#8506 = LINE ( 'NONE', #4755, #1878 ) ;
#8507 = LENGTH_MEASURE_WITH_UNIT ( LENGTH_MEASURE( 0.02539999999999999897 ), #6890 );
#8508 = DIRECTION ( 'NONE',  ( 1.578983857244669950E-15, 0.000000000000000000, -1.000000000000000000 ) ) ;
#8509 = LINE ( 'NONE', #4663, #7298 ) ;
#8510 = CYLINDRICAL_SURFACE ( 'NONE', #4382, 0.02362204724409448092 ) ;
#8511 = EDGE_CURVE ( 'NONE', #343, #2718, #3959, .T. ) ;
#8512 = VERTEX_POINT ( 'NONE', #1697 ) ;
#8513 = VERTEX_POINT ( 'NONE', #5659 ) ;
#8514 = CIRCLE ( 'NONE', #9359, 0.01181102362204724046 ) ;
#8515 = DIRECTION ( 'NONE',  ( -2.209805226065780252E-15, 0.8576492805176770817, 0.5142350742875390068 ) ) ;
#8516 = ORIENTED_EDGE ( 'NONE', *, *, #7371, .T. ) ;
#8517 = ORIENTED_EDGE ( 'NONE', *, *, #8748, .T. ) ;
#8518 = CARTESIAN_POINT ( 'NONE',  ( 5.367778754838609516E-06, 0.01968503937007875723, 0.01181102373296006453 ) ) ;
#8519 = DIRECTION ( 'NONE',  ( 1.320806235146370919E-15, 0.000000000000000000, -1.000000000000000000 ) ) ;
#8520 = DIRECTION ( 'NONE',  ( 1.246852062080113795E-14, 0.8576492803422327560, -0.5142350745801479439 ) ) ;
#8521 = DIRECTION ( 'NONE',  ( -3.469446952196290522E-14, 1.000000000000000000, 5.421010862806703572E-17 ) ) ;
#8522 = CARTESIAN_POINT ( 'NONE',  ( -0.03935673911401197517, 0.3596849356569614686, -0.04724409421258948805 ) ) ;
#8523 = DIRECTION ( 'NONE',  ( 0.000000000000000000, 0.000000000000000000, 1.000000000000000000 ) ) ;
#8524 = ADVANCED_FACE ( 'NONE', ( #4782 ), #4830, .T. ) ;
#8525 = VERTEX_POINT ( 'NONE', #4003 ) ;
#8526 = EDGE_LOOP ( 'NONE', ( #332, #3051, #7479, #5581 ) ) ;
#8527 = EDGE_CURVE ( 'NONE', #6897, #4657, #4621, .T. ) ;
#8528 = ORIENTED_EDGE ( 'NONE', *, *, #1521, .F. ) ;
#8529 = VECTOR ( 'NONE', #9746, 39.37007874015748143 ) ;
#8530 = ORIENTED_EDGE ( 'NONE', *, *, #9916, .T. ) ;
#8531 = DIRECTION ( 'NONE',  ( -1.000000000000000000, -6.123638448986479919E-17, 6.245969335281450904E-16 ) ) ;
#8532 = ORIENTED_EDGE ( 'NONE', *, *, #3448, .T. ) ;
#8533 = DIRECTION ( 'NONE',  ( -4.132023649155090842E-05, -7.221721796416660824E-17, 0.9999999991463190963 ) ) ;
#8534 = LINE ( 'NONE', #2848, #6326 ) ;
#8535 = CARTESIAN_POINT ( 'NONE',  ( -0.05708124639447897247, -0.03212048658944358787, -0.3270588496977320792 ) ) ;
#8536 = DIRECTION ( 'NONE',  ( 1.000000000000000000, -1.241154504388520031E-14, 0.000000000000000000 ) ) ;
#8537 = DIRECTION ( 'NONE',  ( -1.870278060914414711E-14, -0.8576492831063926570, 0.5142350699700388716 ) ) ;
#8538 = DIRECTION ( 'NONE',  ( -1.000000000000000000, 9.634711363903441210E-15, -1.929231152724350329E-14 ) ) ;
#8539 = CIRCLE ( 'NONE', #7701, 0.01181102362204724567 ) ;
#8540 = VERTEX_POINT ( 'NONE', #8059 ) ;
#8541 = AXIS2_PLACEMENT_3D ( 'NONE', #267, #169, #2509 ) ;
#8542 = ORIENTED_EDGE ( 'NONE', *, *, #9401, .F. ) ;
#8543 = AXIS2_PLACEMENT_3D ( 'NONE', #8633, #1496, #8523 ) ;
#8544 = CIRCLE ( 'NONE', #384, 0.02755905511673228600 ) ;
#8545 = DIRECTION ( 'NONE',  ( -4.132023649128441152E-05, -7.221721796191270938E-17, 0.9999999991463190963 ) ) ;
#8546 = PLANE ( 'NONE',  #7741 ) ;
#8547 = ORIENTED_EDGE ( 'NONE', *, *, #6266, .F. ) ;
#8548 = CARTESIAN_POINT ( 'NONE',  ( -0.4074749471818763791, -0.1082677165354328924, -0.3393563159933588036 ) ) ;
#8549 = DIRECTION ( 'NONE',  ( 0.000000000000000000, 1.000000000000000000, -2.220446041624741809E-16 ) ) ;
#8550 = B_SPLINE_CURVE_WITH_KNOTS ( 'NONE', 3,
 ( #74, #4083, #3156, #9519 ),
 .UNSPECIFIED., .F., .F.,
 ( 4, 4 ),
 ( 0.000000000000000000, 1.000000000000000000 ),
 .UNSPECIFIED. ) ;
#8551 = CARTESIAN_POINT ( 'NONE',  ( -0.006884396000772508017, 0.4862204724409451839, -0.1633858266607408349 ) ) ;
#8552 = DIRECTION ( 'NONE',  ( -1.000000000000000000, -6.123638448986479919E-17, 6.245969335281450904E-16 ) ) ;
#8553 = AXIS2_PLACEMENT_3D ( 'NONE', #9890, #5140, #9106 ) ;
#8554 = CIRCLE ( 'NONE', #6385, 0.1210629921259842451 ) ;
#8555 = VECTOR ( 'NONE', #934, 39.37007874015748143 ) ;
#8556 = ADVANCED_FACE ( 'NONE', ( #7960 ), #6532, .T. ) ;
#8557 = VERTEX_POINT ( 'NONE', #5560 ) ;
#8558 = ORIENTED_EDGE ( 'NONE', *, *, #10298, .F. ) ;
#8559 = AXIS2_PLACEMENT_3D ( 'NONE', #3399, #957, #9821 ) ;
#8560 = FACE_OUTER_BOUND ( 'NONE', #48, .T. ) ;
#8561 = FACE_OUTER_BOUND ( 'NONE', #2792, .T. ) ;
#8562 = EDGE_CURVE ( 'NONE', #6661, #9206, #4092, .T. ) ;
#8563 = ADVANCED_FACE ( 'NONE', ( #6483 ), #5610, .F. ) ;
#8564 = DIRECTION ( 'NONE',  ( 1.000000000000000000, -9.634711363903441210E-15, 1.929231152724350329E-14 ) ) ;
#8565 = FACE_OUTER_BOUND ( 'NONE', #2267, .T. ) ;
#8566 = PLANE ( 'NONE',  #10078 ) ;
#8567 = DIRECTION ( 'NONE',  ( 0.000000000000000000, 1.000000000000000000, 0.000000000000000000 ) ) ;
#8568 = CARTESIAN_POINT ( 'NONE',  ( -0.4035379393078605825, 0.1070866141732283588, -0.3405511809914499310 ) ) ;
#8569 = VERTEX_POINT ( 'NONE', #9533 ) ;
#8570 = EDGE_CURVE ( 'NONE', #3515, #8270, #7220, .T. ) ;
#8571 = EDGE_CURVE ( 'NONE', #8687, #7878, #5553, .T. ) ;
#8572 = AXIS2_PLACEMENT_3D ( 'NONE', #2241, #2972, #6930 ) ;
#8573 = ORIENTED_EDGE ( 'NONE', *, *, #6014, .T. ) ;
#8574 = ADVANCED_FACE ( 'NONE', ( #5507 ), #8793, .F. ) ;
#8575 = DIRECTION ( 'NONE',  ( 1.000000000000000000, 0.000000000000000000, 0.000000000000000000 ) ) ;
#8576 = ORIENTED_EDGE ( 'NONE', *, *, #2262, .T. ) ;
#8577 = ORIENTED_EDGE ( 'NONE', *, *, #8185, .F. ) ;
#8578 = DIRECTION ( 'NONE',  ( 4.132023648018929635E-05, 1.175981020723971815E-16, -0.9999999991463190963 ) ) ;
#8579 = CARTESIAN_POINT ( 'NONE',  ( -0.05511591403407857526, 0.01377952755905360177, -0.05315188374718569225 ) ) ;
#8580 = LINE ( 'NONE', #2891, #8770 ) ;
#8581 = AXIS2_PLACEMENT_3D ( 'NONE', #8702, #4012, #4061 ) ;
#8582 = CARTESIAN_POINT ( 'NONE',  ( -0.01377415978030067413, 0.4862204724409451839, -0.3405511809914504862 ) ) ;
#8583 = FACE_OUTER_BOUND ( 'NONE', #2014, .T. ) ;
#8584 = CARTESIAN_POINT ( 'NONE',  ( -0.003931640095258836544, 0.4822834645669287768, -0.1633858266607408349 ) ) ;
#8585 = ORIENTED_EDGE ( 'NONE', *, *, #8333, .F. ) ;
#8586 = EDGE_LOOP ( 'NONE', ( #9504, #6869, #7542, #5359, #292 ) ) ;
#8587 = ORIENTED_EDGE ( 'NONE', *, *, #3085, .T. ) ;
#8588 = EDGE_CURVE ( 'NONE', #3140, #6980, #87, .T. ) ;
#8589 = DIRECTION ( 'NONE',  ( -1.460128860962139933E-13, -1.000000000000000000, -3.650322152405474915E-13 ) ) ;
#8590 = EDGE_LOOP ( 'NONE', ( #2011, #111, #2997, #1517 ) ) ;
#8591 = PLANE ( 'NONE',  #9860 ) ;
#8592 = LINE ( 'NONE', #1555, #1186 ) ;
#8593 = DIRECTION ( 'NONE',  ( 1.246852062080113795E-14, 0.8576492803422327560, -0.5142350745801479439 ) ) ;
#8594 = CARTESIAN_POINT ( 'NONE',  ( -0.3877899078117976184, 0.2224409448818800150, -0.3543307085505046361 ) ) ;
#8595 = LINE ( 'NONE', #3015, #8724 ) ;
#8596 = CARTESIAN_POINT ( 'NONE',  ( -0.3641794802528421915, 0.01968503937007875723, -0.05712043728564969447 ) ) ;
#8597 = ORIENTED_EDGE ( 'NONE', *, *, #6323, .T. ) ;
#8598 = VERTEX_POINT ( 'NONE', #776 ) ;
#8599 = AXIS2_PLACEMENT_3D ( 'NONE', #9363, #8578, #1438 ) ;
#8600 = AXIS2_PLACEMENT_3D ( 'NONE', #9392, #2244, #8549 ) ;
#8601 = CARTESIAN_POINT ( 'NONE',  ( -0.4662338797370472743, -0.1131782253818490458, 0.01377952766995787885 ) ) ;
#8602 = LINE ( 'NONE', #7765, #10247 ) ;
#8603 = VERTEX_POINT ( 'NONE', #7129 ) ;
#8604 = DIRECTION ( 'NONE',  ( -5.994938444065381097E-15, -1.000000000000000000, -2.477122744674905164E-19 ) ) ;
#8605 = DIRECTION ( 'NONE',  ( 0.000000000000000000, -3.642919299551253499E-13, 1.000000000000000000 ) ) ;
#8606 = CYLINDRICAL_SURFACE ( 'NONE', #1202, 0.01181102362204724567 ) ;
#8607 = LINE ( 'NONE', #2405, #3145 ) ;
#8608 = ORIENTED_EDGE ( 'NONE', *, *, #5807, .T. ) ;
#8609 = AXIS2_PLACEMENT_3D ( 'NONE', #5146, #9112, #1139 ) ;
#8610 = VERTEX_POINT ( 'NONE', #8741 ) ;
#8611 = ORIENTED_EDGE ( 'NONE', *, *, #5453, .F. ) ;
#8612 = AXIS2_PLACEMENT_3D ( 'NONE', #8314, #7519, #1072 ) ;
#8613 = DIRECTION ( 'NONE',  ( 0.000000000000000000, 1.000000000000000000, 0.000000000000000000 ) ) ;
#8614 = CARTESIAN_POINT ( 'NONE',  ( -0.4665300652921126612, -0.07086614183904474396, -0.3405511809914336108 ) ) ;
#8615 = DIRECTION ( 'NONE',  ( 1.879283765641541755E-14, 0.000000000000000000, -1.000000000000000000 ) ) ;
#8616 = CARTESIAN_POINT ( 'NONE',  ( -0.4665300652921126612, -0.08098887952762763576, -0.3236683211421771400 ) ) ;
#8617 = DIRECTION ( 'NONE',  ( 1.000000000000000000, -9.634711363903441210E-15, 1.929231152724350329E-14 ) ) ;
#8618 = APPLICATION_PROTOCOL_DEFINITION ( 'draft international standard', 'automotive_design', 1998, #8343 ) ;
#8619 = ORIENTED_EDGE ( 'NONE', *, *, #5384, .T. ) ;
#8620 = VECTOR ( 'NONE', #8195, 39.37007874015748143 ) ;
#8621 = VECTOR ( 'NONE', #9572, 39.37007874015748143 ) ;
#8622 = EDGE_CURVE ( 'NONE', #5355, #6065, #3262, .T. ) ;
#8623 = ORIENTED_EDGE ( 'NONE', *, *, #10029, .F. ) ;
#8624 = ORIENTED_EDGE ( 'NONE', *, *, #4101, .F. ) ;
#8625 = ORIENTED_EDGE ( 'NONE', *, *, #175, .T. ) ;
#8626 = CARTESIAN_POINT ( 'NONE',  ( -0.1476244556650237183, -0.1299212598478136083, -0.08661417295264810245 ) ) ;
#8627 = CIRCLE ( 'NONE', #7793, 0.04527559055118110520 ) ;
#8628 = DIRECTION ( 'NONE',  ( -1.000000000000000000, -2.669637467189900051E-16, -5.551115123125779621E-17 ) ) ;
#8629 = ADVANCED_FACE ( 'NONE', ( #3169 ), #6339, .F. ) ;
#8630 = PLANE ( 'NONE',  #463 ) ;
#8631 = DIRECTION ( 'NONE',  ( -1.608082204351659665E-16, -1.000000000000000000, -2.539135841793694919E-31 ) ) ;
#8632 = LINE ( 'NONE', #4672, #8060 ) ;
#8633 = CARTESIAN_POINT ( 'NONE',  ( -0.5531442385204589085, 0.4921259842519686845, -0.3267716534323946709 ) ) ;
#8634 = ORIENTED_EDGE ( 'NONE', *, *, #3879, .F. ) ;
#8635 = AXIS2_PLACEMENT_3D ( 'NONE', #7090, #7975, #3972 ) ;
#8636 = EDGE_CURVE ( 'NONE', #5026, #8342, #5932, .T. ) ;
#8637 = ORIENTED_EDGE ( 'NONE', *, *, #2790, .F. ) ;
#8638 = CARTESIAN_POINT ( 'NONE',  ( -0.5531442385204589085, 0.4980314960629916299, -0.009842519574121433648 ) ) ;
#8639 = EDGE_LOOP ( 'NONE', ( #6992, #7431, #1083, #8336 ) ) ;
#8640 = CARTESIAN_POINT ( 'NONE',  ( -0.4551685378474741861, 0.1555118110236174966, 0.01096626023947874784 ) ) ;
#8641 = CYLINDRICAL_SURFACE ( 'NONE', #2504, 0.007874015748031516770 ) ;
#8642 = EDGE_CURVE ( 'NONE', #9740, #5186, #4272, .T. ) ;
#8643 = CARTESIAN_POINT ( 'NONE',  ( -0.4251971753906532148, 0.1653543307150614206, -0.01379709680018503630 ) ) ;
#8644 = FACE_OUTER_BOUND ( 'NONE', #8590, .T. ) ;
#8645 = CARTESIAN_POINT ( 'NONE',  ( -0.5531442385204589085, 0.2480314960629948773, -0.3246574802040486096 ) ) ;
#8646 = AXIS2_PLACEMENT_3D ( 'NONE', #1889, #1212, #270 ) ;
#8647 = DIRECTION ( 'NONE',  ( -1.000000000000000000, -6.123638448986479919E-17, 6.245969335281450904E-16 ) ) ;
#8648 = ORIENTED_EDGE ( 'NONE', *, *, #1062, .F. ) ;
#8649 = EDGE_CURVE ( 'NONE', #9593, #3331, #6685, .T. ) ;
#8650 = ORIENTED_EDGE ( 'NONE', *, *, #5115, .F. ) ;
#8651 = FACE_OUTER_BOUND ( 'NONE', #6250, .T. ) ;
#8652 = DIRECTION ( 'NONE',  ( -4.132023648018220838E-05, -7.221721796416451283E-17, 0.9999999991463190963 ) ) ;
#8653 = ORIENTED_EDGE ( 'NONE', *, *, #5501, .F. ) ;
#8654 = DIRECTION ( 'NONE',  ( 1.000000000000000000, 0.000000000000000000, 0.000000000000000000 ) ) ;
#8655 = FACE_OUTER_BOUND ( 'NONE', #6252, .T. ) ;
#8656 = LINE ( 'NONE', #9550, #6377 ) ;
#8657 = CARTESIAN_POINT ( 'NONE',  ( -0.5531442385204589085, 0.4921259842519686845, -0.3267716534323946709 ) ) ;
#8658 = VERTEX_POINT ( 'NONE', #235 ) ;
#8659 = EDGE_CURVE ( 'NONE', #2686, #2663, #274, .T. ) ;
#8660 = ADVANCED_FACE ( 'NONE', ( #4299 ), #4247, .T. ) ;
#8661 = VERTEX_POINT ( 'NONE', #2575 ) ;
#8662 = AXIS2_PLACEMENT_3D ( 'NONE', #2799, #619, #9895 ) ;
#8663 = EDGE_LOOP ( 'NONE', ( #5048, #5122, #4553, #5182, #2068 ) ) ;
#8664 = ORIENTED_EDGE ( 'NONE', *, *, #7102, .F. ) ;
#8665 = CARTESIAN_POINT ( 'NONE',  ( -0.4665300652921126612, -0.06074340425994886883, -0.3236683210765283758 ) ) ;
#8666 = CARTESIAN_POINT ( 'NONE',  ( -0.03541973123199015916, 0.01377952755905360177, -0.3228361094965610523 ) ) ;
#8667 = LINE ( 'NONE', #8767, #1477 ) ;
#8668 = CARTESIAN_POINT ( 'NONE',  ( -0.1161363645047174403, -0.1096117967702594093, -0.3270588496554712177 ) ) ;
#8669 = VERTEX_POINT ( 'NONE', #5752 ) ;
#8670 = ORIENTED_EDGE ( 'NONE', *, *, #5403, .T. ) ;
#8671 = VERTEX_POINT ( 'NONE', #7363 ) ;
#8672 = VERTEX_POINT ( 'NONE', #1900 ) ;
#8673 = DIRECTION ( 'NONE',  ( -1.000000000000000000, 1.447273983916451791E-16, -4.824246613055499152E-17 ) ) ;
#8674 = AXIS2_PLACEMENT_3D ( 'NONE', #7908, #4002, #6383 ) ;
#8675 =( BOUNDED_CURVE ( )  B_SPLINE_CURVE ( 3, ( #6811, #6024, #2749, #8281 ),
 .UNSPECIFIED., .F., .F. ) 
 B_SPLINE_CURVE_WITH_KNOTS ( ( 4, 4 ),
 ( 4.666853728816130698, 4.712388980384680792 ),
 .UNSPECIFIED. ) 
 CURVE ( )  GEOMETRIC_REPRESENTATION_ITEM ( )  RATIONAL_B_SPLINE_CURVE ( ( 1.000000000000000000, 0.9998272192025325911, 0.9998272192025325911, 1.000000000000000000 ) ) 
 REPRESENTATION_ITEM ( '' )  );
#8676 = DIRECTION ( 'NONE',  ( -4.132023649155090164E-05, -7.221721796416659592E-17, 0.9999999991463189852 ) ) ;
#8677 = CARTESIAN_POINT ( 'NONE',  ( 5.367778755658163867E-06, 0.4675598519649055707, 0.02755905522902296276 ) ) ;
#8678 = DIRECTION ( 'NONE',  ( 0.000000000000000000, 0.000000000000000000, 1.000000000000000000 ) ) ;
#8679 = PLANE ( 'NONE',  #9567 ) ;
#8680 = CARTESIAN_POINT ( 'NONE',  ( -0.5531442385204589085, 0.4862204724409451839, 0.01377952766996799576 ) ) ;
#8681 = DIRECTION ( 'NONE',  ( -1.000000000000000000, -6.123638448986479919E-17, 6.245969335281450904E-16 ) ) ;
#8682 = VERTEX_POINT ( 'NONE', #5075 ) ;
#8683 = VECTOR ( 'NONE', #1896, 39.37007874015748143 ) ;
#8684 = ORIENTED_EDGE ( 'NONE', *, *, #6969, .F. ) ;
#8685 = ADVANCED_FACE ( 'NONE', ( #389 ), #1014, .T. ) ;
#8686 = LINE ( 'NONE', #3948, #9040 ) ;
#8687 = VERTEX_POINT ( 'NONE', #8209 ) ;
#8688 = LINE ( 'NONE', #7170, #10030 ) ;
#8689 = CARTESIAN_POINT ( 'NONE',  ( -0.4507820337960491974, 0.1555118110236194118, 1.109127553579697145E-10 ) ) ;
#8690 = DIRECTION ( 'NONE',  ( 0.9284766908852628564, 0.000000000000000000, 0.3713906763540949507 ) ) ;
#8691 = LINE ( 'NONE', #7317, #9616 ) ;
#8692 = EDGE_CURVE ( 'NONE', #3545, #7137, #3356, .T. ) ;
#8693 = VECTOR ( 'NONE', #6035, 39.37007874015748143 ) ;
#8694 = CARTESIAN_POINT ( 'NONE',  ( -0.3169157942321246813, 0.4527559055035402791, -0.01574803122046315382 ) ) ;
#8695 = EDGE_CURVE ( 'NONE', #1257, #9358, #3566, .T. ) ;
#8696 = LINE ( 'NONE', #2235, #716 ) ;
#8697 = ORIENTED_EDGE ( 'NONE', *, *, #5650, .T. ) ;
#8698 = AXIS2_PLACEMENT_3D ( 'NONE', #9531, #5657, #7126 ) ;
#8699 = EDGE_LOOP ( 'NONE', ( #4377, #5265 ) ) ;
#8700 = EDGE_CURVE ( 'NONE', #6034, #1364, #1844, .T. ) ;
#8701 = DIRECTION ( 'NONE',  ( 2.982960006829620341E-15, 1.000000000000000000, 0.000000000000000000 ) ) ;
#8702 = CARTESIAN_POINT ( 'NONE',  ( -0.2755905509458358438, 0.2421259842519683514, -1.138746674602552967E-05 ) ) ;
#8703 = ORIENTED_EDGE ( 'NONE', *, *, #1733, .T. ) ;
#8704 = DIRECTION ( 'NONE',  ( 0.9999999991463189852, 0.000000000000000000, 4.132023649128440475E-05 ) ) ;
#8705 = EDGE_CURVE ( 'NONE', #9362, #9931, #3508, .T. ) ;
#8706 = CIRCLE ( 'NONE', #2209, 0.01181102362204724567 ) ;
#8707 = CIRCLE ( 'NONE', #8370, 0.07943282768391143889 ) ;
#8708 = DIRECTION ( 'NONE',  ( 2.970549984674915408E-31, 9.958396954279338505E-17, -1.000000000000000000 ) ) ;
#8709 = DIRECTION ( 'NONE',  ( -1.448873012750489906E-13, 1.000000000000000000, 3.645972412869020137E-13 ) ) ;
#8710 = DIRECTION ( 'NONE',  ( -2.947193223346190172E-16, 1.000000000000000000, 0.000000000000000000 ) ) ;
#8711 = ORIENTED_EDGE ( 'NONE', *, *, #2074, .T. ) ;
#8712 = AXIS2_PLACEMENT_3D ( 'NONE', #2617, #6677, #1061 ) ;
#8713 = VECTOR ( 'NONE', #7445, 39.37007874015748143 ) ;
#8714 = ORIENTED_EDGE ( 'NONE', *, *, #2409, .T. ) ;
#8715 = EDGE_CURVE ( 'NONE', #7838, #9362, #7573, .T. ) ;
#8716 = CARTESIAN_POINT ( 'NONE',  ( -0.1023625300140883765, 0.1062992126077747096, -0.01378375719628133038 ) ) ;
#8717 = LINE ( 'NONE', #1583, #3600 ) ;
#8718 = LINE ( 'NONE', #10185, #2545 ) ;
#8719 = VECTOR ( 'NONE', #4838, 39.37007874015748854 ) ;
#8720 = DIRECTION ( 'NONE',  ( 8.466415384531750179E-16, -9.958396954279598582E-17, 1.000000000000000000 ) ) ;
#8721 = CIRCLE ( 'NONE', #2223, 0.02362204724409449133 ) ;
#8722 = CARTESIAN_POINT ( 'NONE',  ( -0.4665300652921126612, -0.02604684404438216416, -0.3169291337473506553 ) ) ;
#8723 = ORIENTED_EDGE ( 'NONE', *, *, #8367, .F. ) ;
#8724 = VECTOR ( 'NONE', #2125, 39.37007874015748143 ) ;
#8725 = ORIENTED_EDGE ( 'NONE', *, *, #8241, .F. ) ;
#8726 = PLANE ( 'NONE',  #7097 ) ;
#8727 = DIRECTION ( 'NONE',  ( 1.000000000000000000, 0.000000000000000000, 0.000000000000000000 ) ) ;
#8728 = CARTESIAN_POINT ( 'NONE',  ( -0.1736087076179499700, 0.07283464566101865989, 2.756008457320229957E-10 ) ) ;
#8729 = CARTESIAN_POINT ( 'NONE',  ( -0.4665300652921126612, -0.07086614186343768995, -0.3405511809914425481 ) ) ;
#8730 = CARTESIAN_POINT ( 'NONE',  ( -0.5531442385204589085, 0.4685861008999645527, -0.3287401573694028745 ) ) ;
#8731 = DIRECTION ( 'NONE',  ( -1.000000000000000000, 0.000000000000000000, -1.734723475976807726E-14 ) ) ;
#8732 = CARTESIAN_POINT ( 'NONE',  ( 3.829830183849736635E-07, 0.4842519685039369803, -0.009268655042153879989 ) ) ;
#8733 = EDGE_CURVE ( 'NONE', #6551, #10076, #8362, .T. ) ;
#8734 = EDGE_LOOP ( 'NONE', ( #1131, #6679, #2870, #2045, #6288, #4069, #8946, #8906 ) ) ;
#8735 = ORIENTED_EDGE ( 'NONE', *, *, #1297, .T. ) ;
#8736 = CIRCLE ( 'NONE', #585, 0.007874015748031619119 ) ;
#8737 = CARTESIAN_POINT ( 'NONE',  ( -0.003931640095258836544, 0.3347172464223585053, 0.01574803160697565291 ) ) ;
#8738 = ORIENTED_EDGE ( 'NONE', *, *, #2328, .F. ) ;
#8739 = DIRECTION ( 'NONE',  ( -1.000000000000000000, 3.469446951953611428E-15, 0.000000000000000000 ) ) ;
#8740 = FACE_OUTER_BOUND ( 'NONE', #4312, .T. ) ;
#8741 = CARTESIAN_POINT ( 'NONE',  ( -0.3169157942321246813, 0.4527559055035402791, 2.755994697548255546E-10 ) ) ;
#8742 = FACE_OUTER_BOUND ( 'NONE', #6302, .T. ) ;
#8743 = PLANE ( 'NONE',  #3223 ) ;
#8744 = CARTESIAN_POINT ( 'NONE',  ( -0.1161363645047149701, -0.07086614186344671051, -0.3405511809914425481 ) ) ;
#8745 = ORIENTED_EDGE ( 'NONE', *, *, #3097, .T. ) ;
#8746 = ORIENTED_EDGE ( 'NONE', *, *, #5938, .F. ) ;
#8747 = ORIENTED_EDGE ( 'NONE', *, *, #5943, .T. ) ;
#8748 = EDGE_CURVE ( 'NONE', #6488, #9942, #5276, .T. ) ;
#8749 = CARTESIAN_POINT ( 'NONE',  ( -0.3759788841897500622, 0.2224409448818800150, 0.02755905522902296276 ) ) ;
#8750 = PLANE ( 'NONE',  #8581 ) ;
#8751 = VERTEX_POINT ( 'NONE', #5903 ) ;
#8752 = CARTESIAN_POINT ( 'NONE',  ( -0.4114119550558873462, 0.2342519685039251565, -0.3425196849284575795 ) ) ;
#8753 = DIRECTION ( 'NONE',  ( 4.132023648018731091E-05, 0.000000000000000000, -0.9999999991463189852 ) ) ;
#8754 = CARTESIAN_POINT ( 'NONE',  ( -0.5196850389264352499, 0.4842519685039369803, -2.147350872412077101E-05 ) ) ;
#8755 = DIRECTION ( 'NONE',  ( 0.9999999991463189852, -1.233581138511405876E-16, 4.132023650632549405E-05 ) ) ;
#8756 = EDGE_CURVE ( 'NONE', #482, #7719, #2607, .T. ) ;
#8757 = ORIENTED_EDGE ( 'NONE', *, *, #5629, .T. ) ;
#8758 = AXIS2_PLACEMENT_3D ( 'NONE', #6957, #3615, #3052 ) ;
#8759 = AXIS2_PLACEMENT_3D ( 'NONE', #4848, #3291, #8813 ) ;
#8760 = ADVANCED_FACE ( 'NONE', ( #8313 ), #6739, .F. ) ;
#8761 = VERTEX_POINT ( 'NONE', #2835 ) ;
#8762 = FACE_OUTER_BOUND ( 'NONE', #4129, .T. ) ;
#8763 = FACE_OUTER_BOUND ( 'NONE', #9496, .T. ) ;
#8764 = LINE ( 'NONE', #3820, #7931 ) ;
#8765 = CARTESIAN_POINT ( 'NONE',  ( -0.01377415978029930890, 0.4980314960629916299, -0.009842519574120887210 ) ) ;
#8766 = VECTOR ( 'NONE', #4210, 39.37007874015748854 ) ;
#8767 = CARTESIAN_POINT ( 'NONE',  ( -0.2755772113419328040, 0.01377952755905360177, -0.3228460328604400575 ) ) ;
#8768 = EDGE_CURVE ( 'NONE', #5682, #6736, #6904, .T. ) ;
#8769 = EDGE_CURVE ( 'NONE', #3320, #6425, #2944, .T. ) ;
#8770 = VECTOR ( 'NONE', #2107, 39.37007874015748143 ) ;
#8771 = AXIS2_PLACEMENT_3D ( 'NONE', #5721, #52, #8753 ) ;
#8772 = ORIENTED_EDGE ( 'NONE', *, *, #3942, .T. ) ;
#8773 = ORIENTED_EDGE ( 'NONE', *, *, #7894, .F. ) ;
#8774 = CARTESIAN_POINT ( 'NONE',  ( -0.1161057577002255481, -0.1096117967702591317, -0.3270588496554717173 ) ) ;
#8775 = LINE ( 'NONE', #9764, #2210 ) ;
#8776 = CARTESIAN_POINT ( 'NONE',  ( -0.01377415978030067413, 0.4862204724409451839, -0.3287401573694031520 ) ) ;
#8777 = CARTESIAN_POINT ( 'NONE',  ( -0.4665300652921126612, -0.05466976173548503126, -0.3135386051284357323 ) ) ;
#8778 = DIRECTION ( 'NONE',  ( 0.9999999991463190963, 0.000000000000000000, 4.132023648029411838E-05 ) ) ;
#8779 = CIRCLE ( 'NONE', #1952, 0.007874015748031516770 ) ;
#8780 = PLANE ( 'NONE',  #2981 ) ;
#8781 = CARTESIAN_POINT ( 'NONE',  ( 0.01181639140080296795, 0.01968503937007875723, 0.01181102373296006453 ) ) ;
#8782 = CIRCLE ( 'NONE', #7439, 0.1210629921776709139 ) ;
#8783 = ORIENTED_EDGE ( 'NONE', *, *, #3231, .T. ) ;
#8784 = ORIENTED_EDGE ( 'NONE', *, *, #1626, .F. ) ;
#8785 = ADVANCED_FACE ( 'NONE', ( #6794 ), #7116, .T. ) ;
#8786 = EDGE_CURVE ( 'NONE', #2994, #5663, #9780, .T. ) ;
#8787 = EDGE_LOOP ( 'NONE', ( #9827, #4341, #108, #7233, #3074, #6852, #9739, #265 ) ) ;
#8788 = CIRCLE ( 'NONE', #2622, 0.01181102362204724567 ) ;
#8789 = CARTESIAN_POINT ( 'NONE',  ( -0.5137741597803013871, 0.2480314960629948773, -0.3405511809914504862 ) ) ;
#8790 = ORIENTED_EDGE ( 'NONE', *, *, #3231, .F. ) ;
#8791 = DIRECTION ( 'NONE',  ( 1.000000000000000000, 5.960771589037120061E-15, 9.941467993053840475E-15 ) ) ;
#8792 = DIRECTION ( 'NONE',  ( -0.3713906763539561173, 0.000000000000000000, 0.9284766908853184786 ) ) ;
#8793 = PLANE ( 'NONE',  #9454 ) ;
#8794 = CARTESIAN_POINT ( 'NONE',  ( -0.003931640095260202639, 0.01968503937007875723, -0.3425196849284575795 ) ) ;
#8795 = CARTESIAN_POINT ( 'NONE',  ( -0.5531442385204589085, 0.4685861008999645527, -0.3287401573694028745 ) ) ;
#8796 = DIRECTION ( 'NONE',  ( 4.132023427755479144E-05, 1.899332272967324825E-16, -0.9999999991463189852 ) ) ;
#8797 = ORIENTED_EDGE ( 'NONE', *, *, #4047, .T. ) ;
#8798 = VECTOR ( 'NONE', #7539, 39.37007874015748143 ) ;
#8799 = ORIENTED_EDGE ( 'NONE', *, *, #3405, .T. ) ;
#8800 = EDGE_LOOP ( 'NONE', ( #524, #7847, #1856, #8810 ) ) ;
#8801 = DIRECTION ( 'NONE',  ( -0.9999999991463189852, 2.992553908358391171E-33, -4.132023648017779703E-05 ) ) ;
#8802 = CARTESIAN_POINT ( 'NONE',  ( -0.03936194480172603566, 0.4842519685039369803, -0.1968520203137004709 ) ) ;
#8803 = ORIENTED_EDGE ( 'NONE', *, *, #5579, .T. ) ;
#8804 = AXIS2_PLACEMENT_3D ( 'NONE', #4769, #2513, #76 ) ;
#8805 = CARTESIAN_POINT ( 'NONE',  ( -0.2873936033426919279, 0.02755905513139873461, -0.1948937651001328708 ) ) ;
#8806 = CARTESIAN_POINT ( 'NONE',  ( -0.03936471096139967235, 0.4239038302175392459, 0.02755905522902296276 ) ) ;
#8807 = DIRECTION ( 'NONE',  ( 1.000000000000000000, 1.559414442564740059E-16, -1.110223024625159992E-16 ) ) ;
#8808 = DIRECTION ( 'NONE',  ( 1.000000000000000000, 0.000000000000000000, 0.000000000000000000 ) ) ;
#8809 = ORIENTED_EDGE ( 'NONE', *, *, #7981, .T. ) ;
#8810 = ORIENTED_EDGE ( 'NONE', *, *, #4739, .T. ) ;
#8811 = EDGE_CURVE ( 'NONE', #417, #9541, #6223, .T. ) ;
#8812 = CARTESIAN_POINT ( 'NONE',  ( -0.4074749471818763791, -0.08098887951825767262, -0.3236683211365580792 ) ) ;
#8813 = DIRECTION ( 'NONE',  ( 0.000000000000000000, 0.000000000000000000, -1.000000000000000000 ) ) ;
#8814 = CARTESIAN_POINT ( 'NONE',  ( -0.05708124639447897247, 0.2696028754788729609, -0.3405511809914504862 ) ) ;
#8815 = AXIS2_PLACEMENT_3D ( 'NONE', #8850, #1712, #4892 ) ;
#8816 = DIRECTION ( 'NONE',  ( 2.982960006829620341E-15, 1.000000000000000000, 0.000000000000000000 ) ) ;
#8817 = CARTESIAN_POINT ( 'NONE',  ( -0.01377415978030067413, 0.4862204724409451839, 0.01377952766996799576 ) ) ;
#8818 = ADVANCED_FACE ( 'NONE', ( #3725 ), #5448, .F. ) ;
#8819 = ADVANCED_FACE ( 'NONE', ( #6007 ), #2165, .F. ) ;
#8820 = ORIENTED_EDGE ( 'NONE', *, *, #7606, .F. ) ;
#8821 = AXIS2_PLACEMENT_3D ( 'NONE', #984, #197, #5669 ) ;
#8822 = ORIENTED_EDGE ( 'NONE', *, *, #1892, .T. ) ;
#8823 = ADVANCED_FACE ( 'NONE', ( #3835, #6168, #7628, #7009, #5337, #3054 ), #9365, .T. ) ;
#8824 = VERTEX_POINT ( 'NONE', #496 ) ;
#8825 = LINE ( 'NONE', #2508, #10273 ) ;
#8826 = CARTESIAN_POINT ( 'NONE',  ( -0.1496041842881390416, 0.01968503937007875723, -0.05315578802486194826 ) ) ;
#8827 = EDGE_CURVE ( 'NONE', #4873, #6710, #7843, .T. ) ;
#8828 = LINE ( 'NONE', #10253, #7954 ) ;
#8829 = PLANE ( 'NONE',  #3235 ) ;
#8830 = CARTESIAN_POINT ( 'NONE',  ( -0.5118089083698680319, 0.01968503937007875723, -0.05317075440973221406 ) ) ;
#8831 = CARTESIAN_POINT ( 'NONE',  ( -0.5531442385204589085, 0.2578329338022889994, 0.0009842520794122130469 ) ) ;
#8832 = EDGE_LOOP ( 'NONE', ( #8573, #4218, #6315, #4206, #1418, #9052, #6124, #9824, #10012, #45, #2149, #6942 ) ) ;
#8833 = EDGE_LOOP ( 'NONE', ( #8148, #5151, #3529, #6593 ) ) ;
#8834 = LINE ( 'NONE', #278, #9600 ) ;
#8835 = VERTEX_POINT ( 'NONE', #1440 ) ;
#8836 = DIRECTION ( 'NONE',  ( -1.000000000000000000, 1.259585646868319844E-15, 0.000000000000000000 ) ) ;
#8837 = LINE ( 'NONE', #4875, #3293 ) ;
#8838 = EDGE_CURVE ( 'NONE', #6541, #7719, #6846, .T. ) ;
#8839 = DIRECTION ( 'NONE',  ( -1.259585646868319844E-15, -1.000000000000000000, 2.220446049250309876E-16 ) ) ;
#8840 = DIRECTION ( 'NONE',  ( -1.000000000000000000, -2.766259525486784958E-16, -5.112438180136375941E-16 ) ) ;
#8841 = FACE_OUTER_BOUND ( 'NONE', #3627, .T. ) ;
#8842 = DIRECTION ( 'NONE',  ( 4.078893220340669608E-32, -2.220446049250309876E-16, -1.000000000000000000 ) ) ;
#8843 = ORIENTED_EDGE ( 'NONE', *, *, #9658, .T. ) ;
#8844 = EDGE_LOOP ( 'NONE', ( #227, #6693, #1624, #2128, #3083, #5203, #2148, #4395 ) ) ;
#8845 = ORIENTED_EDGE ( 'NONE', *, *, #5809, .T. ) ;
#8846 = CARTESIAN_POINT ( 'NONE',  ( -0.5511744320897188354, 0.2421259842519683514, -0.1614400976303397295 ) ) ;
#8847 = CARTESIAN_POINT ( 'NONE',  ( -0.4960607955489943488, 0.01968503937007875723, -0.05317010369398561531 ) ) ;
#8848 = AXIS2_PLACEMENT_3D ( 'NONE', #7514, #385, #2831 ) ;
#8849 = ORIENTED_EDGE ( 'NONE', *, *, #5114, .F. ) ;
#8850 = CARTESIAN_POINT ( 'NONE',  ( -0.4035379393078605825, 0.1543307086614156831, -0.3405511809914499310 ) ) ;
#8851 = FACE_OUTER_BOUND ( 'NONE', #771, .T. ) ;
#8852 = FACE_OUTER_BOUND ( 'NONE', #6791, .T. ) ;
#8853 = LINE ( 'NONE', #1763, #6456 ) ;
#8854 = EDGE_LOOP ( 'NONE', ( #7511, #2578, #4109, #962, #8474 ) ) ;
#8855 = ADVANCED_FACE ( 'NONE', ( #1387 ), #7425, .T. ) ;
#8856 = VERTEX_POINT ( 'NONE', #4566 ) ;
#8857 = VECTOR ( 'NONE', #3580, 39.37007874015748143 ) ;
#8858 = VECTOR ( 'NONE', #8791, 39.37007874015748143 ) ;
#8859 = CARTESIAN_POINT ( 'NONE',  ( -0.4157984591073128344, 0.1555118110236172191, -0.3534859450570121964 ) ) ;
#8860 = DIRECTION ( 'NONE',  ( 0.000000000000000000, 1.000000000000000000, 1.421085471520200056E-14 ) ) ;
#8861 = DIRECTION ( 'NONE',  ( -4.132023649192669289E-05, 0.000000000000000000, 0.9999999991463189852 ) ) ;
#8862 = CARTESIAN_POINT ( 'NONE',  ( -0.3877899078117976184, 0.2342519685039246014, -0.3425196849284575795 ) ) ;
#8863 = VECTOR ( 'NONE', #5464, 39.37007874015748143 ) ;
#8864 = AXIS2_PLACEMENT_3D ( 'NONE', #4504, #551, #5130 ) ;
#8865 = VERTEX_POINT ( 'NONE', #2215 ) ;
#8866 = ADVANCED_FACE ( 'NONE', ( #3779, #4453 ), #10150, .T. ) ;
#8867 = EDGE_CURVE ( 'NONE', #7301, #157, #8580, .T. ) ;
#8868 = AXIS2_PLACEMENT_3D ( 'NONE', #1890, #4390, #4185 ) ;
#8869 = AXIS2_PLACEMENT_3D ( 'NONE', #4284, #3497, #6673 ) ;
#8870 = ORIENTED_EDGE ( 'NONE', *, *, #2425, .T. ) ;
#8871 = FACE_OUTER_BOUND ( 'NONE', #4687, .T. ) ;
#8872 = FACE_OUTER_BOUND ( 'NONE', #7952, .T. ) ;
#8873 = DIRECTION ( 'NONE',  ( -1.000000000000000000, 9.634711363903441210E-15, -1.929231152724350329E-14 ) ) ;
#8874 = DIRECTION ( 'NONE',  ( 1.000000000000000000, 6.123638448986479919E-17, -6.245969335281450904E-16 ) ) ;
#8875 = CARTESIAN_POINT ( 'NONE',  ( -0.4074749471818818747, -0.02604684405929642149, 0.01377952766996799576 ) ) ;
#8876 = ADVANCED_FACE ( 'NONE', ( #661 ), #8630, .T. ) ;
#8877 = CARTESIAN_POINT ( 'NONE',  ( -0.4448796932334350140, 0.1653543307150614206, -0.07482153218581670540 ) ) ;
#8878 = ORIENTED_EDGE ( 'NONE', *, *, #4738, .F. ) ;
#8879 = EDGE_CURVE ( 'NONE', #6164, #2196, #6369, .T. ) ;
#8880 = VECTOR ( 'NONE', #1467, 39.37007874015748143 ) ;
#8881 = AXIS2_PLACEMENT_3D ( 'NONE', #8795, #7223, #9536 ) ;
#8882 = VECTOR ( 'NONE', #1029, 39.37007874015748854 ) ;
#8884 = ORIENTED_EDGE ( 'NONE', *, *, #8202, .T. ) ;
#8883 = ADVANCED_FACE ( 'NONE', ( #763 ), #6324, .F. ) ;
#8885 = DIRECTION ( 'NONE',  ( -1.000000000000000000, -6.123638448986479919E-17, 6.245969335281450904E-16 ) ) ;
#8886 = VERTEX_POINT ( 'NONE', #7204 ) ;
#8887 = FACE_OUTER_BOUND ( 'NONE', #9998, .T. ) ;
#8888 = DIRECTION ( 'NONE',  ( -8.431192517898690107E-32, -1.000000000000000000, -9.958396954279598582E-17 ) ) ;
#8889 = CARTESIAN_POINT ( 'NONE',  ( -0.3361362995994978675, 0.4645669291338582751, -0.3228485351762896416 ) ) ;
#8890 = VECTOR ( 'NONE', #1158, 39.37007874015748143 ) ;
#8891 = CARTESIAN_POINT ( 'NONE',  ( -0.03542770308738736607, 0.03149606299212852345, 0.01574803160697565291 ) ) ;
#8892 = PLANE ( 'NONE',  #228 ) ;
#8893 = DIRECTION ( 'NONE',  ( 1.000000000000000000, 9.056962336419320517E-48, 4.078893220340669608E-32 ) ) ;
#8894 = EDGE_LOOP ( 'NONE', ( #9513, #6936, #8118, #4598, #5030 ) ) ;
#8896 = ORIENTED_EDGE ( 'NONE', *, *, #6150, .T. ) ;
#8895 = EDGE_CURVE ( 'NONE', #2146, #1326, #7157, .T. ) ;
#8897 = AXIS2_PLACEMENT_3D ( 'NONE', #8439, #5310, #5414 ) ;
#8898 = VERTEX_POINT ( 'NONE', #23 ) ;
#8899 = CARTESIAN_POINT ( 'NONE',  ( -0.1279473881267609026, 0.01968503937007821253, -0.3405511809914499310 ) ) ;
#8900 = CARTESIAN_POINT ( 'NONE',  ( -0.2952734754950778751, 0.01377952756254845375, -0.05316180711442927004 ) ) ;
#8901 = ORIENTED_EDGE ( 'NONE', *, *, #10098, .T. ) ;
#8902 = CARTESIAN_POINT ( 'NONE',  ( -0.1358134320429690844, -0.1299212598478130809, -0.1161417320077681586 ) ) ;
#8903 = LINE ( 'NONE', #838, #9451 ) ;
#8904 = CARTESIAN_POINT ( 'NONE',  ( 0.01181639140080324030, 0.4895731408084721403, -0.3320928257369337167 ) ) ;
#8905 = CARTESIAN_POINT ( 'NONE',  ( -0.5531442385204589085, 0.4921259842519686845, -0.3149606298103474478 ) ) ;
#8906 = ORIENTED_EDGE ( 'NONE', *, *, #2774, .F. ) ;
#8907 = EDGE_CURVE ( 'NONE', #4152, #9179, #3133, .T. ) ;
#8908 = ORIENTED_EDGE ( 'NONE', *, *, #1512, .F. ) ;
#8909 = PLANE ( 'NONE',  #6001 ) ;
#8910 = EDGE_CURVE ( 'NONE', #1999, #966, #8828, .T. ) ;
#8911 = CARTESIAN_POINT ( 'NONE',  ( -0.0005220912571095467870, 0.4842519684980733374, -0.009268655040626230454 ) ) ;
#8912 = LINE ( 'NONE', #1772, #3543 ) ;
#8913 = DIRECTION ( 'NONE',  ( -1.000000000000000000, 2.824670172274429892E-14, 0.000000000000000000 ) ) ;
#8914 = ORIENTED_EDGE ( 'NONE', *, *, #2522, .F. ) ;
#8915 = B_SPLINE_CURVE_WITH_KNOTS ( 'NONE', 3,
 ( #1567, #8601, #3177, #6346 ),
 .UNSPECIFIED., .F., .F.,
 ( 4, 4 ),
 ( 0.000000000000000000, 1.000000000000000000 ),
 .UNSPECIFIED. ) ;
#8916 = AXIS2_PLACEMENT_3D ( 'NONE', #4396, #7892, #7942 ) ;
#8917 = AXIS2_PLACEMENT_3D ( 'NONE', #2758, #3643, #9013 ) ;
#8918 = VERTEX_POINT ( 'NONE', #6275 ) ;
#8919 = CARTESIAN_POINT ( 'NONE',  ( -0.4114119550558916760, 0.1240157480314862393, -0.3425196849284564693 ) ) ;
#8920 = CARTESIAN_POINT ( 'NONE',  ( -0.01377415978030067413, 0.4980314960629916299, -0.3165430069310066763 ) ) ;
#8921 = LINE ( 'NONE', #1833, #281 ) ;
#8922 = CARTESIAN_POINT ( 'NONE',  ( -0.5649552621425060206, 0.2696028754788729609, -0.3287401573694028745 ) ) ;
#8923 = CARTESIAN_POINT ( 'NONE',  ( -0.3169269374435488285, 0.4074803149549243719, -0.07481624514768493717 ) ) ;
#8924 = CARTESIAN_POINT ( 'NONE',  ( -0.1161363645047149701, -0.1035381541744227613, -0.3371885655664533243 ) ) ;
#8925 = ORIENTED_EDGE ( 'NONE', *, *, #4225, .F. ) ;
#8926 = EDGE_CURVE ( 'NONE', #9189, #9418, #4860, .T. ) ;
#8927 = AXIS2_PLACEMENT_3D ( 'NONE', #3798, #3848, #10112 ) ;
#8928 = VECTOR ( 'NONE', #8708, 39.37007874015748143 ) ;
#8929 = ORIENTED_EDGE ( 'NONE', *, *, #604, .F. ) ;
#8930 = EDGE_CURVE ( 'NONE', #491, #9701, #8092, .T. ) ;
#8931 = CARTESIAN_POINT ( 'NONE',  ( -0.08069532179117741566, 0.2421259842519683514, -0.01970781430357135613 ) ) ;
#8932 = ORIENTED_EDGE ( 'NONE', *, *, #9345, .F. ) ;
#8933 = LINE ( 'NONE', #3564, #109 ) ;
#8934 = VECTOR ( 'NONE', #1797, 39.37007874015748143 ) ;
#8935 = CARTESIAN_POINT ( 'NONE',  ( -0.3523684603070156851, 0.01968503937007875723, -0.05711068789771941295 ) ) ;
#8936 = VECTOR ( 'NONE', #1334, 39.37007874015748143 ) ;
#8937 = CARTESIAN_POINT ( 'NONE',  ( -0.4075055539863698950, -0.1096117967702553292, -0.3270588496554693303 ) ) ;
#8938 = CARTESIAN_POINT ( 'NONE',  ( -0.3642086334754595089, -0.1003831931476177469, -0.05709151077246389649 ) ) ;
#8939 = DIRECTION ( 'NONE',  ( -2.970549984674915408E-31, -9.958396954279338505E-17, 1.000000000000000000 ) ) ;
#8940 = DIRECTION ( 'NONE',  ( 0.000000000000000000, -1.946702628992019695E-16, 1.000000000000000000 ) ) ;
#8941 = EDGE_LOOP ( 'NONE', ( #2058, #3736, #3630, #7540, #8611, #598 ) ) ;
#8942 = ADVANCED_FACE ( 'NONE', ( #3251 ), #3937, .F. ) ;
#8943 = EDGE_CURVE ( 'NONE', #7566, #5656, #8550, .T. ) ;
#8944 = AXIS2_PLACEMENT_3D ( 'NONE', #9407, #2988, #7783 ) ;
#8945 = VECTOR ( 'NONE', #10015, 39.37007874015748143 ) ;
#8946 = ORIENTED_EDGE ( 'NONE', *, *, #4816, .F. ) ;
#8947 = ORIENTED_EDGE ( 'NONE', *, *, #5367, .F. ) ;
#8948 = EDGE_CURVE ( 'NONE', #8603, #4201, #3989, .T. ) ;
#8949 = CARTESIAN_POINT ( 'NONE',  ( -2.808977821142242328E-16, 0.3488426483905148756, -0.1743629489636868146 ) ) ;
#8950 = ORIENTED_EDGE ( 'NONE', *, *, #5911, .T. ) ;
#8951 = CARTESIAN_POINT ( 'NONE',  ( -0.4547190416700650495, 0.1318897637795195810, 0.01574803160697565291 ) ) ;
#8952 = ORIENTED_EDGE ( 'NONE', *, *, #8705, .T. ) ;
#8953 = CARTESIAN_POINT ( 'NONE',  ( 5.367778755658163867E-06, 0.4744094488188976277, -0.3287401573694072598 ) ) ;
#8954 = CARTESIAN_POINT ( 'NONE',  ( -0.4507820337960491974, 0.1622047244094487750, 0.001968504047920685909 ) ) ;
#8955 = LINE ( 'NONE', #4988, #8882 ) ;
#8956 = EDGE_CURVE ( 'NONE', #5278, #7061, #5687, .T. ) ;
#8957 = LINE ( 'NONE', #1917, #2468 ) ;
#8958 = ORIENTED_EDGE ( 'NONE', *, *, #4489, .T. ) ;
#8959 = ORIENTED_EDGE ( 'NONE', *, *, #8243, .T. ) ;
#8960 = CIRCLE ( 'NONE', #8464, 0.02755905511811023931 ) ;
#8961 = FACE_OUTER_BOUND ( 'NONE', #973, .T. ) ;
#8962 = DIRECTION ( 'NONE',  ( 1.000000000000000000, -1.233581139564489825E-16, 0.000000000000000000 ) ) ;
#8963 = DIRECTION ( 'NONE',  ( 4.857225732735061127E-14, -1.000000000000000000, 0.000000000000000000 ) ) ;
#8964 = LINE ( 'NONE', #10254, #6773 ) ;
#8965 = EDGE_CURVE ( 'NONE', #1688, #417, #1299, .T. ) ;
#8966 = DIRECTION ( 'NONE',  ( -5.927785966952419312E-32, 2.220446049250309876E-16, 1.000000000000000000 ) ) ;
#8967 = CIRCLE ( 'NONE', #484, 0.01968503937007873988 ) ;
#8968 = ORIENTED_EDGE ( 'NONE', *, *, #7460, .T. ) ;
#8969 = ORIENTED_EDGE ( 'NONE', *, *, #4738, .T. ) ;
#8970 = VERTEX_POINT ( 'NONE', #7256 ) ;
#8971 = CARTESIAN_POINT ( 'NONE',  ( -0.5098291800588917733, 0.2834645669208641916, 2.756013921016217094E-10 ) ) ;
#8972 = DIRECTION ( 'NONE',  ( 0.000000000000000000, 7.452763270214839996E-16, -1.000000000000000000 ) ) ;
#8973 = DIRECTION ( 'NONE',  ( -1.000000000000000000, 9.051760982578240415E-15, -1.956239355474899994E-14 ) ) ;
#8974 = LINE ( 'NONE', #2512, #8219 ) ;
#8975 = LINE ( 'NONE', #9822, #7144 ) ;
#8976 = FACE_OUTER_BOUND ( 'NONE', #1908, .T. ) ;
#8977 = EDGE_LOOP ( 'NONE', ( #8576, #4678, #561, #6810 ) ) ;
#8978 = CIRCLE ( 'NONE', #8815, 0.007874015748031516770 ) ;
#8979 = EDGE_LOOP ( 'NONE', ( #6318, #4688, #2684, #3519, #7253, #8969 ) ) ;
#8980 = CARTESIAN_POINT ( 'NONE',  ( -0.3641321661343425165, 0.01377952755847526925, -0.1161741142527275283 ) ) ;
#8981 = VERTEX_POINT ( 'NONE', #3197 ) ;
#8982 = CARTESIAN_POINT ( 'NONE',  ( -0.1161363645047149701, -0.06871868292612044737, -0.3293640665553719815 ) ) ;
#8983 = VECTOR ( 'NONE', #3168, 39.37007874015748143 ) ;
#8984 = DIRECTION ( 'NONE',  ( 2.439775995528935424E-31, 1.000000000000000000, -2.220446049250329844E-16 ) ) ;
#8985 = CARTESIAN_POINT ( 'NONE',  ( -0.03936471096139967235, 0.4239038302175392459, 0.01574803160697565291 ) ) ;
#8986 = CARTESIAN_POINT ( 'NONE',  ( -0.4271520147045647642, 0.07086614172401456413, -0.01970781430357135267 ) ) ;
#8987 = DIRECTION ( 'NONE',  ( -4.078893220340669608E-32, 2.220446049250309876E-16, 1.000000000000000000 ) ) ;
#8988 = CARTESIAN_POINT ( 'NONE',  ( 0.1456746591693080795, 0.1574803154645660341, -0.1299212597316068418 ) ) ;
#8989 = ORIENTED_EDGE ( 'NONE', *, *, #9863, .F. ) ;
#8990 = ADVANCED_FACE ( 'NONE', ( #9571 ), #855, .T. ) ;
#8991 = VERTEX_POINT ( 'NONE', #4910 ) ;
#8992 = ORIENTED_EDGE ( 'NONE', *, *, #3285, .T. ) ;
#8993 = DIRECTION ( 'NONE',  ( 2.796841973281160348E-31, 2.220446049250309876E-16, 1.000000000000000000 ) ) ;
#8994 = ORIENTED_EDGE ( 'NONE', *, *, #10161, .F. ) ;
#8995 = EDGE_CURVE ( 'NONE', #3675, #157, #7113, .T. ) ;
#8996 = LINE ( 'NONE', #8222, #540 ) ;
#8997 = VERTEX_POINT ( 'NONE', #7895 ) ;
#8998 = EDGE_CURVE ( 'NONE', #3149, #3320, #2470, .T. ) ;
#8999 = DIRECTION ( 'NONE',  ( 4.857225732735061127E-14, -1.000000000000000000, 0.000000000000000000 ) ) ;
#9000 = DIRECTION ( 'NONE',  ( -8.466415384531749193E-16, 9.958396954279598582E-17, -1.000000000000000000 ) ) ;
#9001 = LINE ( 'NONE', #8430, #4610 ) ;
#9002 = VECTOR ( 'NONE', #7415, 39.37007874015748143 ) ;
#9003 = CARTESIAN_POINT ( 'NONE',  ( -0.4432141094286987104, 0.1555118110236188567, -0.3425196849284575795 ) ) ;
#9004 = CARTESIAN_POINT ( 'NONE',  ( -0.4665300652921126612, -0.06074340426196388198, -0.003103332212128194229 ) ) ;
#9005 = ORIENTED_EDGE ( 'NONE', *, *, #5677, .F. ) ;
#9006 = EDGE_CURVE ( 'NONE', #1258, #2146, #7274, .T. ) ;
#9007 = ADVANCED_FACE ( 'NONE', ( #1058 ), #5891, .T. ) ;
#9008 = ORIENTED_EDGE ( 'NONE', *, *, #9132, .F. ) ;
#9009 = AXIS2_PLACEMENT_3D ( 'NONE', #7190, #62, #8575 ) ;
#9010 = EDGE_CURVE ( 'NONE', #143, #737, #5282, .T. ) ;
#9011 = ORIENTED_EDGE ( 'NONE', *, *, #8117, .T. ) ;
#9012 = CARTESIAN_POINT ( 'NONE',  ( -0.5531442385204589085, 0.2460629921259527841, -0.3267716534323946709 ) ) ;
#9013 = DIRECTION ( 'NONE',  ( 1.000000000000000000, 0.000000000000000000, 0.000000000000000000 ) ) ;
#9014 = FACE_OUTER_BOUND ( 'NONE', #1199, .T. ) ;
#9015 = DIRECTION ( 'NONE',  ( 1.951563910473907350E-14, 1.897353801849631971E-15, -1.000000000000000000 ) ) ;
#9016 = CARTESIAN_POINT ( 'NONE',  ( -0.5531442385204589085, 0.4980314960629916299, -0.3165430069310066763 ) ) ;
#9017 = AXIS2_PLACEMENT_3D ( 'NONE', #1601, #5700, #4826 ) ;
#9018 = VERTEX_POINT ( 'NONE', #9820 ) ;
#9019 = EDGE_CURVE ( 'NONE', #2680, #8101, #2666, .T. ) ;
#9020 = ORIENTED_EDGE ( 'NONE', *, *, #2023, .T. ) ;
#9021 = CARTESIAN_POINT ( 'NONE',  ( 0.01181639140080433317, 0.4862204724409451839, -0.009842519574120887210 ) ) ;
#9022 = CARTESIAN_POINT ( 'NONE',  ( -0.5314827233659782380, 0.2585301837187601315, 2.755989334384274202E-10 ) ) ;
#9023 = CARTESIAN_POINT ( 'NONE',  ( -0.4665300652921126612, -0.06871868292611607587, -0.3293640665553719815 ) ) ;
#9024 = AXIS2_PLACEMENT_3D ( 'NONE', #3936, #2214, #7794 ) ;
#9025 = DIRECTION ( 'NONE',  ( 4.132023648018220838E-05, 7.221721796416451283E-17, -0.9999999991463190963 ) ) ;
#9026 = LINE ( 'NONE', #9768, #4965 ) ;
#9027 = CARTESIAN_POINT ( 'NONE',  ( -0.5511811018916714655, 0.4842519685039369803, -2.277493349287061455E-05 ) ) ;
#9028 = ORIENTED_EDGE ( 'NONE', *, *, #2237, .F. ) ;
#9029 = ORIENTED_EDGE ( 'NONE', *, *, #686, .T. ) ;
#9030 = VECTOR ( 'NONE', #767, 39.37007874015748854 ) ;
#9031 = AXIS2_PLACEMENT_3D ( 'NONE', #4124, #209, #6558 ) ;
#9032 = DIRECTION ( 'NONE',  ( 1.000000000000000000, 0.000000000000000000, 0.000000000000000000 ) ) ;
#9033 = ORIENTED_EDGE ( 'NONE', *, *, #9622, .T. ) ;
#9034 = FACE_OUTER_BOUND ( 'NONE', #7620, .T. ) ;
#9035 = FACE_BOUND ( 'NONE', #80, .T. ) ;
#9036 = DIRECTION ( 'NONE',  ( 4.078893220340669608E-32, -2.220446049250309876E-16, -1.000000000000000000 ) ) ;
#9037 = DIRECTION ( 'NONE',  ( -4.078893220340669608E-32, 2.220446049250309876E-16, 1.000000000000000000 ) ) ;
#9038 = DIRECTION ( 'NONE',  ( 0.000000000000000000, 1.000000000000000000, -2.220446041624741809E-16 ) ) ;
#9039 = DIRECTION ( 'NONE',  ( -1.000000000000000000, 1.437166293563760232E-14, 0.000000000000000000 ) ) ;
#9040 = VECTOR ( 'NONE', #821, 39.37007874015748143 ) ;
#9041 = VERTEX_POINT ( 'NONE', #6674 ) ;
#9042 = CIRCLE ( 'NONE', #8881, 0.01181102362204724046 ) ;
#9043 = AXIS2_PLACEMENT_3D ( 'NONE', #5671, #9699, #8022 ) ;
#9044 = ORIENTED_EDGE ( 'NONE', *, *, #5783, .F. ) ;
#9045 = VERTEX_POINT ( 'NONE', #4285 ) ;
#9046 = ORIENTED_EDGE ( 'NONE', *, *, #1741, .F. ) ;
#9047 = VECTOR ( 'NONE', #718, 39.37007874015748143 ) ;
#9048 = CIRCLE ( 'NONE', #7553, 0.01968503936870183782 ) ;
#9049 = FACE_OUTER_BOUND ( 'NONE', #1356, .T. ) ;
#9050 = EDGE_LOOP ( 'NONE', ( #6805, #8747 ) ) ;
#9051 = LINE ( 'NONE', #1024, #5362 ) ;
#9052 = ORIENTED_EDGE ( 'NONE', *, *, #4555, .T. ) ;
#9053 = DIRECTION ( 'NONE',  ( -1.000000000000000000, -4.828410956175699721E-14, 5.551115123130319885E-17 ) ) ;
#9054 = DIRECTION ( 'NONE',  ( 9.634711363903441210E-15, 1.000000000000000000, 1.858758531074984740E-28 ) ) ;
#9055 = CYLINDRICAL_SURFACE ( 'NONE', #8609, 0.08405511769685078405 ) ;
#9056 = DIRECTION ( 'NONE',  ( 4.078893220340669608E-32, -2.220446049250309876E-16, -1.000000000000000000 ) ) ;
#9057 = LINE ( 'NONE', #5094, #9309 ) ;
#9058 = VERTEX_POINT ( 'NONE', #4182 ) ;
#9059 = VECTOR ( 'NONE', #4630, 39.37007874015748143 ) ;
#9060 = VECTOR ( 'NONE', #9227, 39.37007874015748143 ) ;
#9061 = EDGE_CURVE ( 'NONE', #5853, #4102, #1887, .T. ) ;
#9062 = VERTEX_POINT ( 'NONE', #8301 ) ;
#9063 = VERTEX_POINT ( 'NONE', #5064 ) ;
#9064 = DIRECTION ( 'NONE',  ( 2.669637467189900051E-16, -1.000000000000000000, 2.220446049250309876E-16 ) ) ;
#9065 = EDGE_CURVE ( 'NONE', #8671, #8557, #5739, .T. ) ;
#9066 = AXIS2_PLACEMENT_3D ( 'NONE', #4529, #7708, #2185 ) ;
#9067 = PLANE ( 'NONE',  #8917 ) ;
#9068 = LINE ( 'NONE', #6921, #3902 ) ;
#9069 = CARTESIAN_POINT ( 'NONE',  ( -0.4114119550558916760, 0.1555118110236194118, 0.01574803160697565291 ) ) ;
#9070 = CARTESIAN_POINT ( 'NONE',  ( -0.04723872670943385366, 0.03149606299212852345, 0.01574803160697565291 ) ) ;
#9071 = EDGE_LOOP ( 'NONE', ( #7817, #8354, #132, #8406 ) ) ;
#9072 = EDGE_CURVE ( 'NONE', #6034, #1963, #4450, .T. ) ;
#9073 = EDGE_LOOP ( 'NONE', ( #10099, #5997, #1113, #3949, #6913, #4613, #7422, #3588 ) ) ;
#9074 = EDGE_CURVE ( 'NONE', #6880, #3149, #10295, .T. ) ;
#9075 = VERTEX_POINT ( 'NONE', #3555 ) ;
#9076 = CARTESIAN_POINT ( 'NONE',  ( -0.3582629985728645883, 0.01377952757303410602, -0.1161565358927705849 ) ) ;
#9077 = CYLINDRICAL_SURFACE ( 'NONE', #3060, 0.01181102362204724046 ) ;
#9078 = AXIS2_PLACEMENT_3D ( 'NONE', #3794, #669, #10208 ) ;
#9079 = CARTESIAN_POINT ( 'NONE',  ( -2.731847993664263218E-16, 0.2755905511811020947, -0.04429133862048779957 ) ) ;
#9080 = LINE ( 'NONE', #1942, #8890 ) ;
#9081 = DIRECTION ( 'NONE',  ( 8.466415384531750179E-16, -9.958396954279598582E-17, 1.000000000000000000 ) ) ;
#9082 = CARTESIAN_POINT ( 'NONE',  ( -0.1279473881267609026, 0.01968503937007821253, -0.3287401573694021528 ) ) ;
#9083 = EDGE_CURVE ( 'NONE', #1300, #3892, #8921, .T. ) ;
#9084 = VERTEX_POINT ( 'NONE', #2613 ) ;
#9085 = CIRCLE ( 'NONE', #4601, 0.007874015748031516770 ) ;
#9086 = CIRCLE ( 'NONE', #7933, 0.007874015748031495954 ) ;
#9087 = ORIENTED_EDGE ( 'NONE', *, *, #794, .F. ) ;
#9088 = DIRECTION ( 'NONE',  ( -0.9999999991463189852, 0.000000000000000000, -4.132023648018220161E-05 ) ) ;
#9089 = EDGE_LOOP ( 'NONE', ( #9414, #6822, #3521, #6510 ) ) ;
#9090 = LINE ( 'NONE', #8207, #5916 ) ;
#9091 = CARTESIAN_POINT ( 'NONE',  ( -0.02684646641676319626, 0.2581246626024946145, 0.01574803160697565291 ) ) ;
#9092 = CARTESIAN_POINT ( 'NONE',  ( -0.003931640095261295514, 0.01968503937007875723, 0.01181102373296006453 ) ) ;
#9093 = DIRECTION ( 'NONE',  ( 6.245969335281450904E-16, -7.812564189785108689E-16, 1.000000000000000000 ) ) ;
#9094 = CARTESIAN_POINT ( 'NONE',  ( 1.512906292623624183E-05, 0.1574803155219961781, -0.3661417310790099910 ) ) ;
#9095 = EDGE_CURVE ( 'NONE', #5929, #8865, #3398, .T. ) ;
#9097 = EDGE_CURVE ( 'NONE', #4152, #3123, #5822, .T. ) ;
#9096 = AXIS2_PLACEMENT_3D ( 'NONE', #2230, #7811, #10212 ) ;
#9098 = FACE_OUTER_BOUND ( 'NONE', #9804, .T. ) ;
#9099 = VECTOR ( 'NONE', #3279, 39.37007874015748143 ) ;
#9100 = EDGE_CURVE ( 'NONE', #6837, #8513, #8249, .T. ) ;
#9101 = ORIENTED_EDGE ( 'NONE', *, *, #8571, .F. ) ;
#9102 = ORIENTED_EDGE ( 'NONE', *, *, #8306, .F. ) ;
#9103 = ORIENTED_EDGE ( 'NONE', *, *, #5685, .F. ) ;
#9104 = AXIS2_PLACEMENT_3D ( 'NONE', #184, #8839, #38 ) ;
#9105 = VECTOR ( 'NONE', #2055, 39.37007874015748854 ) ;
#9106 = DIRECTION ( 'NONE',  ( 1.322197771323786179E-15, 0.000000000000000000, -1.000000000000000000 ) ) ;
#9107 = VERTEX_POINT ( 'NONE', #4333 ) ;
#9108 = DIRECTION ( 'NONE',  ( 1.000000000000000000, 7.228014483236695569E-16, 0.000000000000000000 ) ) ;
#9109 = ORIENTED_EDGE ( 'NONE', *, *, #8393, .F. ) ;
#9110 = CARTESIAN_POINT ( 'NONE',  ( -0.003931640095259109763, 0.01968503937007875723, 0.02755905522902296276 ) ) ;
#9111 = CARTESIAN_POINT ( 'NONE',  ( 5.367778755658163867E-06, 0.01968503937007875723, -0.3385826770544420050 ) ) ;
#9112 = DIRECTION ( 'NONE',  ( -1.000000000000000000, -2.669637467189900051E-16, -5.551115123125779621E-17 ) ) ;
#9113 = LINE ( 'NONE', #5147, #5873 ) ;
#9114 = CARTESIAN_POINT ( 'NONE',  ( -0.4665300652921126612, -0.1377952755905510474, -0.3287401573694028745 ) ) ;
#9115 = ORIENTED_EDGE ( 'NONE', *, *, #5897, .F. ) ;
#9116 = VECTOR ( 'NONE', #375, 39.37007874015748854 ) ;
#9117 = VECTOR ( 'NONE', #363, 39.37007874015748143 ) ;
#9118 = ORIENTED_EDGE ( 'NONE', *, *, #1940, .T. ) ;
#9119 = DIRECTION ( 'NONE',  ( -1.098777426433149983E-15, 2.220446049250329844E-16, 1.000000000000000000 ) ) ;
#9120 = VERTEX_POINT ( 'NONE', #5789 ) ;
#9121 = AXIS2_PLACEMENT_3D ( 'NONE', #2414, #7195, #5638 ) ;
#9122 = CARTESIAN_POINT ( 'NONE',  ( -0.05511591403407720136, 0.01377952755905360177, -0.05315188374718569225 ) ) ;
#9123 = CARTESIAN_POINT ( 'NONE',  ( -0.4975276919558053734, 0.01968503937007875723, 2.755994798080261856E-10 ) ) ;
#9124 = FACE_OUTER_BOUND ( 'NONE', #8437, .T. ) ;
#9125 = DIRECTION ( 'NONE',  ( 0.9284766908852937206, -2.121772029837874285E-15, 0.3713906763540179012 ) ) ;
#9126 = ORIENTED_EDGE ( 'NONE', *, *, #5712, .T. ) ;
#9127 = AXIS2_PLACEMENT_3D ( 'NONE', #9004, #2695, #5868 ) ;
#9128 = EDGE_CURVE ( 'NONE', #7607, #9262, #268, .T. ) ;
#9129 = ORIENTED_EDGE ( 'NONE', *, *, #8895, .T. ) ;
#9130 = ORIENTED_EDGE ( 'NONE', *, *, #7371, .F. ) ;
#9131 = CARTESIAN_POINT ( 'NONE',  ( -0.2657480312607967687, 0.2421259842519683514, -0.01970781430357135613 ) ) ;
#9132 = EDGE_CURVE ( 'NONE', #3515, #1120, #7455, .T. ) ;
#9133 = VECTOR ( 'NONE', #9246, 39.37007874015748143 ) ;
#9134 = EDGE_CURVE ( 'NONE', #5342, #8512, #1122, .T. ) ;
#9135 = CARTESIAN_POINT ( 'NONE',  ( 5.367778755658163867E-06, 0.4675598519649055707, 0.02755905522902296276 ) ) ;
#9136 = DIRECTION ( 'NONE',  ( 0.0008255066504744835694, 0.000000000000000000, -0.9999996592693269903 ) ) ;
#9137 = LINE ( 'NONE', #10026, #9741 ) ;
#9138 = DIRECTION ( 'NONE',  ( 1.000000000000000000, -1.437166293563720158E-14, 2.220446049248289899E-16 ) ) ;
#9139 = DIRECTION ( 'NONE',  ( -1.000000000000000000, 0.000000000000000000, -1.559456281198720078E-15 ) ) ;
#9140 = EDGE_LOOP ( 'NONE', ( #3186, #4675, #2408, #11 ) ) ;
#9141 = EDGE_CURVE ( 'NONE', #3641, #2302, #6112, .T. ) ;
#9142 = ORIENTED_EDGE ( 'NONE', *, *, #6409, .T. ) ;
#9143 = EDGE_CURVE ( 'NONE', #7501, #8856, #956, .T. ) ;
#9144 = DIRECTION ( 'NONE',  ( -0.9999999991463189852, 0.000000000000000000, -4.132023648018220161E-05 ) ) ;
#9145 = ORIENTED_EDGE ( 'NONE', *, *, #3033, .T. ) ;
#9146 = PLANE ( 'NONE',  #6088 ) ;
#9147 = LINE ( 'NONE', #3565, #5855 ) ;
#9148 = DIRECTION ( 'NONE',  ( 3.082923035651750454E-21, -1.000000000000000000, 1.273871089915132166E-25 ) ) ;
#9149 = DIRECTION ( 'NONE',  ( 0.000000000000000000, -1.000000000000000000, -7.812564189785108689E-16 ) ) ;
#9150 = CARTESIAN_POINT ( 'NONE',  ( -0.4448685501376358209, 0.2106299212515727604, 2.755981038308286928E-10 ) ) ;
#9151 = LINE ( 'NONE', #2679, #9703 ) ;
#9152 = ORIENTED_EDGE ( 'NONE', *, *, #9236, .F. ) ;
#9153 = VERTEX_POINT ( 'NONE', #3345 ) ;
#9154 = ORIENTED_EDGE ( 'NONE', *, *, #3922, .T. ) ;
#9155 = VECTOR ( 'NONE', #2959, 39.37007874015748143 ) ;
#9156 = ORIENTED_EDGE ( 'NONE', *, *, #8879, .T. ) ;
#9157 = EDGE_CURVE ( 'NONE', #7370, #482, #6518, .T. ) ;
#9158 = BREP_WITH_VOIDS ( 'NONE', #939, ( #3363 ) );
#9159 = CARTESIAN_POINT ( 'NONE',  ( -0.5531442385204589085, 0.4685861009001065502, 0.01377952766996799576 ) ) ;
#9160 = ORIENTED_EDGE ( 'NONE', *, *, #2498, .F. ) ;
#9161 = FACE_OUTER_BOUND ( 'NONE', #3652, .T. ) ;
#9162 = DIRECTION ( 'NONE',  ( -4.132023648018220838E-05, -7.221721796416451283E-17, 0.9999999991463190963 ) ) ;
#9163 = DIRECTION ( 'NONE',  ( 6.123638448986479919E-17, -1.000000000000000000, -9.958396954279598582E-17 ) ) ;
#9164 = CARTESIAN_POINT ( 'NONE',  ( -0.3641842600070600566, -0.1003903127625044578, -0.08661905890973049804 ) ) ;
#9165 = CARTESIAN_POINT ( 'NONE',  ( -0.1338560714672585583, 0.01377952755905360177, -0.05315513730911972795 ) ) ;
#9166 = DIRECTION ( 'NONE',  ( 4.090247228455445312E-15, 1.000000000000000000, 1.690099829345075009E-19 ) ) ;
#9167 = VERTEX_POINT ( 'NONE', #6948 ) ;
#9168 = VERTEX_POINT ( 'NONE', #9244 ) ;
#9169 = LINE ( 'NONE', #9336, #2410 ) ;
#9170 = VECTOR ( 'NONE', #4828, 39.37007874015748143 ) ;
#9171 = ORIENTED_EDGE ( 'NONE', *, *, #56, .T. ) ;
#9172 = CARTESIAN_POINT ( 'NONE',  ( -0.4114119550558916760, 0.1240157480314862393, -0.3425196849284575795 ) ) ;
#9173 = DIRECTION ( 'NONE',  ( 0.000000000000000000, 0.000000000000000000, 1.000000000000000000 ) ) ;
#9174 = EDGE_CURVE ( 'NONE', #4167, #9681, #2257, .T. ) ;
#9175 = LINE ( 'NONE', #3540, #805 ) ;
#9176 = CYLINDRICAL_SURFACE ( 'NONE', #3804, 0.007874015748031516770 ) ;
#9177 = VECTOR ( 'NONE', #8234, 39.37007874015748143 ) ;
#9178 = ORIENTED_EDGE ( 'NONE', *, *, #5940, .F. ) ;
#9179 = VERTEX_POINT ( 'NONE', #7616 ) ;
#9180 = VERTEX_POINT ( 'NONE', #535 ) ;
#9181 = ORIENTED_EDGE ( 'NONE', *, *, #9421, .F. ) ;
#9182 = CARTESIAN_POINT ( 'NONE',  ( -0.4507820337960491974, 0.1149606299212581617, -0.3405511809914499310 ) ) ;
#9183 = AXIS2_PLACEMENT_3D ( 'NONE', #2082, #1195, #9230 ) ;
#9184 = DIRECTION ( 'NONE',  ( -0.7071067811865240360, -0.7071067811865709984, 0.000000000000000000 ) ) ;
#9185 = CARTESIAN_POINT ( 'NONE',  ( -0.1297564568935376250, -0.1003937007926949676, -0.08661417295264810245 ) ) ;
#9186 = DIRECTION ( 'NONE',  ( -8.431192517898690107E-32, -1.000000000000000000, -9.958396954279598582E-17 ) ) ;
#9187 = LENGTH_MEASURE_WITH_UNIT ( LENGTH_MEASURE( 0.02539999999999999897 ), #4551 );
#9188 = DIRECTION ( 'NONE',  ( 1.951563910473908612E-14, 0.000000000000000000, -1.000000000000000000 ) ) ;
#9189 = VERTEX_POINT ( 'NONE', #6107 ) ;
#9190 = ADVANCED_FACE ( 'NONE', ( #8565 ), #5993, .F. ) ;
#9191 = ADVANCED_FACE ( 'NONE', ( #6157 ), #648, .F. ) ;
#9192 = ORIENTED_EDGE ( 'NONE', *, *, #3277, .T. ) ;
#9193 = VECTOR ( 'NONE', #5804, 39.37007874015748143 ) ;
#9195 = CARTESIAN_POINT ( 'NONE',  ( -0.5649552621425060206, 0.4862204724409451839, -0.3165430069310015138 ) ) ;
#9194 = CIRCLE ( 'NONE', #7189, 0.007874015748031516770 ) ;
#9196 = EDGE_LOOP ( 'NONE', ( #3099, #181, #5451, #4488 ) ) ;
#9197 = CARTESIAN_POINT ( 'NONE',  ( -0.03936788255224559635, 0.4842519685039369803, -0.05315123303480008554 ) ) ;
#9198 = ADVANCED_FACE ( 'NONE', ( #1370 ), #5272, .T. ) ;
#9199 = PLANE ( 'NONE',  #2703 ) ;
#9200 = ADVANCED_FACE ( 'NONE', ( #3039 ), #3708, .T. ) ;
#9201 = DIRECTION ( 'NONE',  ( 0.000000000000000000, -1.000000000000000000, 2.220446049250309876E-16 ) ) ;
#9202 = DIRECTION ( 'NONE',  ( -1.000000000000000000, 9.634711363903441210E-15, -1.929231152724350329E-14 ) ) ;
#9203 = DIRECTION ( 'NONE',  ( 4.132023648018220161E-05, 0.000000000000000000, -0.9999999991463189852 ) ) ;
#9204 = CARTESIAN_POINT ( 'NONE',  ( -0.5649552621425060206, 0.02165354330708013295, -0.3543307085505046361 ) ) ;
#9205 = EDGE_LOOP ( 'NONE', ( #320, #3704 ) ) ;
#9206 = VERTEX_POINT ( 'NONE', #8349 ) ;
#9207 = VECTOR ( 'NONE', #4673, 39.37007874015748143 ) ;
#9208 = EDGE_CURVE ( 'NONE', #7214, #5870, #8779, .T. ) ;
#9209 = VERTEX_POINT ( 'NONE', #429 ) ;
#9210 = VERTEX_POINT ( 'NONE', #3605 ) ;
#9211 = CARTESIAN_POINT ( 'NONE',  ( 5.367778755658163867E-06, 0.4744094488188976277, -0.3287401573694067047 ) ) ;
#9212 = ORIENTED_EDGE ( 'NONE', *, *, #5783, .T. ) ;
#9213 = DIRECTION ( 'NONE',  ( 0.000000000000000000, 0.000000000000000000, -1.000000000000000000 ) ) ;
#9214 = CYLINDRICAL_SURFACE ( 'NONE', #3174, 0.01968503937007873988 ) ;
#9215 = TOROIDAL_SURFACE ( 'NONE', #6536, 0.01968503937007875723, 0.007874015748031494219 ) ;
#9216 = ADVANCED_FACE ( 'NONE', ( #6833 ), #127, .T. ) ;
#9217 = DIRECTION ( 'NONE',  ( 0.9284766908852501999, -1.060886014919236121E-15, -0.3713906763541265366 ) ) ;
#9218 = AXIS2_PLACEMENT_3D ( 'NONE', #647, #10242, #5325 ) ;
#9219 = CARTESIAN_POINT ( 'NONE',  ( -0.003931640095261022295, 0.4862204724409451839, -0.009842519574120887210 ) ) ;
#9220 = LINE ( 'NONE', #1141, #3042 ) ;
#9221 = FACE_OUTER_BOUND ( 'NONE', #8979, .T. ) ;
#9222 = ORIENTED_EDGE ( 'NONE', *, *, #6355, .T. ) ;
#9223 = ADVANCED_FACE ( 'NONE', ( #3656 ), #6296, .F. ) ;
#9224 = VECTOR ( 'NONE', #8531, 39.37007874015748143 ) ;
#9225 = EDGE_LOOP ( 'NONE', ( #7081, #6744, #6815, #5665 ) ) ;
#9226 = AXIS2_PLACEMENT_3D ( 'NONE', #1656, #7858, #6293 ) ;
#9227 = DIRECTION ( 'NONE',  ( 1.000000000000000000, -2.824670172274429892E-14, 0.000000000000000000 ) ) ;
#9228 = DIRECTION ( 'NONE',  ( 1.000000000000000000, -9.634711363903441210E-15, 1.929231152724350329E-14 ) ) ;
#9229 = VERTEX_POINT ( 'NONE', #7149 ) ;
#9230 = DIRECTION ( 'NONE',  ( -2.947193223346190172E-16, 1.000000000000000000, 0.000000000000000000 ) ) ;
#9231 = FACE_OUTER_BOUND ( 'NONE', #9050, .T. ) ;
#9232 = PLANE ( 'NONE',  #4629 ) ;
#9233 = DIRECTION ( 'NONE',  ( 2.220446049248259824E-16, -2.220446049250319983E-16, -1.000000000000000000 ) ) ;
#9234 = ORIENTED_EDGE ( 'NONE', *, *, #8649, .F. ) ;
#9235 = VECTOR ( 'NONE', #5962, 39.37007874015748143 ) ;
#9236 = EDGE_CURVE ( 'NONE', #7890, #952, #10243, .T. ) ;
#9237 = VERTEX_POINT ( 'NONE', #16 ) ;
#9238 = ORIENTED_EDGE ( 'NONE', *, *, #7344, .T. ) ;
#9239 = AXIS2_PLACEMENT_3D ( 'NONE', #324, #3499, #2989 ) ;
#9240 = ORIENTED_EDGE ( 'NONE', *, *, #6982, .T. ) ;
#9241 = ORIENTED_EDGE ( 'NONE', *, *, #2254, .F. ) ;
#9242 = DIRECTION ( 'NONE',  ( -0.7071067811865303643, 0.7071067811865646702, 8.659560562355154725E-17 ) ) ;
#9243 = CARTESIAN_POINT ( 'NONE',  ( -0.4074749471818818747, 0.4685861009001065502, 0.01377952766996799576 ) ) ;
#9244 = CARTESIAN_POINT ( 'NONE',  ( -0.5531442385204589085, 0.2342519685039224087, -0.3364685038260962213 ) ) ;
#9245 = LINE ( 'NONE', #4334, #4392 ) ;
#9246 = DIRECTION ( 'NONE',  ( -2.812918684041535140E-30, -9.958396954277208580E-17, 1.000000000000000000 ) ) ;
#9247 = DIRECTION ( 'NONE',  ( 1.374288050388543034E-15, 0.000000000000000000, -1.000000000000000000 ) ) ;
#9248 = ORIENTED_EDGE ( 'NONE', *, *, #4751, .T. ) ;
#9249 = ORIENTED_EDGE ( 'NONE', *, *, #4800, .T. ) ;
#9250 = CARTESIAN_POINT ( 'NONE',  ( -0.3935205343641344777, 0.1479297938237148224, -0.05717557889478745020 ) ) ;
#9251 = ORIENTED_EDGE ( 'NONE', *, *, #3094, .T. ) ;
#9252 = CARTESIAN_POINT ( 'NONE',  ( -0.4507820337960491974, 0.1240157480314958149, 1.109010084115969689E-10 ) ) ;
#9253 = CARTESIAN_POINT ( 'NONE',  ( -0.4370025062369939928, -0.1082677165354328924, 0.01377952766995788753 ) ) ;
#9254 = CARTESIAN_POINT ( 'NONE',  ( -0.4448822147439271957, 0.1653543307150614206, -0.01379791019066692846 ) ) ;
#9255 = DIRECTION ( 'NONE',  ( 8.431192517898690107E-32, 1.000000000000000000, 9.958396954279598582E-17 ) ) ;
#9256 = DIRECTION ( 'NONE',  ( -1.000000000000000000, 1.259585646868319844E-15, -1.320822031358179910E-15 ) ) ;
#9257 = EDGE_CURVE ( 'NONE', #8461, #4337, #3092, .T. ) ;
#9258 = CARTESIAN_POINT ( 'NONE',  ( -0.01377415978029794194, 0.4862204724409451839, -0.009842519574120613124 ) ) ;
#9259 = VERTEX_POINT ( 'NONE', #6313 ) ;
#9260 = ORIENTED_EDGE ( 'NONE', *, *, #802, .F. ) ;
#9261 = CONICAL_SURFACE ( 'NONE', #5088, 0.1181102357165360328, 0.7853981633974730370 ) ;
#9262 = VERTEX_POINT ( 'NONE', #4661 ) ;
#9263 = EDGE_CURVE ( 'NONE', #6428, #2712, #897, .T. ) ;
#9264 = EDGE_LOOP ( 'NONE', ( #1705, #9444 ) ) ;
#9265 = CARTESIAN_POINT ( 'NONE',  ( 1.333960390283828660E-05, 0.4771046189767036982, -0.3228346453936932203 ) ) ;
#9266 = ORIENTED_EDGE ( 'NONE', *, *, #3017, .F. ) ;
#9267 = FACE_OUTER_BOUND ( 'NONE', #2808, .T. ) ;
#9268 = PLANE ( 'NONE',  #8154 ) ;
#9269 = CIRCLE ( 'NONE', #4774, 0.02362204724409448092 ) ;
#9270 = LINE ( 'NONE', #2960, #5762 ) ;
#9271 = CARTESIAN_POINT ( 'NONE',  ( -0.5525682622370688968, 0.4843453457653683625, -0.008890005883975822532 ) ) ;
#9272 = EDGE_CURVE ( 'NONE', #5433, #7686, #8667, .T. ) ;
#9273 = DIRECTION ( 'NONE',  ( 0.000000000000000000, -1.000000000000000000, -7.812564189785108689E-16 ) ) ;
#9274 = EDGE_CURVE ( 'NONE', #3417, #7214, #847, .T. ) ;
#9275 = DIRECTION ( 'NONE',  ( -5.994938444065381097E-15, -1.000000000000000000, -2.477122744674905164E-19 ) ) ;
#9276 = CARTESIAN_POINT ( 'NONE',  ( -0.4960549391375176920, 0.2755905511819907172, -0.1949023870358780608 ) ) ;
#9277 = ORIENTED_EDGE ( 'NONE', *, *, #4078, .F. ) ;
#9278 = AXIS2_PLACEMENT_3D ( 'NONE', #2733, #9036, #2676 ) ;
#9279 = AXIS2_PLACEMENT_3D ( 'NONE', #7812, #4636, #7078 ) ;
#9280 = ORIENTED_EDGE ( 'NONE', *, *, #8078, .T. ) ;
#9281 = EDGE_CURVE ( 'NONE', #6909, #6661, #3191, .T. ) ;
#9282 = B_SPLINE_CURVE_WITH_KNOTS ( 'NONE', 3,
 ( #88, #970, #5660, #4148, #7130, #9534, #4004, #6340, #39, #2483, #3263, #871 ),
 .UNSPECIFIED., .F., .F.,
 ( 4, 2, 2, 2, 2, 4 ),
 ( 0.000000000000000000, 0.2500000000000108802, 0.3750000000000144329, 0.4375000000000092149, 0.5000000000000039968, 1.000000000000000000 ),
 .UNSPECIFIED. ) ;
#9283 = DIRECTION ( 'NONE',  ( 1.000000000000000000, 6.123638448986479919E-17, -6.245969335281450904E-16 ) ) ;
#9284 = CARTESIAN_POINT ( 'NONE',  ( -0.03542770308738736607, 0.01968503937007875723, -0.3543307085505032483 ) ) ;
#9285 = ORIENTED_EDGE ( 'NONE', *, *, #7861, .F. ) ;
#9286 = CARTESIAN_POINT ( 'NONE',  ( -0.4074749471818757685, -0.1106761335620558145, -0.3401528926587448765 ) ) ;
#9287 = EDGE_CURVE ( 'NONE', #10000, #6354, #3244, .T. ) ;
#9288 = DIRECTION ( 'NONE',  ( 0.000000000000000000, 1.000000000000000000, 0.000000000000000000 ) ) ;
#9289 = VECTOR ( 'NONE', #6960, 39.37007874015748143 ) ;
#9290 = VECTOR ( 'NONE', #1015, 39.37007874015748143 ) ;
#9291 = DIRECTION ( 'NONE',  ( 1.000000000000000000, -6.664964947938573315E-17, -1.328950707112808477E-32 ) ) ;
#9292 = DIRECTION ( 'NONE',  ( -1.098777426433149983E-15, 2.220446049250329844E-16, 1.000000000000000000 ) ) ;
#9293 = ORIENTED_EDGE ( 'NONE', *, *, #3646, .F. ) ;
#9294 =( BOUNDED_CURVE ( )  B_SPLINE_CURVE ( 3, ( #3633, #406, #7433, #8225 ),
 .UNSPECIFIED., .F., .F. ) 
 B_SPLINE_CURVE_WITH_KNOTS ( ( 4, 4 ),
 ( 1.570796326795000697, 1.634569561042001906 ),
 .UNSPECIFIED. ) 
 CURVE ( )  GEOMETRIC_REPRESENTATION_ITEM ( )  RATIONAL_B_SPLINE_CURVE ( ( 1.000000000000000000, 0.9996611099316520255, 0.9996611099316520255, 1.000000000000000000 ) ) 
 REPRESENTATION_ITEM ( '' )  );
#9295 = AXIS2_PLACEMENT_3D ( 'NONE', #7506, #1003, #2770 ) ;
#9296 = ORIENTED_EDGE ( 'NONE', *, *, #7746, .F. ) ;
#9297 = ORIENTED_EDGE ( 'NONE', *, *, #1170, .F. ) ;
#9298 = EDGE_CURVE ( 'NONE', #8275, #3702, #9471, .T. ) ;
#9299 = ORIENTED_EDGE ( 'NONE', *, *, #4510, .T. ) ;
#9300 = PLANE ( 'NONE',  #2936 ) ;
#9301 = DIRECTION ( 'NONE',  ( -1.000000000000000000, 1.437166293563720158E-14, -2.220446049248289899E-16 ) ) ;
#9302 = CARTESIAN_POINT ( 'NONE',  ( -0.06151038025274046389, 0.4822834645669287768, -0.3248031494954353726 ) ) ;
#9303 = DIRECTION ( 'NONE',  ( 4.892451711081009382E-32, 1.000000000000000000, 7.832974272616329547E-17 ) ) ;
#9304 = AXIS2_PLACEMENT_3D ( 'NONE', #4173, #163, #1827 ) ;
#9305 = DIRECTION ( 'NONE',  ( -1.000000000000000000, 0.000000000000000000, -1.734723475976807726E-14 ) ) ;
#9306 = CARTESIAN_POINT ( 'NONE',  ( -0.1023624488498209723, 0.1062992126077746957, -0.01574803122046369158 ) ) ;
#9307 = ORIENTED_EDGE ( 'NONE', *, *, #527, .F. ) ;
#9308 = ORIENTED_EDGE ( 'NONE', *, *, #541, .T. ) ;
#9309 = VECTOR ( 'NONE', #6452, 39.37007874015748143 ) ;
#9310 = CARTESIAN_POINT ( 'NONE',  ( -2.731847993664263218E-16, 0.2755905511811020947, -0.1299212597316068418 ) ) ;
#9311 = ORIENTED_EDGE ( 'NONE', *, *, #367, .F. ) ;
#9312 = ORIENTED_EDGE ( 'NONE', *, *, #10064, .F. ) ;
#9313 = CARTESIAN_POINT ( 'NONE',  ( -0.4270405767649864681, 0.1555118110236194118, 0.01574803160697565291 ) ) ;
#9314 = CARTESIAN_POINT ( 'NONE',  ( -0.4665300652921126612, -0.02604684405929586985, 0.01377952766996799576 ) ) ;
#9315 = CARTESIAN_POINT ( 'NONE',  ( 0.1574856827393862624, 0.2755905511811020947, -0.1299212597316068418 ) ) ;
#9316 = FACE_OUTER_BOUND ( 'NONE', #6202, .T. ) ;
#9317 = CARTESIAN_POINT ( 'NONE',  ( -0.4665300652921126612, 0.007874015748028716927, -0.3349576237734106510 ) ) ;
#9318 = DIRECTION ( 'NONE',  ( 8.044134937727570810E-21, -1.000000000000000000, -1.946778531802094728E-16 ) ) ;
#9319 = ORIENTED_EDGE ( 'NONE', *, *, #2313, .F. ) ;
#9320 = VERTEX_POINT ( 'NONE', #8817 ) ;
#9321 = ORIENTED_EDGE ( 'NONE', *, *, #10296, .F. ) ;
#9322 = ORIENTED_EDGE ( 'NONE', *, *, #7100, .F. ) ;
#9323 = CARTESIAN_POINT ( 'NONE',  ( 2.442458517535101301E-06, 0.3612204724567981695, -0.1299212598112989281 ) ) ;
#9324 = ORIENTED_EDGE ( 'NONE', *, *, #2476, .F. ) ;
#9325 = CYLINDRICAL_SURFACE ( 'NONE', #717, 0.01968503937007875723 ) ;
#9326 = PLANE ( 'NONE',  #9667 ) ;
#9327 = CARTESIAN_POINT ( 'NONE',  ( -0.5649552621425060206, 0.2342519685039177735, 1.109127553579697145E-10 ) ) ;
#9328 = CARTESIAN_POINT ( 'NONE',  ( -0.5531442385204589085, 0.1070866141732297189, -0.3405511809914502086 ) ) ;
#9329 = LINE ( 'NONE', #1873, #10048 ) ;
#9330 = FACE_OUTER_BOUND ( 'NONE', #2554, .T. ) ;
#9331 = EDGE_CURVE ( 'NONE', #2609, #7804, #6450, .T. ) ;
#9332 = VERTEX_POINT ( 'NONE', #4851 ) ;
#9333 = ORIENTED_EDGE ( 'NONE', *, *, #862, .F. ) ;
#9334 = ADVANCED_FACE ( 'NONE', ( #7248 ), #9563, .T. ) ;
#9335 = EDGE_CURVE ( 'NONE', #9153, #9189, #5533, .T. ) ;
#9336 = CARTESIAN_POINT ( 'NONE',  ( 5.367778755658163867E-06, 0.4822834645669287768, -0.1633858266607408349 ) ) ;
#9337 = DIRECTION ( 'NONE',  ( 1.000000000000000000, 0.000000000000000000, -9.035018104045872913E-16 ) ) ;
#9338 = ORIENTED_EDGE ( 'NONE', *, *, #1190, .F. ) ;
#9339 = LINE ( 'NONE', #6986, #9695 ) ;
#9340 = CYLINDRICAL_SURFACE ( 'NONE', #3117, 0.01181102362204724567 ) ;
#9341 = ADVANCED_FACE ( 'NONE', ( #3294 ), #1633, .T. ) ;
#9342 = LINE ( 'NONE', #5575, #3717 ) ;
#9343 = CARTESIAN_POINT ( 'NONE',  ( -0.5531442385204589085, 0.4862204724409451839, -0.3405511809914499310 ) ) ;
#9344 = ADVANCED_FACE ( 'NONE', ( #9511 ), #7883, .T. ) ;
#9345 = EDGE_CURVE ( 'NONE', #8419, #4786, #8125, .T. ) ;
#9346 = ORIENTED_EDGE ( 'NONE', *, *, #5438, .F. ) ;
#9347 = ORIENTED_EDGE ( 'NONE', *, *, #1554, .T. ) ;
#9348 = CARTESIAN_POINT ( 'NONE',  ( -0.05510997628355818884, 0.01377952755905387412, -0.1968526710260860568 ) ) ;
#9349 = CYLINDRICAL_SURFACE ( 'NONE', #5435, 0.007874015748031516770 ) ;
#9350 = LINE ( 'NONE', #7725, #2711 ) ;
#9351 = CARTESIAN_POINT ( 'NONE',  ( 5.367778755658163867E-06, 0.01968503937007875723, 0.01574803160697565291 ) ) ;
#9352 = CARTESIAN_POINT ( 'NONE',  ( -0.5531442385204589085, 0.3279258747788634798, -0.1633858266607443877 ) ) ;
#9353 = APPLICATION_PROTOCOL_DEFINITION ( 'draft international standard', 'automotive_design', 1998, #6539 ) ;
#9354 =( BOUNDED_CURVE ( )  B_SPLINE_CURVE ( 3, ( #4568, #9094, #10095, #9936 ),
 .UNSPECIFIED., .F., .F. ) 
 B_SPLINE_CURVE_WITH_KNOTS ( ( 4, 4 ),
 ( 1.570796327035999917, 4.712388980141573036 ),
 .UNSPECIFIED. ) 
 CURVE ( )  GEOMETRIC_REPRESENTATION_ITEM ( )  RATIONAL_B_SPLINE_CURVE ( ( 1.000000000000000000, 0.3333333334947399806, 0.3333333334947399806, 1.000000000000000000 ) ) 
 REPRESENTATION_ITEM ( '' )  );
#9355 = CARTESIAN_POINT ( 'NONE',  ( -0.5314827233659797923, 0.2480314960629924070, -0.002114173117433575458 ) ) ;
#9356 = ORIENTED_EDGE ( 'NONE', *, *, #8078, .F. ) ;
#9357 = EDGE_CURVE ( 'NONE', #4655, #4611, #10292, .T. ) ;
#9358 = VERTEX_POINT ( 'NONE', #1585 ) ;
#9359 = AXIS2_PLACEMENT_3D ( 'NONE', #2672, #7676, #9930 ) ;
#9360 = DIRECTION ( 'NONE',  ( 2.669637467189900544E-16, -1.000000000000000000, 0.000000000000000000 ) ) ;
#9361 = ORIENTED_EDGE ( 'NONE', *, *, #1095, .F. ) ;
#9362 = VERTEX_POINT ( 'NONE', #4756 ) ;
#9363 = CARTESIAN_POINT ( 'NONE',  ( -0.1023625300140871275, 0.1062992126077747096, -0.01378375719628132864 ) ) ;
#9364 = FACE_OUTER_BOUND ( 'NONE', #6113, .T. ) ;
#9365 = PLANE ( 'NONE',  #6606 ) ;
#9366 = DIRECTION ( 'NONE',  ( 1.000000000000000000, 0.000000000000000000, 1.320822031358179910E-15 ) ) ;
#9367 = DIRECTION ( 'NONE',  ( 1.000000000000000000, 0.000000000000000000, 1.084202172485501673E-15 ) ) ;
#9368 = DIRECTION ( 'NONE',  ( -4.132023648610304322E-05, 5.097186441158811476E-21, 0.9999999991463189852 ) ) ;
#9369 = ORIENTED_EDGE ( 'NONE', *, *, #8649, .T. ) ;
#9370 = VERTEX_POINT ( 'NONE', #7934 ) ;
#9371 = ORIENTED_EDGE ( 'NONE', *, *, #9006, .T. ) ;
#9372 = AXIS2_PLACEMENT_3D ( 'NONE', #154, #8807, #7287 ) ;
#9373 = EDGE_CURVE ( 'NONE', #5323, #4837, #800, .T. ) ;
#9374 = CARTESIAN_POINT ( 'NONE',  ( -0.2755905509458358438, 0.2480314960629924070, -1.138746674602552967E-05 ) ) ;
#9375 = VERTEX_POINT ( 'NONE', #7297 ) ;
#9376 = DIRECTION ( 'NONE',  ( 0.9999999991463190963, 0.000000000000000000, 4.132023649165329776E-05 ) ) ;
#9377 = FACE_OUTER_BOUND ( 'NONE', #5707, .T. ) ;
#9378 = LINE ( 'NONE', #6179, #3610 ) ;
#9379 = CYLINDRICAL_SURFACE ( 'NONE', #9279, 0.1181102362204724532 ) ;
#9380 = CARTESIAN_POINT ( 'NONE',  ( -0.05708124639447951371, -0.05466976174329647720, -0.3135386051237536442 ) ) ;
#9381 = DIRECTION ( 'NONE',  ( 0.000000000000000000, 1.000000000000000000, -2.258754526011467242E-16 ) ) ;
#9382 = CIRCLE ( 'NONE', #1208, 0.007874015748031495954 ) ;
#9383 = EDGE_LOOP ( 'NONE', ( #9644, #6855, #7289, #327, #201, #1330 ) ) ;
#9384 = AXIS2_PLACEMENT_3D ( 'NONE', #9091, #6738, #5336 ) ;
#9385 = EDGE_LOOP ( 'NONE', ( #6407, #8025, #8932, #5964 ) ) ;
#9386 = VECTOR ( 'NONE', #7405, 39.37007874015748854 ) ;
#9387 = AXIS2_PLACEMENT_3D ( 'NONE', #2720, #9866, #8348 ) ;
#9388 = CARTESIAN_POINT ( 'NONE',  ( 5.367778755658163867E-06, 0.4895731408084721403, 0.005321172415452327803 ) ) ;
#9389 = DIRECTION ( 'NONE',  ( 8.466415384531749193E-16, -9.958396954279598582E-17, 1.000000000000000000 ) ) ;
#9390 = ORIENTED_EDGE ( 'NONE', *, *, #3094, .F. ) ;
#9391 = CARTESIAN_POINT ( 'NONE',  ( -0.4783410889141597178, 0.007874015748028716927, 0.002280458640906048249 ) ) ;
#9392 = CARTESIAN_POINT ( 'NONE',  ( -0.4271520147045647642, 0.09055118109409331095, 2.756013921016217094E-10 ) ) ;
#9393 = DIRECTION ( 'NONE',  ( -0.9999999991463189852, 0.000000000000000000, -4.132023639913669330E-05 ) ) ;
#9394 = CARTESIAN_POINT ( 'NONE',  ( 6.669801951282550768E-06, 0.01968503937007875723, -0.1614173226968466102 ) ) ;
#9395 = ORIENTED_EDGE ( 'NONE', *, *, #9208, .T. ) ;
#9396 = EDGE_CURVE ( 'NONE', #2982, #1166, #3387, .T. ) ;
#9397 = CIRCLE ( 'NONE', #2229, 0.007874015748031516770 ) ;
#9398 = VECTOR ( 'NONE', #1294, 39.37007874015748143 ) ;
#9399 = AXIS2_PLACEMENT_3D ( 'NONE', #637, #10228, #6248 ) ;
#9400 = VERTEX_POINT ( 'NONE', #8862 ) ;
#9401 = EDGE_CURVE ( 'NONE', #6777, #3194, #1774, .T. ) ;
#9402 = ORIENTED_EDGE ( 'NONE', *, *, #6036, .T. ) ;
#9403 = VECTOR ( 'NONE', #536, 39.37007874015748143 ) ;
#9404 = LINE ( 'NONE', #1307, #6928 ) ;
#9405 = LINE ( 'NONE', #696, #6594 ) ;
#9406 = CYLINDRICAL_SURFACE ( 'NONE', #3894, 0.01181102362204724046 ) ;
#9407 = CARTESIAN_POINT ( 'NONE',  ( -0.2795155206493631361, 0.1594488189043318516, -0.2913501325733020564 ) ) ;
#9408 = CARTESIAN_POINT ( 'NONE',  ( -0.3582629985728645883, 0.01968503937007875723, -0.1161565358927705849 ) ) ;
#9409 = EDGE_CURVE ( 'NONE', #4243, #4337, #7902, .T. ) ;
#9410 = DIRECTION ( 'NONE',  ( 1.929231152724350329E-14, -2.220446049250560093E-16, -1.000000000000000000 ) ) ;
#9411 = CARTESIAN_POINT ( 'NONE',  ( 5.367778755658163867E-06, 0.2421259842519683514, -0.1299067771245135672 ) ) ;
#9412 = ORIENTED_EDGE ( 'NONE', *, *, #1372, .T. ) ;
#9413 = CIRCLE ( 'NONE', #8572, 0.1141732283464567260 ) ;
#9414 = ORIENTED_EDGE ( 'NONE', *, *, #2635, .F. ) ;
#9415 = ADVANCED_FACE ( 'NONE', ( #6617 ), #9858, .F. ) ;
#9416 = CYLINDRICAL_SURFACE ( 'NONE', #1849, 0.01968503937007873988 ) ;
#9417 = ORIENTED_EDGE ( 'NONE', *, *, #3585, .F. ) ;
#9418 = VERTEX_POINT ( 'NONE', #4276 ) ;
#9419 = DIRECTION ( 'NONE',  ( -1.259585646868319844E-15, -1.000000000000000000, 2.220446049250309876E-16 ) ) ;
#9420 = DIRECTION ( 'NONE',  ( 1.000000000000000000, 4.828410956175699721E-14, -5.551115123130319885E-17 ) ) ;
#9421 = EDGE_CURVE ( 'NONE', #596, #7053, #9758, .T. ) ;
#9422 = CARTESIAN_POINT ( 'NONE',  ( -0.3562858729722800377, 0.2585301837187601315, 2.755989334384274202E-10 ) ) ;
#9423 = CARTESIAN_POINT ( 'NONE',  ( -0.2755883547915327636, 0.2421259842519683514, -0.05316099372058551847 ) ) ;
#9424 = CARTESIAN_POINT ( 'NONE',  ( -0.3169269374435488285, 0.4074803149549243719, -0.07481624514768493717 ) ) ;
#9425 = CARTESIAN_POINT ( 'NONE',  ( -0.5649552621425060206, 0.2460629921259527841, -0.3267716534323946709 ) ) ;
#9426 = VERTEX_POINT ( 'NONE', #6560 ) ;
#9427 = VERTEX_POINT ( 'NONE', #6718 ) ;
#9428 = DIRECTION ( 'NONE',  ( 0.000000000000000000, 7.452763270214839996E-16, -1.000000000000000000 ) ) ;
#9429 = VERTEX_POINT ( 'NONE', #9070 ) ;
#9430 = DIRECTION ( 'NONE',  ( -1.098777426433149983E-15, 2.220446049250329844E-16, 1.000000000000000000 ) ) ;
#9431 = EDGE_CURVE ( 'NONE', #8116, #9075, #5780, .T. ) ;
#9432 = CARTESIAN_POINT ( 'NONE',  ( -0.4035379393078605825, 0.1622047244094487750, 0.001968504047920685909 ) ) ;
#9433 = EDGE_CURVE ( 'NONE', #5045, #3328, #4799, .T. ) ;
#9434 = CYLINDRICAL_SURFACE ( 'NONE', #6758, 0.003937007874015747977 ) ;
#9435 = DIRECTION ( 'NONE',  ( 2.669637467189899558E-16, -1.000000000000000000, 0.000000000000000000 ) ) ;
#9436 = FACE_OUTER_BOUND ( 'NONE', #4338, .T. ) ;
#9437 = LINE ( 'NONE', #3072, #8863 ) ;
#9438 = ORIENTED_EDGE ( 'NONE', *, *, #5308, .T. ) ;
#9439 = VERTEX_POINT ( 'NONE', #2709 ) ;
#9440 = VECTOR ( 'NONE', #5957, 39.37007874015748143 ) ;
#9441 = VECTOR ( 'NONE', #8613, 39.37007874015748143 ) ;
#9442 = DIRECTION ( 'NONE',  ( 2.078086771330844635E-15, -0.8576492809131517348, -0.5142350736279599488 ) ) ;
#9443 = CARTESIAN_POINT ( 'NONE',  ( -0.2972444196007674178, 0.4074803149549243719, -0.01379180976205349879 ) ) ;
#9444 = ORIENTED_EDGE ( 'NONE', *, *, #8786, .F. ) ;
#9445 = DIRECTION ( 'NONE',  ( 1.000000000000000000, 0.000000000000000000, 0.000000000000000000 ) ) ;
#9446 = CARTESIAN_POINT ( 'NONE',  ( -0.4114119550558916760, 0.1555118110236194118, 0.01574803160697565291 ) ) ;
#9447 = DIRECTION ( 'NONE',  ( 1.437166293563760232E-14, 1.000000000000000000, 0.000000000000000000 ) ) ;
#9448 = LINE ( 'NONE', #2301, #4133 ) ;
#9449 = ORIENTED_EDGE ( 'NONE', *, *, #9208, .F. ) ;
#9450 = CIRCLE ( 'NONE', #7938, 0.01181102362204737750 ) ;
#9451 = VECTOR ( 'NONE', #9549, 39.37007874015748143 ) ;
#9452 = ORIENTED_EDGE ( 'NONE', *, *, #7636, .T. ) ;
#9453 = ORIENTED_EDGE ( 'NONE', *, *, #4168, .F. ) ;
#9454 = AXIS2_PLACEMENT_3D ( 'NONE', #870, #1556, #4729 ) ;
#9455 = VECTOR ( 'NONE', #8483, 39.37007874015748143 ) ;
#9456 = CARTESIAN_POINT ( 'NONE',  ( -0.3661396171633211627, 0.04133858268976527833, -0.05316473532016489922 ) ) ;
#9457 = CARTESIAN_POINT ( 'NONE',  ( 0.01181639140080324030, 0.4744094488188921321, -0.3287401573694378465 ) ) ;
#9458 = FACE_OUTER_BOUND ( 'NONE', #626, .T. ) ;
#9459 = DIRECTION ( 'NONE',  ( 0.000000000000000000, -0.8576492835018578731, 0.5142350693104760229 ) ) ;
#9460 = DIRECTION ( 'NONE',  ( 1.956239355474899994E-14, -2.220446049250560093E-16, -1.000000000000000000 ) ) ;
#9461 = ORIENTED_EDGE ( 'NONE', *, *, #7399, .T. ) ;
#9462 = EDGE_CURVE ( 'NONE', #5085, #343, #4999, .T. ) ;
#9463 = AXIS2_PLACEMENT_3D ( 'NONE', #6625, #1784, #9136 ) ;
#9464 = AXIS2_PLACEMENT_3D ( 'NONE', #2708, #9447, #3812 ) ;
#9465 = ORIENTED_EDGE ( 'NONE', *, *, #1342, .F. ) ;
#9466 = ADVANCED_FACE ( 'NONE', ( #8184 ), #4905, .F. ) ;
#9467 = EDGE_CURVE ( 'NONE', #3259, #10300, #1635, .T. ) ;
#9468 = VERTEX_POINT ( 'NONE', #2659 ) ;
#9469 = ORIENTED_EDGE ( 'NONE', *, *, #6644, .F. ) ;
#9470 = DIRECTION ( 'NONE',  ( -4.892451711081009382E-32, -1.000000000000000000, -7.832974272616329547E-17 ) ) ;
#9471 = CIRCLE ( 'NONE', #9121, 0.007874015748031516770 ) ;
#9472 = DIRECTION ( 'NONE',  ( -1.000000000000000000, 1.437166293563760232E-14, 0.000000000000000000 ) ) ;
#9473 = CARTESIAN_POINT ( 'NONE',  ( -0.1161363645047152615, -0.02604684404438653567, -0.3169291337473506553 ) ) ;
#9474 = DIRECTION ( 'NONE',  ( 2.984032524928865199E-21, -1.000000000000000000, -7.221721790026230519E-17 ) ) ;
#9475 = LINE ( 'NONE', #5494, #3732 ) ;
#9476 = LINE ( 'NONE', #8384, #2634 ) ;
#9477 = CYLINDRICAL_SURFACE ( 'NONE', #9547, 0.07086614131889723556 ) ;
#9478 = ORIENTED_EDGE ( 'NONE', *, *, #362, .T. ) ;
#9479 = EDGE_CURVE ( 'NONE', #1552, #3161, #4223, .T. ) ;
#9480 = AXIS2_PLACEMENT_3D ( 'NONE', #7591, #6865, #7488 ) ;
#9482 = ORIENTED_EDGE ( 'NONE', *, *, #3187, .T. ) ;
#9481 = EDGE_CURVE ( 'NONE', #7474, #1688, #4952, .T. ) ;
#9483 =( BOUNDED_CURVE ( )  B_SPLINE_CURVE ( 3, ( #33, #10158, #3009, #5554 ),
 .UNSPECIFIED., .F., .F. ) 
 B_SPLINE_CURVE_WITH_KNOTS ( ( 4, 4 ),
 ( 3.726455588280107811, 4.712388980374141667 ),
 .UNSPECIFIED. ) 
 CURVE ( )  GEOMETRIC_REPRESENTATION_ITEM ( )  RATIONAL_B_SPLINE_CURVE ( ( 1.000000000000000000, 0.9206218492448687840, 0.9206218492448687840, 1.000000000000000000 ) ) 
 REPRESENTATION_ITEM ( '' )  );
#9484 = LINE ( 'NONE', #8737, #9059 ) ;
#9485 = ORIENTED_EDGE ( 'NONE', *, *, #7824, .T. ) ;
#9486 = DIRECTION ( 'NONE',  ( -0.000000000000000000, -0.000000000000000000, -1.000000000000000000 ) ) ;
#9487 = DIRECTION ( 'NONE',  ( -1.098777426433149983E-15, 2.220446049250329844E-16, 1.000000000000000000 ) ) ;
#9488 = CARTESIAN_POINT ( 'NONE',  ( -0.5531442385204589085, 0.4980314960629916299, -0.3287401573694028745 ) ) ;
#9489 = LINE ( 'NONE', #2285, #6595 ) ;
#9490 = CARTESIAN_POINT ( 'NONE',  ( -0.5452702227724276485, 0.02165354330708013295, -0.3346456691804255978 ) ) ;
#9491 = CIRCLE ( 'NONE', #10156, 0.01181102362204724046 ) ;
#9492 = CARTESIAN_POINT ( 'NONE',  ( 5.367778757297272570E-06, 0.4862204724409451839, -0.009842519574121433648 ) ) ;
#9493 = ORIENTED_EDGE ( 'NONE', *, *, #7128, .T. ) ;
#9494 = VERTEX_POINT ( 'NONE', #2501 ) ;
#9496 = EDGE_LOOP ( 'NONE', ( #9742, #2063 ) ) ;
#9495 = EDGE_CURVE ( 'NONE', #3818, #1364, #8627, .T. ) ;
#9497 = CARTESIAN_POINT ( 'NONE',  ( -0.5531442385204589085, 0.2578329338025914241, -0.3277559054009132611 ) ) ;
#9498 = LINE ( 'NONE', #5518, #6406 ) ;
#9499 = ORIENTED_EDGE ( 'NONE', *, *, #1876, .T. ) ;
#9500 = FACE_BOUND ( 'NONE', #3858, .T. ) ;
#9501 = DIRECTION ( 'NONE',  ( 0.000000000000000000, 0.000000000000000000, 1.000000000000000000 ) ) ;
#9502 = CARTESIAN_POINT ( 'NONE',  ( -0.5531442385204589085, 0.4803560425758251484, -0.3277559054009105410 ) ) ;
#9503 = CARTESIAN_POINT ( 'NONE',  ( -0.4665300652921126612, -0.1035381541744151285, -0.3371885655664514370 ) ) ;
#9504 = ORIENTED_EDGE ( 'NONE', *, *, #10065, .F. ) ;
#9505 = AXIS2_PLACEMENT_3D ( 'NONE', #7918, #9546, #6653 ) ;
#9506 = ORIENTED_EDGE ( 'NONE', *, *, #6573, .T. ) ;
#9507 = ADVANCED_FACE ( 'NONE', ( #7497 ), #5679, .F. ) ;
#9508 = CARTESIAN_POINT ( 'NONE',  ( -0.5236198506421991805, 0.01377952755905360177, -0.05317124244066077227 ) ) ;
#9509 = CARTESIAN_POINT ( 'NONE',  ( -0.5527505377330569347, 0.4822834645669287768, 0.001968504047920685909 ) ) ;
#9510 = DIRECTION ( 'NONE',  ( -4.132023640435758755E-05, 6.240308457157579499E-05, 0.9999999971992464820 ) ) ;
#9511 = FACE_OUTER_BOUND ( 'NONE', #874, .T. ) ;
#9512 = DIRECTION ( 'NONE',  ( 1.000000000000000000, -1.437166293563720158E-14, 2.220446049248289899E-16 ) ) ;
#9513 = ORIENTED_EDGE ( 'NONE', *, *, #6286, .F. ) ;
#9514 = EDGE_LOOP ( 'NONE', ( #8738, #2791, #4192, #9643 ) ) ;
#9515 = ORIENTED_EDGE ( 'NONE', *, *, #3395, .F. ) ;
#9516 = EDGE_LOOP ( 'NONE', ( #2992, #7198, #9126, #4572 ) ) ;
#9517 = DIRECTION ( 'NONE',  ( 4.132023648018220161E-05, 0.000000000000000000, -0.9999999991463189852 ) ) ;
#9518 = CARTESIAN_POINT ( 'NONE',  ( -0.5531442385204589085, 0.2460629921259527841, 1.109127553579697145E-10 ) ) ;
#9519 = CARTESIAN_POINT ( 'NONE',  ( -0.05802814535455040612, -0.1156854393858068875, -0.3287401573694007095 ) ) ;
#9520 = DIRECTION ( 'NONE',  ( 1.956239355474899994E-14, 2.368475785865020053E-15, -1.000000000000000000 ) ) ;
#9521 = CYLINDRICAL_SURFACE ( 'NONE', #4737, 0.01181102362204724046 ) ;
#9522 = DIRECTION ( 'NONE',  ( -1.000000000000000000, 1.608082204351299748E-16, -1.098777426433149983E-15 ) ) ;
#9523 = LINE ( 'NONE', #8924, #7357 ) ;
#9524 = VERTEX_POINT ( 'NONE', #8137 ) ;
#9525 = EDGE_CURVE ( 'NONE', #9524, #7860, #996, .T. ) ;
#9526 = EDGE_CURVE ( 'NONE', #8886, #2594, #10016, .T. ) ;
#9527 = VERTEX_POINT ( 'NONE', #9912 ) ;
#9528 = ADVANCED_FACE ( 'NONE', ( #2086 ), #8394, .F. ) ;
#9529 = ADVANCED_FACE ( 'NONE', ( #2863 ), #6096, .F. ) ;
#9530 = ORIENTED_EDGE ( 'NONE', *, *, #5640, .T. ) ;
#9531 = CARTESIAN_POINT ( 'NONE',  ( 5.367778755658163867E-06, 0.2755905511811020947, -0.1299212597316068418 ) ) ;
#9532 = CARTESIAN_POINT ( 'NONE',  ( -0.01377415978030067413, 0.4862204724409451839, 0.001968504047920685909 ) ) ;
#9533 = CARTESIAN_POINT ( 'NONE',  ( -0.1358134320429699171, -0.1003937007926952174, -0.1161417320077681586 ) ) ;
#9534 = CARTESIAN_POINT ( 'NONE',  ( -0.5629579494619587621, 0.4928058713233486876, -0.01178003259434367601 ) ) ;
#9535 = AXIS2_PLACEMENT_3D ( 'NONE', #2919, #2975, #6146 ) ;
#9536 = DIRECTION ( 'NONE',  ( 0.000000000000000000, 5.782411586589358822E-15, 1.000000000000000000 ) ) ;
#9537 = DIRECTION ( 'NONE',  ( -1.837020799745159741E-16, 1.000000000000000000, 1.946702628992019695E-16 ) ) ;
#9538 = ORIENTED_EDGE ( 'NONE', *, *, #4054, .T. ) ;
#9539 = ADVANCED_FACE ( 'NONE', ( #1198 ), #9176, .F. ) ;
#9540 = VECTOR ( 'NONE', #2798, 39.37007874015748143 ) ;
#9541 = VERTEX_POINT ( 'NONE', #7605 ) ;
#9542 = EDGE_CURVE ( 'NONE', #9120, #6476, #8788, .T. ) ;
#9543 = CARTESIAN_POINT ( 'NONE',  ( 0.1574856827393862346, 0.3550233788650135058, -0.1299212597316068418 ) ) ;
#9544 = FACE_OUTER_BOUND ( 'NONE', #4651, .T. ) ;
#9545 = ORIENTED_EDGE ( 'NONE', *, *, #2320, .T. ) ;
#9546 = DIRECTION ( 'NONE',  ( 8.466415384531750179E-16, -9.958396954279598582E-17, 1.000000000000000000 ) ) ;
#9547 = AXIS2_PLACEMENT_3D ( 'NONE', #6123, #7744, #6279 ) ;
#9548 = CIRCLE ( 'NONE', #3048, 0.04527559055118110520 ) ;
#9549 = DIRECTION ( 'NONE',  ( 1.836940358395789878E-16, -1.000000000000000000, 7.590281007370150941E-21 ) ) ;
#9550 = CARTESIAN_POINT ( 'NONE',  ( -0.03935673911401415398, 0.1641196286710540631, -0.04724409421258948805 ) ) ;
#9551 = EDGE_CURVE ( 'NONE', #8036, #5045, #1309, .T. ) ;
#9552 = LINE ( 'NONE', #4844, #10132 ) ;
#9553 = ORIENTED_EDGE ( 'NONE', *, *, #4096, .F. ) ;
#9554 = AXIS2_PLACEMENT_3D ( 'NONE', #1112, #5067, #271 ) ;
#9555 = VECTOR ( 'NONE', #5218, 39.37007874015748143 ) ;
#9556 = VERTEX_POINT ( 'NONE', #3593 ) ;
#9557 = DIRECTION ( 'NONE',  ( 1.000000000000000000, 0.000000000000000000, -8.466415384531750179E-16 ) ) ;
#9558 = DIRECTION ( 'NONE',  ( -0.000000000000000000, -0.000000000000000000, -1.000000000000000000 ) ) ;
#9559 = EDGE_CURVE ( 'NONE', #5143, #8179, #6879, .T. ) ;
#9560 = EDGE_CURVE ( 'NONE', #8598, #9018, #5985, .T. ) ;
#9561 = DIRECTION ( 'NONE',  ( 0.9999999991463189852, 4.336808690158125195E-16, 4.132023650527629128E-05 ) ) ;
#9562 = VECTOR ( 'NONE', #1612, 39.37007874015748854 ) ;
#9563 = PLANE ( 'NONE',  #642 ) ;
#9564 = AXIS2_PLACEMENT_3D ( 'NONE', #4249, #8987, #1699 ) ;
#9565 = VECTOR ( 'NONE', #199, 39.37007874015748143 ) ;
#9566 = ORIENTED_EDGE ( 'NONE', *, *, #4010, .F. ) ;
#9567 = AXIS2_PLACEMENT_3D ( 'NONE', #25, #3003, #1643 ) ;
#9568 = ORIENTED_EDGE ( 'NONE', *, *, #6903, .T. ) ;
#9569 = CARTESIAN_POINT ( 'NONE',  ( -0.05314399386119624674, 0.01968503937007875723, -0.1358288863528380463 ) ) ;
#9570 = DIRECTION ( 'NONE',  ( 0.9999996298403812656, -0.0002426064928002486074, 0.0008255066261813754627 ) ) ;
#9571 = FACE_OUTER_BOUND ( 'NONE', #9516, .T. ) ;
#9572 = DIRECTION ( 'NONE',  ( 1.098777426433149983E-15, -2.220446049250329844E-16, -1.000000000000000000 ) ) ;
#9573 = FACE_OUTER_BOUND ( 'NONE', #5072, .T. ) ;
#9574 = LINE ( 'NONE', #2472, #650 ) ;
#9575 = DIRECTION ( 'NONE',  ( 2.669666355814922914E-16, -1.000000000000000000, 0.000000000000000000 ) ) ;
#9576 = VECTOR ( 'NONE', #6287, 39.37007874015748143 ) ;
#9577 = ORIENTED_EDGE ( 'NONE', *, *, #3865, .F. ) ;
#9578 = VECTOR ( 'NONE', #10069, 39.37007874015748143 ) ;
#9579 = ORIENTED_EDGE ( 'NONE', *, *, #8926, .T. ) ;
#9580 = VECTOR ( 'NONE', #2015, 39.37007874015748143 ) ;
#9581 = FACE_OUTER_BOUND ( 'NONE', #3880, .T. ) ;
#9582 = VERTEX_POINT ( 'NONE', #6821 ) ;
#9583 = CARTESIAN_POINT ( 'NONE',  ( -0.003931640095261022295, 0.4862204724409451839, -0.1633858266607408349 ) ) ;
#9584 = EDGE_CURVE ( 'NONE', #78, #3575, #4483, .T. ) ;
#9585 = DIRECTION ( 'NONE',  ( -1.000000000000000000, 0.000000000000000000, 6.245969335281450904E-16 ) ) ;
#9586 = DIRECTION ( 'NONE',  ( 0.000000000000000000, 0.000000000000000000, 1.000000000000000000 ) ) ;
#9587 = CARTESIAN_POINT ( 'NONE',  ( -0.5531442385204589085, 0.4980314960629916299, 0.001968504047920685909 ) ) ;
#9588 = DIRECTION ( 'NONE',  ( 1.241154504388520031E-14, 1.000000000000000000, 0.000000000000000000 ) ) ;
#9589 = FACE_OUTER_BOUND ( 'NONE', #6004, .T. ) ;
#9590 = ORIENTED_EDGE ( 'NONE', *, *, #1116, .T. ) ;
#9591 = ORIENTED_EDGE ( 'NONE', *, *, #9658, .F. ) ;
#9592 = ADVANCED_FACE ( 'NONE', ( #638 ), #8497, .F. ) ;
#9593 = VERTEX_POINT ( 'NONE', #523 ) ;
#9594 = CARTESIAN_POINT ( 'NONE',  ( -0.1161363645047152615, -0.08098887952763200726, -0.3236683211421771400 ) ) ;
#9595 = EDGE_CURVE ( 'NONE', #7622, #5433, #3698, .T. ) ;
#9596 = DIRECTION ( 'NONE',  ( 1.259585646868319844E-15, 1.000000000000000000, 1.663688472766219883E-30 ) ) ;
#9597 = VERTEX_POINT ( 'NONE', #6769 ) ;
#9598 = EDGE_CURVE ( 'NONE', #7309, #5814, #10131, .T. ) ;
#9599 = CARTESIAN_POINT ( 'NONE',  ( -0.4074749471818763791, -0.1035381541856613130, -0.3371885655731944320 ) ) ;
#9600 = VECTOR ( 'NONE', #2624, 39.37007874015748143 ) ;
#9601 = CARTESIAN_POINT ( 'NONE',  ( -0.3877899078117976184, 0.1555118110236194118, 0.02755905522902296276 ) ) ;
#9602 = PLANE ( 'NONE',  #5361 ) ;
#9603 = CYLINDRICAL_SURFACE ( 'NONE', #7452, 0.01181102362204724046 ) ;
#9604 = ORIENTED_EDGE ( 'NONE', *, *, #8943, .F. ) ;
#9605 = EDGE_CURVE ( 'NONE', #2196, #4356, #2979, .T. ) ;
#9606 = VECTOR ( 'NONE', #7792, 39.37007874015748143 ) ;
#9607 = AXIS2_PLACEMENT_3D ( 'NONE', #3916, #582, #635 ) ;
#9608 = VERTEX_POINT ( 'NONE', #2812 ) ;
#9609 = EDGE_CURVE ( 'NONE', #6141, #2767, #2032, .T. ) ;
#9610 = CARTESIAN_POINT ( 'NONE',  ( -0.03542770308738736607, 0.01968503937007875723, -0.3543307085505043585 ) ) ;
#9611 = FACE_OUTER_BOUND ( 'NONE', #6242, .T. ) ;
#9612 = CYLINDRICAL_SURFACE ( 'NONE', #7773, 0.01181102362204724046 ) ;
#9613 = AXIS2_PLACEMENT_3D ( 'NONE', #8614, #7147, #2253 ) ;
#9614 = CARTESIAN_POINT ( 'NONE',  ( -0.4074749471818813196, 0.007874015748028716927, 0.001127850190957160144 ) ) ;
#9615 = DIRECTION ( 'NONE',  ( -4.298990847548506380E-16, 1.000000000000000000, 0.000000000000000000 ) ) ;
#9616 = VECTOR ( 'NONE', #5611, 39.37007874015748143 ) ;
#9617 = EDGE_LOOP ( 'NONE', ( #10205, #3127, #2115, #818 ) ) ;
#9618 = ADVANCED_FACE ( 'NONE', ( #1417 ), #4595, .T. ) ;
#9619 = ORIENTED_EDGE ( 'NONE', *, *, #3419, .F. ) ;
#9620 = FACE_OUTER_BOUND ( 'NONE', #727, .T. ) ;
#9621 = CARTESIAN_POINT ( 'NONE',  ( -0.4665300652921126612, -0.05466976174329210569, -0.3135386051237546989 ) ) ;
#9622 = EDGE_CURVE ( 'NONE', #9167, #2312, #4650, .T. ) ;
#9623 = DIRECTION ( 'NONE',  ( 1.879283765641541755E-14, 0.000000000000000000, -1.000000000000000000 ) ) ;
#9624 = FACE_OUTER_BOUND ( 'NONE', #5275, .T. ) ;
#9625 = AXIS2_PLACEMENT_3D ( 'NONE', #125, #5492, #2420 ) ;
#9626 = PLANE ( 'NONE',  #8804 ) ;
#9627 = CARTESIAN_POINT ( 'NONE',  ( -0.5649552621425060206, 0.4803560425762102848, 0.0009842520794018320279 ) ) ;
#9628 = ORIENTED_EDGE ( 'NONE', *, *, #9431, .T. ) ;
#9629 = VERTEX_POINT ( 'NONE', #4017 ) ;
#9630 = ORIENTED_EDGE ( 'NONE', *, *, #2976, .T. ) ;
#9631 = VECTOR ( 'NONE', #8032, 39.37007874015748854 ) ;
#9632 = DIRECTION ( 'NONE',  ( 0.000000000000000000, -1.000000000000000000, 2.220446049250309876E-16 ) ) ;
#9633 = ORIENTED_EDGE ( 'NONE', *, *, #1866, .F. ) ;
#9634 = FACE_OUTER_BOUND ( 'NONE', #557, .T. ) ;
#9635 = DIRECTION ( 'NONE',  ( -1.000000000000000000, -6.123638448986479919E-17, 6.245969335281450904E-16 ) ) ;
#9636 = EDGE_CURVE ( 'NONE', #1794, #462, #9552, .T. ) ;
#9637 = CARTESIAN_POINT ( 'NONE',  ( -0.05708124639447951371, -0.1156854394007205827, -0.3169291337473427173 ) ) ;
#9638 = DIRECTION ( 'NONE',  ( 0.000000000000000000, 0.000000000000000000, -1.000000000000000000 ) ) ;
#9639 = DIRECTION ( 'NONE',  ( 4.078893220340669608E-32, -2.220446049250309876E-16, -1.000000000000000000 ) ) ;
#9640 = DIRECTION ( 'NONE',  ( 1.951563910473907350E-14, 0.000000000000000000, -1.000000000000000000 ) ) ;
#9641 = ORIENTED_EDGE ( 'NONE', *, *, #8318, .T. ) ;
#9642 = AXIS2_PLACEMENT_3D ( 'NONE', #7948, #9522, #8094 ) ;
#9643 = ORIENTED_EDGE ( 'NONE', *, *, #10245, .T. ) ;
#9644 = ORIENTED_EDGE ( 'NONE', *, *, #9743, .F. ) ;
#9645 = DIRECTION ( 'NONE',  ( 1.098777426433149983E-15, -2.220446049250329844E-16, -1.000000000000000000 ) ) ;
#9646 = FACE_OUTER_BOUND ( 'NONE', #6144, .T. ) ;
#9647 = ORIENTED_EDGE ( 'NONE', *, *, #2329, .F. ) ;
#9648 = AXIS2_PLACEMENT_3D ( 'NONE', #4962, #4184, #7352 ) ;
#9649 = DIRECTION ( 'NONE',  ( -4.132023649128441152E-05, -7.221721796191270938E-17, 0.9999999991463190963 ) ) ;
#9650 = ADVANCED_FACE ( 'NONE', ( #1619 ), #4796, .F. ) ;
#9651 = LINE ( 'NONE', #8073, #448 ) ;
#9652 = DIRECTION ( 'NONE',  ( 4.132023648008760497E-05, 0.000000000000000000, -0.9999999991463190963 ) ) ;
#9653 = CARTESIAN_POINT ( 'NONE',  ( -0.05314155368975124333, 0.01968503937007875723, -0.1948840044126575188 ) ) ;
#9654 = ORIENTED_EDGE ( 'NONE', *, *, #8108, .F. ) ;
#9655 = EDGE_CURVE ( 'NONE', #491, #1504, #6782, .T. ) ;
#9656 = EDGE_CURVE ( 'NONE', #8502, #8898, #8607, .T. ) ;
#9657 = ORIENTED_EDGE ( 'NONE', *, *, #4154, .T. ) ;
#9658 = EDGE_CURVE ( 'NONE', #4573, #5870, #6404, .T. ) ;
#9659 = CARTESIAN_POINT ( 'NONE',  ( -0.4665300652921126612, -0.1082677165354328924, -0.3262529570661550915 ) ) ;
#9660 = ADVANCED_FACE ( 'NONE', ( #1475 ), #5576, .T. ) ;
#9661 = CARTESIAN_POINT ( 'NONE',  ( -0.4035379393078605825, 0.1622047244094487750, -0.3405511809914499310 ) ) ;
#9662 = VECTOR ( 'NONE', #3324, 39.37007874015748143 ) ;
#9663 = CARTESIAN_POINT ( 'NONE',  ( -0.3641321637491996555, 0.01377952755905360177, -0.1161741142507587005 ) ) ;
#9664 = CARTESIAN_POINT ( 'NONE',  ( -0.3759788841897500622, 0.1279527559055029240, 0.01574803160697565291 ) ) ;
#9665 = ADVANCED_FACE ( 'NONE', ( #10229 ), #9603, .F. ) ;
#9666 = VERTEX_POINT ( 'NONE', #7825 ) ;
#9667 = AXIS2_PLACEMENT_3D ( 'NONE', #405, #9162, #7585 ) ;
#9668 = ORIENTED_EDGE ( 'NONE', *, *, #1876, .F. ) ;
#9669 = ORIENTED_EDGE ( 'NONE', *, *, #2947, .T. ) ;
#9670 = DIRECTION ( 'NONE',  ( 1.000000000000000000, -1.437166293563720158E-14, 2.220446049248289653E-16 ) ) ;
#9671 = DIRECTION ( 'NONE',  ( 0.000000000000000000, 1.000000000000000000, 0.000000000000000000 ) ) ;
#9672 = DIRECTION ( 'NONE',  ( -1.578983857244669950E-15, 0.000000000000000000, 1.000000000000000000 ) ) ;
#9673 = CARTESIAN_POINT ( 'NONE',  ( -0.4270405767649864681, 0.2342519685039251565, 0.01574803160697565291 ) ) ;
#9674 = DIRECTION ( 'NONE',  ( 1.000000000000000000, 0.000000000000000000, 1.098777426433149983E-15 ) ) ;
#9675 = DIRECTION ( 'NONE',  ( 0.000000000000000000, 1.000000000000000000, -2.220446049351462798E-16 ) ) ;
#9676 = EDGE_CURVE ( 'NONE', #3932, #5305, #1668, .T. ) ;
#9677 = EDGE_LOOP ( 'NONE', ( #7260, #9873, #1614, #8958 ) ) ;
#9678 = ORIENTED_EDGE ( 'NONE', *, *, #9774, .F. ) ;
#9679 = AXIS2_PLACEMENT_3D ( 'NONE', #8689, #824, #8792 ) ;
#9680 = LINE ( 'NONE', #2518, #2019 ) ;
#9681 = VERTEX_POINT ( 'NONE', #3082 ) ;
#9682 = CARTESIAN_POINT ( 'NONE',  ( 3.707643314850462666E-06, 0.4824157255070925521, -0.008461241049296882102 ) ) ;
#9683 = LINE ( 'NONE', #2627, #5512 ) ;
#9684 = DIRECTION ( 'NONE',  ( -2.796841973281160348E-31, -2.220446049250309876E-16, -1.000000000000000000 ) ) ;
#9685 = DIRECTION ( 'NONE',  ( 7.829672019396359999E-16, -1.965020480342260295E-30, -1.000000000000000000 ) ) ;
#9686 = DIRECTION ( 'NONE',  ( 1.517883041479706208E-14, 1.000000000000000000, 0.000000000000000000 ) ) ;
#9687 = EDGE_CURVE ( 'NONE', #5915, #4563, #886, .T. ) ;
#9688 = LINE ( 'NONE', #1700, #2033 ) ;
#9689 = VERTEX_POINT ( 'NONE', #3183 ) ;
#9690 = VECTOR ( 'NONE', #9754, 39.37007874015748854 ) ;
#9691 = ORIENTED_EDGE ( 'NONE', *, *, #3915, .F. ) ;
#9692 = ORIENTED_EDGE ( 'NONE', *, *, #9559, .F. ) ;
#9693 = CARTESIAN_POINT ( 'NONE',  ( -0.002394330435496948902, 0.4862204724409452394, -0.009842519574120885475 ) ) ;
#9694 = CARTESIAN_POINT ( 'NONE',  ( -0.1161363645047152615, -0.08098887951825931020, -0.3236683211365574686 ) ) ;
#9695 = VECTOR ( 'NONE', #6189, 39.37007874015748143 ) ;
#9696 = VERTEX_POINT ( 'NONE', #6249 ) ;
#9697 = DIRECTION ( 'NONE',  ( 0.000000000000000000, -1.000000000000000000, 1.081288407729419916E-13 ) ) ;
#9698 = DIRECTION ( 'NONE',  ( 0.0002428054473841268867, 0.9999999415021886273, -0.0002409172758466584195 ) ) ;
#9699 = DIRECTION ( 'NONE',  ( 2.220446049248259824E-16, -2.220446049250319983E-16, -1.000000000000000000 ) ) ;
#9700 = DIRECTION ( 'NONE',  ( 1.000000000000000000, 0.000000000000000000, 1.106789717745619373E-15 ) ) ;
#9701 = VERTEX_POINT ( 'NONE', #3029 ) ;
#9702 = ORIENTED_EDGE ( 'NONE', *, *, #1822, .F. ) ;
#9703 = VECTOR ( 'NONE', #287, 39.37007874015748143 ) ;
#9704 = VECTOR ( 'NONE', #5073, 39.37007874015748143 ) ;
#9705 = DIRECTION ( 'NONE',  ( 1.320822031358179910E-15, 0.000000000000000000, -1.000000000000000000 ) ) ;
#9706 = CARTESIAN_POINT ( 'NONE',  ( -0.5531442385204589085, 0.4980314960629916299, -0.3165430069310061212 ) ) ;
#9707 = EDGE_CURVE ( 'NONE', #8096, #5249, #6195, .T. ) ;
#9708 = DIRECTION ( 'NONE',  ( 0.000000000000000000, 5.782411586589358822E-15, 1.000000000000000000 ) ) ;
#9709 = VECTOR ( 'NONE', #8352, 39.37007874015748143 ) ;
#9710 = AXIS2_PLACEMENT_3D ( 'NONE', #6274, #5390, #9472 ) ;
#9711 = EDGE_CURVE ( 'NONE', #3008, #1120, #5525, .T. ) ;
#9712 = ORIENTED_EDGE ( 'NONE', *, *, #1252, .F. ) ;
#9713 = VECTOR ( 'NONE', #2845, 39.37007874015748143 ) ;
#9714 = CIRCLE ( 'NONE', #2048, 0.01181102362204724567 ) ;
#9715 = ORIENTED_EDGE ( 'NONE', *, *, #7354, .F. ) ;
#9716 = CYLINDRICAL_SURFACE ( 'NONE', #3265, 0.01181102362204737750 ) ;
#9717 = EDGE_CURVE ( 'NONE', #9320, #3908, #9448, .T. ) ;
#9718 = DIRECTION ( 'NONE',  ( 8.466415384531750179E-16, -9.958396954279598582E-17, 1.000000000000000000 ) ) ;
#9719 = DIRECTION ( 'NONE',  ( 4.078893220340669608E-32, -2.220446049250309876E-16, -1.000000000000000000 ) ) ;
#9720 = CARTESIAN_POINT ( 'NONE',  ( -0.5137741597803013871, 0.2480314960629948773, -0.3246574802040486096 ) ) ;
#9721 = FACE_OUTER_BOUND ( 'NONE', #8417, .T. ) ;
#9722 = CARTESIAN_POINT ( 'NONE',  ( -0.5452702227724276485, 0.2342519685039295141, -0.3425196849284575795 ) ) ;
#9723 = ORIENTED_EDGE ( 'NONE', *, *, #6918, .T. ) ;
#9724 = AXIS2_PLACEMENT_3D ( 'NONE', #4, #3806, #631 ) ;
#9725 = EDGE_CURVE ( 'NONE', #9701, #3095, #8960, .T. ) ;
#9726 = VECTOR ( 'NONE', #5509, 39.37007874015748854 ) ;
#9727 = VECTOR ( 'NONE', #8127, 39.37007874015748143 ) ;
#9728 = ORIENTED_EDGE ( 'NONE', *, *, #9743, .T. ) ;
#9729 = EDGE_CURVE ( 'NONE', #8161, #560, #4747, .T. ) ;
#9730 = CARTESIAN_POINT ( 'NONE',  ( -0.5531442385204589085, 0.4921259842519686845, -0.3267716534323946709 ) ) ;
#9731 = ORIENTED_EDGE ( 'NONE', *, *, #9836, .F. ) ;
#9732 = DIRECTION ( 'NONE',  ( 2.023844055306275469E-14, 4.698209414103854230E-14, -1.000000000000000000 ) ) ;
#9733 = CARTESIAN_POINT ( 'NONE',  ( 0.1574856827393862624, 0.2755905511811020947, -0.1299212597316068418 ) ) ;
#9734 = CARTESIAN_POINT ( 'NONE',  ( -0.3129787863581079965, 0.1641196286710540631, -0.04724409421258948805 ) ) ;
#9735 = AXIS2_PLACEMENT_3D ( 'NONE', #1990, #8404, #3556 ) ;
#9736 = DIRECTION ( 'NONE',  ( 1.000000000000000000, 0.000000000000000000, 1.084202172485504237E-15 ) ) ;
#9737 = DIRECTION ( 'NONE',  ( 1.000000000000000000, 0.000000000000000000, 1.320822031358179910E-15 ) ) ;
#9738 = DIRECTION ( 'NONE',  ( 1.000000000000000000, -9.634711363903441210E-15, 1.929231152724350329E-14 ) ) ;
#9739 = ORIENTED_EDGE ( 'NONE', *, *, #4169, .T. ) ;
#9740 = VERTEX_POINT ( 'NONE', #742 ) ;
#9741 = VECTOR ( 'NONE', #2824, 39.37007874015748143 ) ;
#9742 = ORIENTED_EDGE ( 'NONE', *, *, #6696, .F. ) ;
#9743 = EDGE_CURVE ( 'NONE', #4127, #3139, #3136, .T. ) ;
#9744 = LINE ( 'NONE', #7231, #1565 ) ;
#9745 = ORIENTED_EDGE ( 'NONE', *, *, #850, .F. ) ;
#9746 = DIRECTION ( 'NONE',  ( 8.431192517898690107E-32, 1.000000000000000000, 9.958396954279598582E-17 ) ) ;
#9747 = ORIENTED_EDGE ( 'NONE', *, *, #3868, .T. ) ;
#9748 = DIRECTION ( 'NONE',  ( 1.000000000000000000, -1.437166293563720158E-14, 2.220446049248289899E-16 ) ) ;
#9749 = CARTESIAN_POINT ( 'NONE',  ( -0.003931640095260475858, 0.01968503937007875723, 0.01574803160697565291 ) ) ;
#9750 = CARTESIAN_POINT ( 'NONE',  ( -0.5452702227724276485, 0.02165354330708068459, 0.02755905522902296276 ) ) ;
#9751 = FACE_OUTER_BOUND ( 'NONE', #9225, .T. ) ;
#9752 = ORIENTED_EDGE ( 'NONE', *, *, #1862, .T. ) ;
#9753 = ORIENTED_EDGE ( 'NONE', *, *, #850, .T. ) ;
#9754 = DIRECTION ( 'NONE',  ( -0.9999999991463189852, 0.000000000000000000, -4.132023648018220161E-05 ) ) ;
#9755 = CARTESIAN_POINT ( 'NONE',  ( -0.4664994584876268058, -0.1096117967702588542, 0.0002871963339950005809 ) ) ;
#9756 = LINE ( 'NONE', #9614, #7051 ) ;
#9757 = CARTESIAN_POINT ( 'NONE',  ( -0.4448685501376358209, 0.2106299212515727604, -0.01574803122046424669 ) ) ;
#9758 = LINE ( 'NONE', #6668, #3138 ) ;
#9759 = ORIENTED_EDGE ( 'NONE', *, *, #641, .T. ) ;
#9760 = ORIENTED_EDGE ( 'NONE', *, *, #3853, .T. ) ;
#9761 = AXIS2_PLACEMENT_3D ( 'NONE', #5582, #4903, #8081 ) ;
#9762 = EDGE_LOOP ( 'NONE', ( #6399, #8489, #71, #5643 ) ) ;
#9763 = LINE ( 'NONE', #7346, #4925 ) ;
#9764 = CARTESIAN_POINT ( 'NONE',  ( -0.5527505377330569347, 0.4822834645669287768, -0.3287401573694028745 ) ) ;
#9765 = ADVANCED_FACE ( 'NONE', ( #789 ), #10, .T. ) ;
#9766 = DIRECTION ( 'NONE',  ( -1.246852042519505063E-14, -0.8576492837990944418, -0.5142350688147396820 ) ) ;
#9767 = CYLINDRICAL_SURFACE ( 'NONE', #70, 0.007874015748031495954 ) ;
#9768 = CARTESIAN_POINT ( 'NONE',  ( -0.5196842254821751883, 0.2933070866141731514, -0.01970781430357135613 ) ) ;
#9769 = CARTESIAN_POINT ( 'NONE',  ( -0.03937007870654841285, 0.4842519685039369803, -1.626780961142190473E-06 ) ) ;
#9770 = EDGE_LOOP ( 'NONE', ( #1194, #2497 ) ) ;
#9771 = VECTOR ( 'NONE', #9217, 39.37007874015748143 ) ;
#9772 = CIRCLE ( 'NONE', #5267, 0.01181102362204724046 ) ;
#9773 = EDGE_CURVE ( 'NONE', #7634, #2346, #200, .T. ) ;
#9774 = EDGE_CURVE ( 'NONE', #6141, #7737, #4277, .T. ) ;
#9775 = ORIENTED_EDGE ( 'NONE', *, *, #2976, .F. ) ;
#9776 = DIRECTION ( 'NONE',  ( 4.078893220340669608E-32, -2.220446049250309876E-16, -1.000000000000000000 ) ) ;
#9777 = B_SPLINE_CURVE_WITH_KNOTS ( 'NONE', 3,
 ( #5360, #2187, #9286, #8548 ),
 .UNSPECIFIED., .F., .F.,
 ( 4, 4 ),
 ( 0.000000000000000000, 1.000000000000000000 ),
 .UNSPECIFIED. ) ;
#9778 = ORIENTED_EDGE ( 'NONE', *, *, #8201, .F. ) ;
#9779 = LINE ( 'NONE', #333, #6257 ) ;
#9780 = CIRCLE ( 'NONE', #7777, 0.01968503937007971480 ) ;
#9781 = DIRECTION ( 'NONE',  ( 4.132023650221924095E-05, -5.097186443150570609E-21, -0.9999999991463189852 ) ) ;
#9782 = AXIS2_PLACEMENT_3D ( 'NONE', #5561, #3214, #6386 ) ;
#9783 = EDGE_CURVE ( 'NONE', #5070, #1026, #8853, .T. ) ;
#9784 = CARTESIAN_POINT ( 'NONE',  ( -0.4074749471818758795, -0.1087159368699696649, -0.3265217040029996798 ) ) ;
#9785 = CARTESIAN_POINT ( 'NONE',  ( -0.4448685501376358209, 0.2106299212515721497, -0.01574803122046396220 ) ) ;
#9786 = CARTESIAN_POINT ( 'NONE',  ( 5.367778755658163867E-06, 0.4980314960629916299, -0.3169291337473607584 ) ) ;
#9787 = CARTESIAN_POINT ( 'NONE',  ( -0.1476244556650142259, -0.1003937007926949676, -0.1161417320077678811 ) ) ;
#9788 = ORIENTED_EDGE ( 'NONE', *, *, #7832, .F. ) ;
#9789 = EDGE_CURVE ( 'NONE', #2745, #5431, #5041, .T. ) ;
#9790 = VECTOR ( 'NONE', #8873, 39.37007874015748143 ) ;
#9791 = AXIS2_PLACEMENT_3D ( 'NONE', #2862, #9291, #1982 ) ;
#9792 = ORIENTED_EDGE ( 'NONE', *, *, #8202, .F. ) ;
#9793 = ORIENTED_EDGE ( 'NONE', *, *, #4689, .F. ) ;
#9794 = LINE ( 'NONE', #8899, #4214 ) ;
#9795 = ORIENTED_EDGE ( 'NONE', *, *, #8085, .F. ) ;
#9796 = CARTESIAN_POINT ( 'NONE',  ( -0.3956639235598288229, 0.1149606299212581617, 0.01377952766996799576 ) ) ;
#9797 = ORIENTED_EDGE ( 'NONE', *, *, #1879, .F. ) ;
#9798 = LINE ( 'NONE', #8902, #498 ) ;
#9799 = CARTESIAN_POINT ( 'NONE',  ( 5.367778757024087504E-06, 0.4980314960629916299, -0.3169291337473607584 ) ) ;
#9800 = DIRECTION ( 'NONE',  ( 1.000000000000000000, 0.000000000000000000, 1.098777426433149983E-15 ) ) ;
#9801 = VECTOR ( 'NONE', #2141, 39.37007874015748143 ) ;
#9802 = CARTESIAN_POINT ( 'NONE',  ( -0.5531442385204589085, 0.2696028754788729609, -0.3287401573694028745 ) ) ;
#9803 = LINE ( 'NONE', #8228, #7623 ) ;
#9804 = EDGE_LOOP ( 'NONE', ( #10197, #242, #3544, #10167, #1487, #979, #1352 ) ) ;
#9805 = EDGE_CURVE ( 'NONE', #3908, #8501, #250, .T. ) ;
#9806 = VERTEX_POINT ( 'NONE', #1717 ) ;
#9807 = ORIENTED_EDGE ( 'NONE', *, *, #4757, .F. ) ;
#9808 = LINE ( 'NONE', #2756, #5519 ) ;
#9809 = DIRECTION ( 'NONE',  ( -4.132023648018220161E-05, 0.000000000000000000, 0.9999999991463189852 ) ) ;
#9810 = CARTESIAN_POINT ( 'NONE',  ( -0.1161363645047149701, -0.02604684405930024135, -0.3169291337473482129 ) ) ;
#9811 = CARTESIAN_POINT ( 'NONE',  ( -0.4665300652921121061, -0.1087159368699692485, -0.3265217040030009010 ) ) ;
#9812 = CARTESIAN_POINT ( 'NONE',  ( -0.5531442385204589085, 0.03148492744317278602, 0.007883107991667387404 ) ) ;
#9813 = AXIS2_PLACEMENT_3D ( 'NONE', #8923, #4389, #2668 ) ;
#9814 = ADVANCED_FACE ( 'NONE', ( #8128 ), #7382, .T. ) ;
#9815 = EDGE_CURVE ( 'NONE', #2451, #7061, #7238, .T. ) ;
#9816 = ORIENTED_EDGE ( 'NONE', *, *, #8201, .T. ) ;
#9817 = ORIENTED_EDGE ( 'NONE', *, *, #22, .F. ) ;
#9818 = CARTESIAN_POINT ( 'NONE',  ( -0.003931640095260202639, 0.01968503937007875723, 0.02755905522902296276 ) ) ;
#9819 = FACE_OUTER_BOUND ( 'NONE', #1469, .T. ) ;
#9820 = CARTESIAN_POINT ( 'NONE',  ( -0.5196828427721308374, 0.4645669291338582196, -0.05317107976256416069 ) ) ;
#9821 = DIRECTION ( 'NONE',  ( 0.000000000000000000, 0.000000000000000000, -1.000000000000000000 ) ) ;
#9822 = CARTESIAN_POINT ( 'NONE',  ( -0.4157984591073162206, 0.1555118110236153040, 0.02671429173554219078 ) ) ;
#9823 = DIRECTION ( 'NONE',  ( -3.469446951953599200E-15, 1.000000000000000000, 5.421010862427498751E-17 ) ) ;
#9824 = ORIENTED_EDGE ( 'NONE', *, *, #851, .T. ) ;
#9825 = ORIENTED_EDGE ( 'NONE', *, *, #9019, .T. ) ;
#9826 = CARTESIAN_POINT ( 'NONE',  ( -0.01377415978030067413, 0.01968503937007875723, -0.3405511809914504862 ) ) ;
#9827 = ORIENTED_EDGE ( 'NONE', *, *, #5170, .T. ) ;
#9828 = DIRECTION ( 'NONE',  ( -1.000000000000000000, 1.259585646868319844E-15, 0.000000000000000000 ) ) ;
#9829 = DIRECTION ( 'NONE',  ( 0.000000000000000000, 1.000000000000000000, 0.000000000000000000 ) ) ;
#9830 = CARTESIAN_POINT ( 'NONE',  ( -0.1023624488498209723, 0.1062992126077746957, -0.01574803122046369158 ) ) ;
#9831 = CARTESIAN_POINT ( 'NONE',  ( -0.003931640095261022295, 0.01968503937007875723, 0.01181102373296006453 ) ) ;
#9832 = DIRECTION ( 'NONE',  ( -1.000000000000000000, 1.437166293563720158E-14, -2.220446049248289899E-16 ) ) ;
#9833 = EDGE_CURVE ( 'NONE', #5366, #78, #9803, .T. ) ;
#9834 = ORIENTED_EDGE ( 'NONE', *, *, #4246, .T. ) ;
#9835 = ORIENTED_EDGE ( 'NONE', *, *, #1659, .T. ) ;
#9836 = EDGE_CURVE ( 'NONE', #2982, #6774, #107, .T. ) ;
#9837 = ORIENTED_EDGE ( 'NONE', *, *, #8117, .F. ) ;
#9838 = CARTESIAN_POINT ( 'NONE',  ( -2.837686726194842910E-16, 0.3057682957467222629, -0.2100699273144121804 ) ) ;
#9839 = EDGE_LOOP ( 'NONE', ( #3985, #1430, #5683, #8684 ) ) ;
#9840 = DIRECTION ( 'NONE',  ( -0.0008255066504738493112, 2.630344866564119988E-23, 0.9999996592693269903 ) ) ;
#9841 = ORIENTED_EDGE ( 'NONE', *, *, #1927, .F. ) ;
#9842 = DIRECTION ( 'NONE',  ( -8.466415384531749193E-16, 9.958396954279598582E-17, -1.000000000000000000 ) ) ;
#9843 = DIRECTION ( 'NONE',  ( 5.551115123125779621E-17, 1.636020887289085065E-32, 1.000000000000000000 ) ) ;
#9844 = DIRECTION ( 'NONE',  ( 1.000000000000000000, -9.634711363903441210E-15, 1.929231152724350329E-14 ) ) ;
#9845 = EDGE_CURVE ( 'NONE', #1201, #10124, #5736, .T. ) ;
#9846 = CARTESIAN_POINT ( 'NONE',  ( -0.003931640095258290106, 0.4675598519649071805, -0.3543307085505032483 ) ) ;
#9847 = DIRECTION ( 'NONE',  ( -1.000000000000000000, 1.259585646868319844E-15, 0.000000000000000000 ) ) ;
#9848 = EDGE_LOOP ( 'NONE', ( #7465, #6111, #5329, #9590, #1523, #4752 ) ) ;
#9849 = ORIENTED_EDGE ( 'NONE', *, *, #4608, .F. ) ;
#9850 = EDGE_CURVE ( 'NONE', #2220, #4290, #8957, .T. ) ;
#9851 = VECTOR ( 'NONE', #8028, 39.37007874015748143 ) ;
#9852 = ORIENTED_EDGE ( 'NONE', *, *, #9134, .F. ) ;
#9853 = CARTESIAN_POINT ( 'NONE',  ( -0.01377415978030094822, 0.4862204724409451839, 0.001968504047920685909 ) ) ;
#9854 = EDGE_CURVE ( 'NONE', #10079, #7309, #6497, .T. ) ;
#9855 = CARTESIAN_POINT ( 'NONE',  ( 1.333960390283828660E-05, 0.2421259842519683514, -0.3228346453936932203 ) ) ;
#9856 = CARTESIAN_POINT ( 'NONE',  ( -0.05802814535455040612, -0.1156854393858068875, -0.3287401573694007095 ) ) ;
#9857 = LINE ( 'NONE', #10073, #9117 ) ;
#9858 = CYLINDRICAL_SURFACE ( 'NONE', #3625, 0.007874015748031516770 ) ;
#9859 = VERTEX_POINT ( 'NONE', #2648 ) ;
#9860 = AXIS2_PLACEMENT_3D ( 'NONE', #10001, #9213, #617 ) ;
#9861 = ORIENTED_EDGE ( 'NONE', *, *, #31, .T. ) ;
#9862 = ADVANCED_FACE ( 'NONE', ( #9751 ), #4989, .T. ) ;
#9863 = EDGE_CURVE ( 'NONE', #3892, #5898, #9057, .T. ) ;
#9864 = ORIENTED_EDGE ( 'NONE', *, *, #3924, .F. ) ;
#9865 = DIRECTION ( 'NONE',  ( 1.559456281198720078E-15, 6.459479416000690079E-16, -1.000000000000000000 ) ) ;
#9866 = DIRECTION ( 'NONE',  ( -4.132023649128441152E-05, -7.221721796191270938E-17, 0.9999999991463190963 ) ) ;
#9867 = DIRECTION ( 'NONE',  ( -1.000000000000000000, -1.559414442564740059E-16, 1.110223024625159992E-16 ) ) ;
#9868 = AXIS2_PLACEMENT_3D ( 'NONE', #2469, #1783, #1683 ) ;
#9869 = CARTESIAN_POINT ( 'NONE',  ( -0.5645207116676105308, 0.4901378901832437740, -0.3149606298103029833 ) ) ;
#9870 = FACE_BOUND ( 'NONE', #3503, .T. ) ;
#9871 = DIRECTION ( 'NONE',  ( -1.259585646868319844E-15, -1.000000000000000000, 0.000000000000000000 ) ) ;
#9872 = ORIENTED_EDGE ( 'NONE', *, *, #6317, .T. ) ;
#9873 = ORIENTED_EDGE ( 'NONE', *, *, #6570, .T. ) ;
#9874 = VECTOR ( 'NONE', #9368, 39.37007874015748854 ) ;
#9875 = AXIS2_PLACEMENT_3D ( 'NONE', #322, #5992, #3553 ) ;
#9876 = CARTESIAN_POINT ( 'NONE',  ( -0.5531442385204589085, 0.3279258747788634798, -0.3405511809914499310 ) ) ;
#9877 = ORIENTED_EDGE ( 'NONE', *, *, #305, .F. ) ;
#9878 = DIRECTION ( 'NONE',  ( -4.892451711081009382E-32, -1.000000000000000000, -7.832974272616329547E-17 ) ) ;
#9879 = DIRECTION ( 'NONE',  ( 0.000000000000000000, 1.000000000000000000, -3.541727096785982071E-15 ) ) ;
#9880 = CARTESIAN_POINT ( 'NONE',  ( -0.4665300652921126612, -0.02604684405929586985, -0.3169291337473482129 ) ) ;
#9881 = CARTESIAN_POINT ( 'NONE',  ( -0.5137741597803057170, 0.01968503937007875723, -0.3287401573694050949 ) ) ;
#9882 = DIRECTION ( 'NONE',  ( 0.000000000000000000, -1.000000000000000000, 1.081288407729419916E-13 ) ) ;
#9883 = VECTOR ( 'NONE', #4725, 39.37007874015748854 ) ;
#9884 = ORIENTED_EDGE ( 'NONE', *, *, #6344, .F. ) ;
#9885 = AXIS2_PLACEMENT_3D ( 'NONE', #8522, #3781, #7520 ) ;
#9886 = VECTOR ( 'NONE', #8329, 39.37007874015748143 ) ;
#9887 = ORIENTED_EDGE ( 'NONE', *, *, #4417, .T. ) ;
#9888 = VERTEX_POINT ( 'NONE', #9653 ) ;
#9889 = CIRCLE ( 'NONE', #7722, 0.007874015748031516770 ) ;
#9890 = CARTESIAN_POINT ( 'NONE',  ( 0.01181639140080324030, 0.2755905511811020947, -0.1299212597316068418 ) ) ;
#9891 = EDGE_LOOP ( 'NONE', ( #3236, #2925, #9299, #1117 ) ) ;
#9892 = LINE ( 'NONE', #5142, #9580 ) ;
#9893 = VERTEX_POINT ( 'NONE', #2495 ) ;
#9894 = B_SPLINE_CURVE_WITH_KNOTS ( 'NONE', 3,
 ( #2850, #7380, #6602, #2645, #1405, #9271, #10059, #7642, #6237, #5508 ),
 .UNSPECIFIED., .F., .F.,
 ( 4, 2, 2, 2, 4 ),
 ( 0.000000000000000000, 0.2499999999999900080, 0.3749999999999973355, 0.5000000000000046629, 1.000000000000000000 ),
 .UNSPECIFIED. ) ;
#9895 = DIRECTION ( 'NONE',  ( 1.000000000000000000, 0.000000000000000000, 0.000000000000000000 ) ) ;
#9896 = CARTESIAN_POINT ( 'NONE',  ( 0.005293343174456626062, 0.4675598519649083462, -0.3543307085505031373 ) ) ;
#9897 = CARTESIAN_POINT ( 'NONE',  ( -0.08069532179117741566, 0.2201297255488997295, -0.01970781430357135613 ) ) ;
#9898 = CARTESIAN_POINT ( 'NONE',  ( -0.01377415978030067413, 0.01968503937007821253, -0.3405511809914499310 ) ) ;
#9899 = CARTESIAN_POINT ( 'NONE',  ( -0.1279473881267609026, 0.007874015748028716927, -0.3287401573694021528 ) ) ;
#9900 = EDGE_CURVE ( 'NONE', #8461, #4329, #5301, .T. ) ;
#9901 = ORIENTED_EDGE ( 'NONE', *, *, #9978, .F. ) ;
#9902 = CIRCLE ( 'NONE', #911, 0.01181102362204724046 ) ;
#9903 = VERTEX_POINT ( 'NONE', #5248 ) ;
#9904 = EDGE_CURVE ( 'NONE', #2394, #1007, #4646, .T. ) ;
#9905 = EDGE_CURVE ( 'NONE', #3583, #6953, #7498, .T. ) ;
#9906 = DIRECTION ( 'NONE',  ( -4.132023649155090842E-05, -7.221721796416660824E-17, 0.9999999991463190963 ) ) ;
#9907 = EDGE_LOOP ( 'NONE', ( #1000, #2828 ) ) ;
#9908 = DIRECTION ( 'NONE',  ( -1.000000000000000000, 0.000000000000000000, 6.245969335281450904E-16 ) ) ;
#9909 = AXIS2_PLACEMENT_3D ( 'NONE', #7232, #100, #4108 ) ;
#9910 = DIRECTION ( 'NONE',  ( -1.000000000000000000, 1.437166293563720158E-14, -2.220446049248289653E-16 ) ) ;
#9911 = CARTESIAN_POINT ( 'NONE',  ( 0.1456746591693077186, 0.2755905511811020947, -0.1299212597316068418 ) ) ;
#9912 = CARTESIAN_POINT ( 'NONE',  ( -0.4074749471818763791, -0.06074340425057972448, -0.3236683210821456047 ) ) ;
#9913 = EDGE_CURVE ( 'NONE', #1637, #4028, #3581, .T. ) ;
#9914 = VERTEX_POINT ( 'NONE', #10007 ) ;
#9915 = ORIENTED_EDGE ( 'NONE', *, *, #3646, .T. ) ;
#9916 = EDGE_CURVE ( 'NONE', #9262, #9696, #5495, .T. ) ;
#9917 = ORIENTED_EDGE ( 'NONE', *, *, #6982, .F. ) ;
#9918 = ORIENTED_EDGE ( 'NONE', *, *, #6644, .T. ) ;
#9919 = DIRECTION ( 'NONE',  ( 4.132023647556489626E-05, -5.097186439846190161E-21, -0.9999999991463189852 ) ) ;
#9920 = DIRECTION ( 'NONE',  ( 0.000000000000000000, -1.000000000000000000, -7.812564189785108689E-16 ) ) ;
#9921 = CARTESIAN_POINT ( 'NONE',  ( -0.4271520147045647642, 0.09055118109409331095, 2.756013921016217094E-10 ) ) ;
#9922 = CARTESIAN_POINT ( 'NONE',  ( -0.5633728850218842066, 0.4921259842520297467, -0.3149606298103029833 ) ) ;
#9923 = DIRECTION ( 'NONE',  ( 1.457076419989350000E-13, -1.000000000000000000, -3.642691049973470041E-13 ) ) ;
#9924 = CYLINDRICAL_SURFACE ( 'NONE', #6365, 0.01181102362204724046 ) ;
#9925 = EDGE_LOOP ( 'NONE', ( #9731, #6091, #3785, #4514 ) ) ;
#9926 = ADVANCED_FACE ( 'NONE', ( #2852, #1188 ), #8330, .T. ) ;
#9927 = VECTOR ( 'NONE', #1539, 39.37007874015748143 ) ;
#9928 = VECTOR ( 'NONE', #3436, 39.37007874015748143 ) ;
#9929 = ORIENTED_EDGE ( 'NONE', *, *, #1039, .F. ) ;
#9930 = DIRECTION ( 'NONE',  ( 0.000000000000000000, 0.000000000000000000, 1.000000000000000000 ) ) ;
#9931 = VERTEX_POINT ( 'NONE', #1296 ) ;
#9932 = DIRECTION ( 'NONE',  ( -1.259585646868319844E-15, -1.000000000000000000, 2.220446049250309876E-16 ) ) ;
#9933 = DIRECTION ( 'NONE',  ( 0.9999999991463189852, -1.233581138511403903E-16, 4.132023650181574156E-05 ) ) ;
#9934 = DIRECTION ( 'NONE',  ( 3.206310296178772668E-21, -1.000000000000000000, -7.759661044001386811E-17 ) ) ;
#9935 = CARTESIAN_POINT ( 'NONE',  ( -0.4114119550558796856, 0.1555118110236158591, -0.3425196849284515843 ) ) ;
#9936 = CARTESIAN_POINT ( 'NONE',  ( 5.368377181713155417E-06, 0.3937007868976379887, -0.1299212597600833408 ) ) ;
#9937 = VECTOR ( 'NONE', #7696, 39.37007874015748143 ) ;
#9938 = CARTESIAN_POINT ( 'NONE',  ( -0.1161363645047149701, -0.02604684405930242710, -0.3405511809914504862 ) ) ;
#9939 = AXIS2_PLACEMENT_3D ( 'NONE', #3756, #1358, #10126 ) ;
#9940 = ORIENTED_EDGE ( 'NONE', *, *, #1225, .T. ) ;
#9941 = EDGE_LOOP ( 'NONE', ( #8323, #5458, #9371, #9129, #7996, #4713, #10169, #3256 ) ) ;
#9942 = VERTEX_POINT ( 'NONE', #2750 ) ;
#9943 = VERTEX_POINT ( 'NONE', #2966 ) ;
#9944 = VECTOR ( 'NONE', #5350, 39.37007874015748143 ) ;
#9945 = AXIS2_PLACEMENT_3D ( 'NONE', #9880, #6740, #2735 ) ;
#9946 = ADVANCED_FACE ( 'NONE', ( #2804 ), #4363, .T. ) ;
#9947 = DIRECTION ( 'NONE',  ( -0.9999999991463189852, 0.000000000000000000, -4.132023648018220161E-05 ) ) ;
#9948 = ORIENTED_EDGE ( 'NONE', *, *, #3332, .T. ) ;
#9949 = LINE ( 'NONE', #3576, #9540 ) ;
#9950 = CARTESIAN_POINT ( 'NONE',  ( -0.3582629985728645883, 0.01377952755905360177, -0.1161565358927705849 ) ) ;
#9951 = LINE ( 'NONE', #4412, #4931 ) ;
#9952 = LINE ( 'NONE', #6703, #2765 ) ;
#9953 = CARTESIAN_POINT ( 'NONE',  ( -0.5649552621425060206, 0.2578329338022889994, 0.0009842520794122130469 ) ) ;
#9954 = CARTESIAN_POINT ( 'NONE',  ( -0.5137741597803073823, 0.01968503937007875723, -0.3405511809914502086 ) ) ;
#9955 = ORIENTED_EDGE ( 'NONE', *, *, #5156, .T. ) ;
#9956 = AXIS2_PLACEMENT_3D ( 'NONE', #9473, #2321, #9623 ) ;
#9957 = VECTOR ( 'NONE', #8392, 39.37007874015748143 ) ;
#9958 = ORIENTED_EDGE ( 'NONE', *, *, #7815, .T. ) ;
#9959 = PLANE ( 'NONE',  #757 ) ;
#9960 = ORIENTED_EDGE ( 'NONE', *, *, #7027, .T. ) ;
#9961 = VECTOR ( 'NONE', #3337, 39.37007874015748143 ) ;
#9962 = DIRECTION ( 'NONE',  ( 1.000000000000000000, -1.259585646868319844E-15, 1.320822031358179910E-15 ) ) ;
#9963 = CARTESIAN_POINT ( 'NONE',  ( -0.5649552621425060206, 0.4803560425758251484, -0.3277559054009105410 ) ) ;
#9964 = CARTESIAN_POINT ( 'NONE',  ( -0.3877899078117976184, 0.1240157480314862393, 0.02755905522902296276 ) ) ;
#9965 = DIRECTION ( 'NONE',  ( -4.132023649231338715E-05, 0.000000000000000000, 0.9999999991463189852 ) ) ;
#9966 = VERTEX_POINT ( 'NONE', #355 ) ;
#9967 = EDGE_CURVE ( 'NONE', #2751, #8499, #10140, .T. ) ;
#9968 = ADVANCED_FACE ( 'NONE', ( #9221 ), #514, .T. ) ;
#9969 = ORIENTED_EDGE ( 'NONE', *, *, #4094, .F. ) ;
#9970 = VECTOR ( 'NONE', #689, 39.37007874015748854 ) ;
#9971 = EDGE_CURVE ( 'NONE', #6160, #2291, #5303, .T. ) ;
#9972 = ORIENTED_EDGE ( 'NONE', *, *, #9655, .T. ) ;
#9973 = EDGE_CURVE ( 'NONE', #5366, #10301, #6085, .T. ) ;
#9974 = ORIENTED_EDGE ( 'NONE', *, *, #980, .F. ) ;
#9975 = ORIENTED_EDGE ( 'NONE', *, *, #4281, .T. ) ;
#9976 = DIRECTION ( 'NONE',  ( -2.220446049192149873E-16, 3.906641262108729963E-13, 1.000000000000000000 ) ) ;
#9977 = DIRECTION ( 'NONE',  ( -1.000000000000000000, -9.056962336419320517E-48, -4.078893220340669608E-32 ) ) ;
#9978 = EDGE_CURVE ( 'NONE', #8512, #2081, #5195, .T. ) ;
#9979 = SURFACE_STYLE_USAGE ( .BOTH. , #1321 ) ;
#9980 = CARTESIAN_POINT ( 'NONE',  ( -0.5531442385204589085, 0.2480314960629948773, 0.01377952766996799576 ) ) ;
#9981 = EDGE_CURVE ( 'NONE', #1268, #966, #9476, .T. ) ;
#9982 = DIRECTION ( 'NONE',  ( -1.000000000000000000, 0.000000000000000000, -1.734723475976807726E-14 ) ) ;
#9983 = LINE ( 'NONE', #5894, #9386 ) ;
#9984 = ORIENTED_EDGE ( 'NONE', *, *, #3485, .T. ) ;
#9985 = VERTEX_POINT ( 'NONE', #1244 ) ;
#9986 = CARTESIAN_POINT ( 'NONE',  ( -0.2952734754950800400, 0.01377952755905360177, -0.05316180711442927004 ) ) ;
#9987 = ORIENTED_EDGE ( 'NONE', *, *, #3017, .T. ) ;
#9988 = DIRECTION ( 'NONE',  ( 0.9999999991463190963, 1.836940359963930726E-16, 4.132023649070880859E-05 ) ) ;
#9989 = CARTESIAN_POINT ( 'NONE',  ( -0.4074749471818818747, -0.1035381541744162109, 0.01041691224497222519 ) ) ;
#9990 = ADVANCED_FACE ( 'NONE', ( #8486 ), #1351, .F. ) ;
#9991 = DIRECTION ( 'NONE',  ( 1.000000000000000000, 5.158789017058210023E-16, 1.719596339019399890E-16 ) ) ;
#9992 = CARTESIAN_POINT ( 'NONE',  ( -0.4074749471818807645, -0.1082677165354328924, -0.3262529570661539813 ) ) ;
#9993 = CARTESIAN_POINT ( 'NONE',  ( -2.731847993664263218E-16, 0.4645669291338582196, -0.01970781430357135613 ) ) ;
#9994 = CARTESIAN_POINT ( 'NONE',  ( -0.4271520147045647642, 0.1102362204641720578, 2.756013877306649359E-10 ) ) ;
#9995 = VERTEX_POINT ( 'NONE', #10117 ) ;
#9996 = VERTEX_POINT ( 'NONE', #4415 ) ;
#9997 = ORIENTED_EDGE ( 'NONE', *, *, #7036, .T. ) ;
#9998 = EDGE_LOOP ( 'NONE', ( #3034, #4846, #9775, #3043 ) ) ;
#9999 = DIRECTION ( 'NONE',  ( -4.132023653784854347E-05, 0.000000000000000000, 0.9999999991463189852 ) ) ;
#10000 = VERTEX_POINT ( 'NONE', #1974 ) ;
#10001 = CARTESIAN_POINT ( 'NONE',  ( -0.5531442385204589085, 0.2480314960629948773, -0.3364685038260962213 ) ) ;
#10002 = EDGE_CURVE ( 'NONE', #8835, #8525, #461, .T. ) ;
#10003 = CARTESIAN_POINT ( 'NONE',  ( -0.4114119550558916760, 0.1555118110236218543, 0.01574803160697565291 ) ) ;
#10004 = DIRECTION ( 'NONE',  ( 0.3713906763540927858, 3.923298329116178457E-13, -0.9284766908852637446 ) ) ;
#10005 = LINE ( 'NONE', #5817, #8766 ) ;
#10006 = CARTESIAN_POINT ( 'NONE',  ( -0.4783410889141597178, 0.01968503937007875723, 0.001968504047920685909 ) ) ;
#10007 = CARTESIAN_POINT ( 'NONE',  ( -0.5196842254821751883, 0.4645669291338582196, -0.01970781430357135613 ) ) ;
#10008 = VERTEX_POINT ( 'NONE', #2075 ) ;
#10009 = ORIENTED_EDGE ( 'NONE', *, *, #9559, .T. ) ;
#10010 = CARTESIAN_POINT ( 'NONE',  ( -0.4370025062369939928, -0.1082677165354328924, 0.001968504047920685909 ) ) ;
#10011 = VECTOR ( 'NONE', #3065, 39.37007874015748143 ) ;
#10012 = ORIENTED_EDGE ( 'NONE', *, *, #2261, .T. ) ;
#10013 = LINE ( 'NONE', #581, #10023 ) ;
#10014 = DIRECTION ( 'NONE',  ( -1.818325892556190617E-14, -0.8576492831063052824, 0.5142350699701843109 ) ) ;
#10015 = DIRECTION ( 'NONE',  ( 9.634711363903441210E-15, 1.000000000000000000, 1.858758531074984740E-28 ) ) ;
#10016 = LINE ( 'NONE', #8340, #810 ) ;
#10017 = VECTOR ( 'NONE', #1871, 39.37007874015748143 ) ;
#10018 = ORIENTED_EDGE ( 'NONE', *, *, #3734, .T. ) ;
#10019 = ORIENTED_EDGE ( 'NONE', *, *, #5209, .F. ) ;
#10020 = EDGE_CURVE ( 'NONE', #5323, #295, #6812, .T. ) ;
#10021 = EDGE_LOOP ( 'NONE', ( #768, #2078, #639, #9728 ) ) ;
#10022 = CARTESIAN_POINT ( 'NONE',  ( -0.5649552621425060206, 0.4862204724409451839, -0.3354368577407553786 ) ) ;
#10023 = VECTOR ( 'NONE', #3694, 39.37007874015748143 ) ;
#10024 = LINE ( 'NONE', #8403, #3709 ) ;
#10025 = CARTESIAN_POINT ( 'NONE',  ( 0.1574856827393862624, 0.2755905511811020947, -0.1299212597316068418 ) ) ;
#10026 = CARTESIAN_POINT ( 'NONE',  ( -0.4507820337960491974, 0.1240157480314958149, 1.109012815963963258E-10 ) ) ;
#10027 = CYLINDRICAL_SURFACE ( 'NONE', #896, 0.02362204724409448092 ) ;
#10028 = VERTEX_POINT ( 'NONE', #816 ) ;
#10029 = EDGE_CURVE ( 'NONE', #9400, #1552, #9574, .T. ) ;
#10030 = VECTOR ( 'NONE', #1652, 39.37007874015748143 ) ;
#10031 = ORIENTED_EDGE ( 'NONE', *, *, #4868, .T. ) ;
#10032 = EDGE_CURVE ( 'NONE', #479, #4541, #5648, .T. ) ;
#10033 = EDGE_CURVE ( 'NONE', #7937, #6577, #5546, .T. ) ;
#10034 = CIRCLE ( 'NONE', #6690, 0.01181102362204724046 ) ;
#10036 = PLANE ( 'NONE',  #8848 ) ;
#10035 = VECTOR ( 'NONE', #6566, 39.37007874015748143 ) ;
#10037 = VERTEX_POINT ( 'NONE', #5597 ) ;
#10038 = CARTESIAN_POINT ( 'NONE',  ( -0.2795253626741952546, 0.01968503937007875723, -0.05316115639868267129 ) ) ;
#10039 = CARTESIAN_POINT ( 'NONE',  ( -0.4074749471818807645, -0.1082677165354372639, 0.01258466267188125716 ) ) ;
#10040 = CARTESIAN_POINT ( 'NONE',  ( -0.4547190416700650495, 0.1476377952755860423, -0.3543307085505046361 ) ) ;
#10041 = CARTESIAN_POINT ( 'NONE',  ( -0.4251975007468460910, 0.1653543307150614206, -0.005923081058875487130 ) ) ;
#10042 = CARTESIAN_POINT ( 'NONE',  ( -0.3562858729722800377, 0.2834645669208620267, 2.755989334384274202E-10 ) ) ;
#10043 = PLANE ( 'NONE',  #4208 ) ;
#10044 = ORIENTED_EDGE ( 'NONE', *, *, #6338, .F. ) ;
#10045 = ADVANCED_FACE ( 'NONE', ( #6328 ), #8780, .T. ) ;
#10046 = ORIENTED_EDGE ( 'NONE', *, *, #5391, .F. ) ;
#10047 = CIRCLE ( 'NONE', #3374, 0.04527559055118110520 ) ;
#10048 = VECTOR ( 'NONE', #314, 39.37007874015748143 ) ;
#10050 = EDGE_LOOP ( 'NONE', ( #4885, #9678, #1808, #6964 ) ) ;
#10049 = ADVANCED_FACE ( 'NONE', ( #128 ), #9626, .F. ) ;
#10051 = ORIENTED_EDGE ( 'NONE', *, *, #9274, .F. ) ;
#10052 = CARTESIAN_POINT ( 'NONE',  ( -2.802040287285946161E-16, 0.3592516061427099561, -0.1482300409485366732 ) ) ;
#10053 = ORIENTED_EDGE ( 'NONE', *, *, #9006, .F. ) ;
#10054 = DIRECTION ( 'NONE',  ( 1.000000000000000000, 9.056962336419320517E-48, 4.078893220340669608E-32 ) ) ;
#10055 = CARTESIAN_POINT ( 'NONE',  ( -0.4665300652921126612, -0.03212048658943458118, 0.0002871963762553231009 ) ) ;
#10056 = AXIS2_PLACEMENT_3D ( 'NONE', #2344, #46, #8701 ) ;
#10057 = CARTESIAN_POINT ( 'NONE',  ( -0.4075055539863698950, -0.1096117967702553292, -0.3270588496554693303 ) ) ;
#10058 = VECTOR ( 'NONE', #2678, 39.37007874015748854 ) ;
#10059 = CARTESIAN_POINT ( 'NONE',  ( -0.5524794004147040027, 0.4844909035460374103, -0.009015872570242840223 ) ) ;
#10060 = CARTESIAN_POINT ( 'NONE',  ( -0.4507820337960491974, 0.1149606299212581617, -0.3287401573694028745 ) ) ;
#10061 = DIRECTION ( 'NONE',  ( 4.132023648008760497E-05, 0.000000000000000000, -0.9999999991463190963 ) ) ;
#10062 = CARTESIAN_POINT ( 'NONE',  ( -0.1161057577002255481, -0.1096117967702591317, -0.3270588496554717173 ) ) ;
#10063 = ORIENTED_EDGE ( 'NONE', *, *, #9065, .F. ) ;
#10064 = EDGE_CURVE ( 'NONE', #4088, #4257, #3159, .T. ) ;
#10066 = ORIENTED_EDGE ( 'NONE', *, *, #5943, .F. ) ;
#10065 = EDGE_CURVE ( 'NONE', #1164, #8856, #6137, .T. ) ;
#10067 = VECTOR ( 'NONE', #8264, 39.37007874015748143 ) ;
#10068 = CARTESIAN_POINT ( 'NONE',  ( -0.5649552621425060206, 0.2342519685039300692, 0.007874015858944203791 ) ) ;
#10069 = DIRECTION ( 'NONE',  ( 0.000000000000000000, -1.000000000000000000, -7.812564189785108689E-16 ) ) ;
#10070 = ORIENTED_EDGE ( 'NONE', *, *, #9913, .F. ) ;
#10071 = FACE_OUTER_BOUND ( 'NONE', #8894, .T. ) ;
#10072 = LINE ( 'NONE', #2920, #2283 ) ;
#10073 = CARTESIAN_POINT ( 'NONE',  ( -0.5374758135490458333, 0.2480314960629948773, 0.009696850504613734392 ) ) ;
#10074 = CARTESIAN_POINT ( 'NONE',  ( -0.1297564568935361817, -0.1299212598478130809, -0.08661417295264810245 ) ) ;
#10075 = AXIS2_PLACEMENT_3D ( 'NONE', #7205, #3890, #6371 ) ;
#10076 = VERTEX_POINT ( 'NONE', #3992 ) ;
#10077 = ORIENTED_EDGE ( 'NONE', *, *, #9331, .T. ) ;
#10078 = AXIS2_PLACEMENT_3D ( 'NONE', #649, #6314, #6261 ) ;
#10079 = VERTEX_POINT ( 'NONE', #4036 ) ;
#10080 = ORIENTED_EDGE ( 'NONE', *, *, #9729, .F. ) ;
#10081 = LINE ( 'NONE', #3552, #8265 ) ;
#10082 = CARTESIAN_POINT ( 'NONE',  ( -0.3169157942321246813, 0.3622047244011780687, 2.755994898612267648E-10 ) ) ;
#10083 = CARTESIAN_POINT ( 'NONE',  ( -0.3877899078117976184, 0.2224409448818800150, -0.3425196849284575795 ) ) ;
#10084 = CARTESIAN_POINT ( 'NONE',  ( -0.5531442385204589085, 0.4822834645669287768, -0.001968503826094902039 ) ) ;
#10085 = VERTEX_POINT ( 'NONE', #172 ) ;
#10086 = VERTEX_POINT ( 'NONE', #3940 ) ;
#10087 = EDGE_CURVE ( 'NONE', #261, #4919, #1644, .T. ) ;
#10088 = DIRECTION ( 'NONE',  ( 1.320822031358179910E-15, 0.000000000000000000, -1.000000000000000000 ) ) ;
#10089 = EDGE_LOOP ( 'NONE', ( #8233, #8703 ) ) ;
#10090 = ORIENTED_EDGE ( 'NONE', *, *, #3220, .F. ) ;
#10091 = DIRECTION ( 'NONE',  ( 1.956239355474899994E-14, -2.220446049250560093E-16, -1.000000000000000000 ) ) ;
#10092 = CARTESIAN_POINT ( 'NONE',  ( -0.1736087076179499700, 0.07283464566101865989, 2.756008457320229957E-10 ) ) ;
#10093 = DIRECTION ( 'NONE',  ( 2.984032524928865199E-21, -1.000000000000000000, -7.221721790026230519E-17 ) ) ;
#10094 = LINE ( 'NONE', #2108, #3784 ) ;
#10095 = CARTESIAN_POINT ( 'NONE',  ( 1.512906292618300581E-05, 0.3937007868406843802, -0.3661417310787717372 ) ) ;
#10096 = DIRECTION ( 'NONE',  ( -4.078893220340669608E-32, 2.220446049250309876E-16, 1.000000000000000000 ) ) ;
#10097 = ORIENTED_EDGE ( 'NONE', *, *, #3097, .F. ) ;
#10098 = EDGE_CURVE ( 'NONE', #2112, #4502, #26, .T. ) ;
#10099 = ORIENTED_EDGE ( 'NONE', *, *, #3982, .F. ) ;
#10100 = ADVANCED_FACE ( 'NONE', ( #8045 ), #4863, .T. ) ;
#10101 = AXIS2_PLACEMENT_3D ( 'NONE', #6901, #10091, #2942 ) ;
#10102 = AXIS2_PLACEMENT_3D ( 'NONE', #5635, #2600, #3335 ) ;
#10103 = ORIENTED_EDGE ( 'NONE', *, *, #912, .T. ) ;
#10104 = ORIENTED_EDGE ( 'NONE', *, *, #848, .F. ) ;
#10105 = ADVANCED_FACE ( 'NONE', ( #9721 ), #1686, .F. ) ;
#10106 = EDGE_CURVE ( 'NONE', #633, #6086, #1545, .T. ) ;
#10107 = CARTESIAN_POINT ( 'NONE',  ( -0.5314959760867346006, 0.2480314960629924070, -0.002114173117433575458 ) ) ;
#10108 = ORIENTED_EDGE ( 'NONE', *, *, #7636, .F. ) ;
#10109 = CARTESIAN_POINT ( 'NONE',  ( -2.731847993664263218E-16, 0.01968503937007875723, -0.3228450628684350066 ) ) ;
#10110 = AXIS2_PLACEMENT_3D ( 'NONE', #5636, #6996, #3037 ) ;
#10111 = CARTESIAN_POINT ( 'NONE',  ( -0.4665300652921126612, -0.1156854393858063462, 0.001968504047920685909 ) ) ;
#10112 = DIRECTION ( 'NONE',  ( 1.000000000000000000, 0.000000000000000000, -8.131516293641262547E-16 ) ) ;
#10113 = DIRECTION ( 'NONE',  ( 0.000000000000000000, -0.8576492805176875178, -0.5142350742875216874 ) ) ;
#10114 = DIRECTION ( 'NONE',  ( 5.551115123125779621E-17, 1.636020887289085065E-32, 1.000000000000000000 ) ) ;
#10115 = CYLINDRICAL_SURFACE ( 'NONE', #3206, 0.01181102362204724567 ) ;
#10116 = EDGE_CURVE ( 'NONE', #10086, #749, #4720, .T. ) ;
#10117 = CARTESIAN_POINT ( 'NONE',  ( -0.5527505377330569347, 0.2480314960629948773, -0.3364685038260962213 ) ) ;
#10118 = ORIENTED_EDGE ( 'NONE', *, *, #6562, .F. ) ;
#10119 = AXIS2_PLACEMENT_3D ( 'NONE', #4048, #2336, #8004 ) ;
#10120 = VECTOR ( 'NONE', #5703, 39.37007874015748854 ) ;
#10121 = ORIENTED_EDGE ( 'NONE', *, *, #8695, .T. ) ;
#10122 = CARTESIAN_POINT ( 'NONE',  ( -0.4507820337960491974, 0.1070866141732248061, -0.3405511809914499310 ) ) ;
#10123 = CARTESIAN_POINT ( 'NONE',  ( -0.4507820337960491974, 0.1555118110236150264, -0.3267716534323832356 ) ) ;
#10124 = VERTEX_POINT ( 'NONE', #4085 ) ;
#10125 = DIRECTION ( 'NONE',  ( 0.9999999991463188742, 2.049754205360078495E-12, 4.132024180888993221E-05 ) ) ;
#10126 = DIRECTION ( 'NONE',  ( 2.891205805630489746E-16, -1.000000000000000000, 0.000000000000000000 ) ) ;
#10127 = VECTOR ( 'NONE', #9867, 39.37007874015748143 ) ;
#10128 = VECTOR ( 'NONE', #9685, 39.37007874015748143 ) ;
#10129 = PLANE ( 'NONE',  #6883 ) ;
#10130 = EDGE_CURVE ( 'NONE', #7209, #2767, #2373, .T. ) ;
#10131 = LINE ( 'NONE', #5935, #964 ) ;
#10132 = VECTOR ( 'NONE', #8755, 39.37007874015748854 ) ;
#10133 = ORIENTED_EDGE ( 'NONE', *, *, #2320, .F. ) ;
#10134 = ORIENTED_EDGE ( 'NONE', *, *, #9609, .T. ) ;
#10135 = DIRECTION ( 'NONE',  ( 0.9999999991463189852, 1.626303258809639733E-16, 4.132023647752944349E-05 ) ) ;
#10136 = CYLINDRICAL_SURFACE ( 'NONE', #3951, 0.007874015748031516770 ) ;
#10137 = CARTESIAN_POINT ( 'NONE',  ( -0.4551685378474703558, 0.1240157480314892507, 0.01096626023946754673 ) ) ;
#10138 = DIRECTION ( 'NONE',  ( 1.951563910473919972E-14, 0.000000000000000000, -1.000000000000000000 ) ) ;
#10139 = DIRECTION ( 'NONE',  ( 1.734723475976807726E-14, 0.000000000000000000, -1.000000000000000000 ) ) ;
#10140 = CIRCLE ( 'NONE', #819, 0.01181102362204724046 ) ;
#10141 = DIRECTION ( 'NONE',  ( 2.023844055306275469E-14, 0.000000000000000000, -1.000000000000000000 ) ) ;
#10142 = ORIENTED_EDGE ( 'NONE', *, *, #753, .F. ) ;
#10143 = EDGE_CURVE ( 'NONE', #7791, #1300, #1140, .T. ) ;
#10144 = ORIENTED_EDGE ( 'NONE', *, *, #1629, .T. ) ;
#10145 = PLANE ( 'NONE',  #3192 ) ;
#10146 = ORIENTED_EDGE ( 'NONE', *, *, #2147, .F. ) ;
#10147 = EDGE_LOOP ( 'NONE', ( #7728, #7593, #7003, #2589, #9171, #1677 ) ) ;
#10148 = FACE_OUTER_BOUND ( 'NONE', #2426, .T. ) ;
#10149 = FACE_BOUND ( 'NONE', #8844, .T. ) ;
#10150 = PLANE ( 'NONE',  #7947 ) ;
#10151 = LINE ( 'NONE', #3726, #7778 ) ;
#10152 = LINE ( 'NONE', #9317, #3549 ) ;
#10153 = LINE ( 'NONE', #2894, #3059 ) ;
#10154 = VERTEX_POINT ( 'NONE', #5690 ) ;
#10155 = ORIENTED_EDGE ( 'NONE', *, *, #4234, .F. ) ;
#10156 = AXIS2_PLACEMENT_3D ( 'NONE', #6569, #3607, #431 ) ;
#10157 = ORIENTED_EDGE ( 'NONE', *, *, #234, .F. ) ;
#10158 = CARTESIAN_POINT ( 'NONE',  ( -0.5489464813549991273, 0.02160053211372144066, -2.268259844374931908E-05 ) ) ;
#10159 = VERTEX_POINT ( 'NONE', #8875 ) ;
#10160 = CARTESIAN_POINT ( 'NONE',  ( -0.3641670559908462002, -0.1299249897052115188, -0.1161394933479072689 ) ) ;
#10161 = EDGE_CURVE ( 'NONE', #1436, #9180, #7457, .T. ) ;
#10162 = FACE_OUTER_BOUND ( 'NONE', #7526, .T. ) ;
#10163 = FACE_OUTER_BOUND ( 'NONE', #526, .T. ) ;
#10164 = CARTESIAN_POINT ( 'NONE',  ( -0.1476244556650229689, 0.01968503937007875723, -0.1161417320077678811 ) ) ;
#10165 = CARTESIAN_POINT ( 'NONE',  ( -0.4586560495440809571, 0.1543307086614156831, -0.3405511809914499310 ) ) ;
#10166 = LINE ( 'NONE', #7024, #3533 ) ;
#10167 = ORIENTED_EDGE ( 'NONE', *, *, #8995, .T. ) ;
#10168 = EDGE_CURVE ( 'NONE', #5318, #5069, #4335, .T. ) ;
#10169 = ORIENTED_EDGE ( 'NONE', *, *, #5885, .T. ) ;
#10170 = LINE ( 'NONE', #3022, #6375 ) ;
#10171 = LINE ( 'NONE', #4644, #4586 ) ;
#10172 = VERTEX_POINT ( 'NONE', #8351 ) ;
#10173 = EDGE_CURVE ( 'NONE', #7838, #6349, #2616, .T. ) ;
#10174 = CARTESIAN_POINT ( 'NONE',  ( -0.4074749471818818747, -0.02604684404438053005, 0.001968504047920685909 ) ) ;
#10175 = LINE ( 'NONE', #2977, #1611 ) ;
#10176 = DIRECTION ( 'NONE',  ( 1.608082204351299748E-16, 1.000000000000000000, 0.000000000000000000 ) ) ;
#10177 = DIRECTION ( 'NONE',  ( 1.098777426433149983E-15, -1.384004275438106301E-30, -1.000000000000000000 ) ) ;
#10178 = EDGE_LOOP ( 'NONE', ( #239, #10313 ) ) ;
#10179 = EDGE_CURVE ( 'NONE', #2566, #293, #9491, .T. ) ;
#10180 = ORIENTED_EDGE ( 'NONE', *, *, #9083, .F. ) ;
#10181 = ADVANCED_FACE ( 'NONE', ( #6730 ), #5893, .T. ) ;
#10182 = ORIENTED_EDGE ( 'NONE', *, *, #3419, .T. ) ;
#10183 = CARTESIAN_POINT ( 'NONE',  ( -0.4665300652921126612, -0.07086614189298755251, 0.01377952766996362426 ) ) ;
#10184 = CARTESIAN_POINT ( 'NONE',  ( -0.4114119550558916760, 0.1240157480314862393, -0.3425196849284564693 ) ) ;
#10185 = CARTESIAN_POINT ( 'NONE',  ( -0.5527505377330569347, 0.4862204724409451839, -0.3405511809914502086 ) ) ;
#10186 = DIRECTION ( 'NONE',  ( 1.000000000000000000, 0.000000000000000000, 1.850371707708594129E-14 ) ) ;
#10187 = CIRCLE ( 'NONE', #5343, 0.01181102362204724567 ) ;
#10188 = LINE ( 'NONE', #7784, #5399 ) ;
#10189 = DIRECTION ( 'NONE',  ( 5.551115123125779621E-17, 1.636020887289085065E-32, 1.000000000000000000 ) ) ;
#10190 = ORIENTED_EDGE ( 'NONE', *, *, #1074, .F. ) ;
#10191 = EDGE_CURVE ( 'NONE', #10000, #4055, #5791, .T. ) ;
#10192 = ORIENTED_EDGE ( 'NONE', *, *, #3332, .F. ) ;
#10193 = EDGE_CURVE ( 'NONE', #7309, #5355, #2723, .T. ) ;
#10194 = VECTOR ( 'NONE', #1272, 39.37007874015748143 ) ;
#10195 = DIRECTION ( 'NONE',  ( 4.078893220340669608E-32, -2.220446049250309876E-16, -1.000000000000000000 ) ) ;
#10196 = ORIENTED_EDGE ( 'NONE', *, *, #3548, .F. ) ;
#10197 = ORIENTED_EDGE ( 'NONE', *, *, #2143, .F. ) ;
#10198 = DIRECTION ( 'NONE',  ( 0.9999999991463189852, -1.233581138511403903E-16, 4.132023649254224867E-05 ) ) ;
#10199 = FACE_OUTER_BOUND ( 'NONE', #167, .T. ) ;
#10200 = CARTESIAN_POINT ( 'NONE',  ( -0.3169297843102342194, 0.4074803149549245385, -0.005918607411225624941 ) ) ;
#10201 = CARTESIAN_POINT ( 'NONE',  ( -0.5531442385204589085, 0.4862204724409451839, -0.1633858266607408349 ) ) ;
#10202 = CARTESIAN_POINT ( 'NONE',  ( -0.1496041842881376538, 0.04133858268976527833, -0.05315578802486194826 ) ) ;
#10203 = LINE ( 'NONE', #9258, #4052 ) ;
#10204 = ORIENTED_EDGE ( 'NONE', *, *, #7454, .F. ) ;
#10205 = ORIENTED_EDGE ( 'NONE', *, *, #8571, .T. ) ;
#10206 = VECTOR ( 'NONE', #6754, 39.37007874015748854 ) ;
#10207 = AXIS2_PLACEMENT_3D ( 'NONE', #4464, #8533, #9376 ) ;
#10208 = DIRECTION ( 'NONE',  ( 0.9999999991463190963, 0.000000000000000000, 4.132023648029411838E-05 ) ) ;
#10209 = ORIENTED_EDGE ( 'NONE', *, *, #5452, .F. ) ;
#10210 = CARTESIAN_POINT ( 'NONE',  ( 0.1574856827393838199, 0.3684565710962909302, -0.1299212597316068418 ) ) ;
#10211 = DIRECTION ( 'NONE',  ( 8.466415384531749193E-16, -9.958396954279598582E-17, 1.000000000000000000 ) ) ;
#10212 = DIRECTION ( 'NONE',  ( 4.132023647999849710E-05, 0.000000000000000000, -0.9999999991463189852 ) ) ;
#10213 = LINE ( 'NONE', #2232, #8268 ) ;
#10214 = DIRECTION ( 'NONE',  ( -1.000000000000000000, 0.000000000000000000, 0.000000000000000000 ) ) ;
#10215 = LINE ( 'NONE', #5510, #204 ) ;
#10216 = VECTOR ( 'NONE', #7080, 39.37007874015748143 ) ;
#10217 = VERTEX_POINT ( 'NONE', #5840 ) ;
#10218 = VECTOR ( 'NONE', #7572, 39.37007874015748143 ) ;
#10219 = ORIENTED_EDGE ( 'NONE', *, *, #8811, .F. ) ;
#10220 = CIRCLE ( 'NONE', #7705, 0.03149606299212599769 ) ;
#10221 = VECTOR ( 'NONE', #2769, 39.37007874015748143 ) ;
#10222 = CARTESIAN_POINT ( 'NONE',  ( -0.03936788255224559635, 0.4645669291338582196, -0.05315123303480008554 ) ) ;
#10223 = DIRECTION ( 'NONE',  ( -2.796841973281160348E-31, -2.220446049250309876E-16, -1.000000000000000000 ) ) ;
#10224 = ORIENTED_EDGE ( 'NONE', *, *, #1074, .T. ) ;
#10225 = DIRECTION ( 'NONE',  ( -8.431192517898690107E-32, -1.000000000000000000, -9.958396954279598582E-17 ) ) ;
#10226 = EDGE_CURVE ( 'NONE', #9914, #8886, #9026, .T. ) ;
#10227 = DIRECTION ( 'NONE',  ( 1.000000000000000000, 0.000000000000000000, -8.466415384531750179E-16 ) ) ;
#10228 = DIRECTION ( 'NONE',  ( -1.098777426433149983E-15, 2.220446049250329844E-16, 1.000000000000000000 ) ) ;
#10229 = FACE_OUTER_BOUND ( 'NONE', #2355, .T. ) ;
#10230 = ORIENTED_EDGE ( 'NONE', *, *, #9854, .T. ) ;
#10231 = AXIS2_PLACEMENT_3D ( 'NONE', #834, #3855, #7179 ) ;
#10232 = VECTOR ( 'NONE', #1096, 39.37007874015748143 ) ;
#10233 = VECTOR ( 'NONE', #6979, 39.37007874015748854 ) ;
#10234 = EDGE_CURVE ( 'NONE', #9229, #5814, #8975, .T. ) ;
#10235 = EDGE_CURVE ( 'NONE', #6472, #7187, #1159, .T. ) ;
#10236 = ORIENTED_EDGE ( 'NONE', *, *, #3338, .F. ) ;
#10237 = ORIENTED_EDGE ( 'NONE', *, *, #8232, .T. ) ;
#10238 = ADVANCED_FACE ( 'NONE', ( #8303 ), #5011, .T. ) ;
#10239 = CIRCLE ( 'NONE', #5726, 0.1210629921776709139 ) ;
#10240 = DIRECTION ( 'NONE',  ( 1.098777426433149983E-15, -2.220446049250329844E-16, -1.000000000000000000 ) ) ;
#10241 = FACE_OUTER_BOUND ( 'NONE', #5141, .T. ) ;
#10242 = DIRECTION ( 'NONE',  ( -1.000000000000000000, -6.123638448986479919E-17, 6.245969335281450904E-16 ) ) ;
#10243 = LINE ( 'NONE', #6260, #2136 ) ;
#10244 = DIRECTION ( 'NONE',  ( 1.000000000000000000, -1.105633362946382197E-14, 1.843992577158445299E-14 ) ) ;
#10245 = EDGE_CURVE ( 'NONE', #6710, #229, #8967, .T. ) ;
#10246 = ORIENTED_EDGE ( 'NONE', *, *, #9774, .T. ) ;
#10247 = VECTOR ( 'NONE', #2917, 39.37007874015748143 ) ;
#10248 = ORIENTED_EDGE ( 'NONE', *, *, #6338, .T. ) ;
#10249 = ORIENTED_EDGE ( 'NONE', *, *, #6798, .T. ) ;
#10250 = ORIENTED_EDGE ( 'NONE', *, *, #8318, .F. ) ;
#10251 = CARTESIAN_POINT ( 'NONE',  ( -0.1161363645047152615, -0.1087159368699739670, -0.3265217040030008455 ) ) ;
#10252 = CARTESIAN_POINT ( 'NONE',  ( -0.1358134320429707498, -0.1003937007926954950, -0.08661417295264810245 ) ) ;
#10253 = CARTESIAN_POINT ( 'NONE',  ( -0.5137741597803013871, 0.09834559032574947957, 0.009696850504613734392 ) ) ;
#10254 = CARTESIAN_POINT ( 'NONE',  ( -0.1496015814385955323, 0.02755905513139873461, -0.1161479139536627792 ) ) ;
#10255 = CARTESIAN_POINT ( 'NONE',  ( -0.4655831663320439406, -0.1156854393858060687, 0.001968504047920685909 ) ) ;
#10256 = ADVANCED_FACE ( 'NONE', ( #3452 ), #5166, .T. ) ;
#10257 = DIRECTION ( 'NONE',  ( 1.007327574855612129E-30, -1.000000000000000000, -6.459479416000690079E-16 ) ) ;
#10258 = ADVANCED_FACE ( 'NONE', ( #6627 ), #5066, .F. ) ;
#10259 = ORIENTED_EDGE ( 'NONE', *, *, #2454, .F. ) ;
#10260 = ORIENTED_EDGE ( 'NONE', *, *, #2714, .F. ) ;
#10261 = DIRECTION ( 'NONE',  ( 2.669653749418998242E-16, -1.000000000000000000, 0.000000000000000000 ) ) ;
#10262 = VERTEX_POINT ( 'NONE', #5741 ) ;
#10263 = CARTESIAN_POINT ( 'NONE',  ( -0.05314155368975069516, 0.1104810150649237765, -0.1948840044126618765 ) ) ;
#10264 = FACE_OUTER_BOUND ( 'NONE', #715, .T. ) ;
#10265 = LINE ( 'NONE', #3901, #9944 ) ;
#10266 = CARTESIAN_POINT ( 'NONE',  ( -0.5137741597803013871, 0.2480314960629948773, -0.3405511809914502086 ) ) ;
#10267 = DIRECTION ( 'NONE',  ( 1.000000000000000000, 0.000000000000000000, 0.000000000000000000 ) ) ;
#10268 = LINE ( 'NONE', #4734, #6711 ) ;
#10269 = ORIENTED_EDGE ( 'NONE', *, *, #9421, .T. ) ;
#10270 = ORIENTED_EDGE ( 'NONE', *, *, #9401, .T. ) ;
#10271 = ADVANCED_FACE ( 'NONE', ( #9870, #1005, #1787 ), #8251, .T. ) ;
#10272 = VERTEX_POINT ( 'NONE', #8198 ) ;
#10273 = VECTOR ( 'NONE', #5005, 39.37007874015748143 ) ;
#10274 = VECTOR ( 'NONE', #8338, 39.37007874015748143 ) ;
#10275 = CARTESIAN_POINT ( 'NONE',  ( -0.2972447449569596833, 0.4074803149549243719, -0.005917794020743732779 ) ) ;
#10276 = CARTESIAN_POINT ( 'NONE',  ( -0.03936926444221768712, 0.3231772573438815299, -0.01970781430357135613 ) ) ;
#10277 = ORIENTED_EDGE ( 'NONE', *, *, #1985, .F. ) ;
#10278 = DIRECTION ( 'NONE',  ( 6.123638448986479919E-17, -1.000000000000000000, -9.958396954279598582E-17 ) ) ;
#10279 = DIRECTION ( 'NONE',  ( 1.000000000000000000, 0.000000000000000000, 0.000000000000000000 ) ) ;
#10280 = FACE_OUTER_BOUND ( 'NONE', #42, .T. ) ;
#10281 = DIRECTION ( 'NONE',  ( -1.608082204351659665E-16, -1.000000000000000000, -2.539135841793694919E-31 ) ) ;
#10282 = ORIENTED_EDGE ( 'NONE', *, *, #3241, .F. ) ;
#10283 = VECTOR ( 'NONE', #3926, 39.37007874015748143 ) ;
#10284 = ORIENTED_EDGE ( 'NONE', *, *, #1132, .F. ) ;
#10285 = VECTOR ( 'NONE', #9148, 39.37007874015748143 ) ;
#10286 = CIRCLE ( 'NONE', #8612, 0.01181102362204724046 ) ;
#10287 = PLANE ( 'NONE',  #4099 ) ;
#10288 = DIRECTION ( 'NONE',  ( -1.000000000000000000, 9.634711363903441210E-15, -1.929231152724350329E-14 ) ) ;
#10289 = EDGE_CURVE ( 'NONE', #1504, #491, #1489, .T. ) ;
#10290 = EDGE_CURVE ( 'NONE', #8502, #18, #5136, .T. ) ;
#10291 = CARTESIAN_POINT ( 'NONE',  ( 5.367778754728508785E-06, 0.4711884688077120353, 0.01400230042844028203 ) ) ;
#10292 = LINE ( 'NONE', #2359, #2793 ) ;
#10293 = LINE ( 'NONE', #3093, #6061 ) ;
#10294 = ORIENTED_EDGE ( 'NONE', *, *, #2409, .F. ) ;
#10295 = CIRCLE ( 'NONE', #9295, 0.007874015748031516770 ) ;
#10296 = EDGE_CURVE ( 'NONE', #5775, #8064, #317, .T. ) ;
#10297 = AXIS2_PLACEMENT_3D ( 'NONE', #9911, #6038, #7446 ) ;
#10298 = EDGE_CURVE ( 'NONE', #8476, #4501, #4812, .T. ) ;
#10299 = ORIENTED_EDGE ( 'NONE', *, *, #876, .F. ) ;
#10300 = VERTEX_POINT ( 'NONE', #6109 ) ;
#10301 = VERTEX_POINT ( 'NONE', #5327 ) ;
#10302 = CARTESIAN_POINT ( 'NONE',  ( -0.2755905509458358438, 0.01377952755905360177, -1.138746674602552967E-05 ) ) ;
#10303 = VECTOR ( 'NONE', #5881, 39.37007874015748854 ) ;
#10304 = EDGE_CURVE ( 'NONE', #7241, #7646, #8509, .T. ) ;
#10305 = CARTESIAN_POINT ( 'NONE',  ( -0.4665300652921126612, -0.1156854394007110209, 0.01377952766995788753 ) ) ;
#10306 = DIRECTION ( 'NONE',  ( 0.000000000000000000, 1.000000000000000000, -2.220446041624741809E-16 ) ) ;
#10307 = LINE ( 'NONE', #6616, #7610 ) ;
#10308 = DIRECTION ( 'NONE',  ( 7.199976765929830832E-15, 0.5142350745801039791, 0.8576492803422590683 ) ) ;
#10309 = DIRECTION ( 'NONE',  ( 2.812918684041535140E-30, 9.958396954277208580E-17, -1.000000000000000000 ) ) ;
#10310 = CARTESIAN_POINT ( 'NONE',  ( -0.5531442385204589085, 0.01968503937007875723, -0.3405511809914502086 ) ) ;
#10311 = ORIENTED_EDGE ( 'NONE', *, *, #10304, .F. ) ;
#10312 = EDGE_CURVE ( 'NONE', #2900, #2390, #1373, .T. ) ;
#10313 = ORIENTED_EDGE ( 'NONE', *, *, #6463, .T. ) ;
#10314 = EDGE_CURVE ( 'NONE', #2439, #10300, #6893, .T. ) ;
#10315 = LINE ( 'NONE', #7850, #5054 ) ;
#10316 = ORIENTED_EDGE ( 'NONE', *, *, #3405, .F. ) ;
#10317 = CARTESIAN_POINT ( 'NONE',  ( -0.2795253626741974196, 0.01377952756604412625, -0.05316115639868376069 ) ) ;
#10318 = LINE ( 'NONE', #5558, #179 ) ;
#10319 = DIRECTION ( 'NONE',  ( 0.9284766908852915002, 0.000000000000000000, 0.3713906763540232858 ) ) ;
#10320 = PLANE ( 'NONE',  #951 ) ;
#10321 = DIRECTION ( 'NONE',  ( 4.132023649192669289E-05, 0.000000000000000000, -0.9999999991463189852 ) ) ;
#10322 = AXIS2_PLACEMENT_3D ( 'NONE', #2772, #7508, #5950 ) ;
#10323 = CARTESIAN_POINT ( 'NONE',  ( -0.5137741597803013871, 0.2480314960629948773, 0.009696850504613734392 ) ) ;
#10324 = VERTEX_POINT ( 'NONE', #701 ) ;
ENDSEC;
END-ISO-10303-21;
